{
  "meta": {
    "data_version": "1.0.0",
    "created": "2020-07-24",
    "revision": 1
  },
  "info": {
    "balls_per_over": 6,
    "dates": [
      "2017-01-03"
    ],
    "event": {
      "name": "Women's Big Bash League",
      "match_number": 30
    },
    "gender": "female",
    "match_type": "T20",
    "officials": {
      "match_referees": [
        "KD Perrin"
      ],
      "umpires": [
        "C Kemp",
        "C Thomas"
      ]
    },
    "outcome": {
      "winner": "Sydney Sixers",
      "by": {
        "wickets": 4
      }
    },
    "overs": 20,
    "player_of_match": [
      "EA Perry"
    ],
    "players": {
      "Adelaide Strikers": [
        "TT Beaumont",
        "A Price",
        "TM McGrath",
        "S Nitschke",
        "BE Patterson",
        "SJ Coyte",
        "SJ Elliott",
        "T Saville",
        "ML Schutt",
        "TJ McPharlin",
        "A Wellington"
      ],
      "Sydney Sixers": [
        "AJ Healy",
        "EA Perry",
        "A Gardner",
        "SJ McGlashan",
        "D van Niekerk",
        "M Kapp",
        "AR Reakes",
        "SE Aley",
        "LC Sthalekar",
        "EA Leys",
        "LG Smith"
      ]
    },
    "registry": {
      "people": {
        "A Gardner": "bc969efb",
        "A Price": "99e26cea",
        "A Wellington": "9b3bcca4",
        "AJ Healy": "321644de",
        "AR Reakes": "13781d43",
        "BE Patterson": "7dfbcfff",
        "C Kemp": "4ba47d5a",
        "C Thomas": "68664af7",
        "D van Niekerk": "8c5775f3",
        "EA Leys": "a6d06180",
        "EA Perry": "be150fc8",
        "KD Perrin": "6ce9da23",
        "LC Sthalekar": "6bb7a785",
        "LG Smith": "9c515112",
        "M Kapp": "63e3b6b3",
        "ML Schutt": "17608a6f",
        "S Nitschke": "3032933c",
        "SE Aley": "5be043df",
        "SJ Coyte": "a5f488bc",
        "SJ Elliott": "13f8d4b5",
        "SJ McGlashan": "af71535d",
        "T Saville": "2ef9bdcb",
        "TJ McPharlin": "595e1ee7",
        "TM McGrath": "ca5acfa4",
        "TT Beaumont": "b2664905"
      }
    },
    "season": "2016/17",
    "team_type": "club",
    "teams": [
      "Adelaide Strikers",
      "Sydney Sixers"
    ],
    "toss": {
      "decision": "bat",
      "winner": "Adelaide Strikers"
    },
    "venue": "Adelaide Oval"
  },
  "innings": [
    {
      "team": "Adelaide Strikers",
      "overs": [
        {
          "over": 0,
          "deliveries": [
            {
              "batter": "TT Beaumont",
              "bowler": "M Kapp",
              "non_striker": "A Price",
              "runs": {
                "batter": 0,
                "extras": 0,
                "total": 0
              }
            },
            {
              "batter": "TT Beaumont",
              "bowler": "M Kapp",
              "non_striker": "A Price",
              "runs": {
                "batter": 0,
                "extras": 0,
                "total": 0
              }
            },
            {
              "batter": "TT Beaumont",
              "bowler": "M Kapp",
              "non_striker": "A Price",
              "runs": {
                "batter": 0,
                "extras": 0,
                "total": 0
              }
            },
            {
              "batter": "TT Beaumont",
              "bowler": "M Kapp",
              "extras": {
                "legbyes": 1
              },
              "non_striker": "A Price",
              "runs": {
                "batter": 0,
                "extras": 1,
                "total": 1
              }
            },
            {
              "batter": "A Price",
              "bowler": "M Kapp",
              "non_striker": "TT Beaumont",
              "runs": {
                "batter": 1,
                "extras": 0,
                "total": 1
              }
            },
            {
              "batter": "TT Beaumont",
              "bowler": "M Kapp",
              "non_striker": "A Price",
              "runs": {
                "batter": 0,
                "extras": 0,
                "total": 0
              }
            }
          ]
        },
        {
          "over": 1,
          "deliveries": [
            {
              "batter": "A Price",
              "bowler": "EA Perry",
              "non_striker": "TT Beaumont",
              "runs": {
                "batter": 0,
                "extras": 0,
                "total": 0
              }
            },
            {
              "batter": "A Price",
              "bowler": "EA Perry",
              "non_striker": "TT Beaumont",
              "runs": {
                "batter": 0,
                "extras": 0,
                "total": 0
              }
            },
            {
              "batter": "A Price",
              "bowler": "EA Perry",
              "non_striker": "TT Beaumont",
              "runs": {
                "batter": 0,
                "extras": 0,
                "total": 0
              }
            },
            {
              "batter": "A Price",
              "bowler": "EA Perry",
              "non_striker": "TT Beaumont",
              "runs": {
                "batter": 1,
                "extras": 0,
                "total": 1
              }
            },
            {
              "batter": "TT Beaumont",
              "bowler": "EA Perry",
              "non_striker": "A Price",
              "runs": {
                "batter": 0,
                "extras": 0,
                "total": 0
              }
            },
            {
              "batter": "TT Beaumont",
              "bowler": "EA Perry",
              "non_striker": "A Price",
              "runs": {
                "batter": 0,
                "extras": 0,
                "total": 0
              }
            }
          ]
        },
        {
          "over": 2,
          "deliveries": [
            {
              "batter": "A Price",
              "bowler": "M Kapp",
              "non_striker": "TT Beaumont",
              "runs": {
                "batter": 0,
                "extras": 0,
                "total": 0
              }
            },
            {
              "batter": "A Price",
              "bowler": "M Kapp",
              "non_striker": "TT Beaumont",
              "runs": {
                "batter": 1,
                "extras": 0,
                "total": 1
              }
            },
            {
              "batter": "TT Beaumont",
              "bowler": "M Kapp",
              "non_striker": "A Price",
              "runs": {
                "batter": 4,
                "extras": 0,
                "total": 4
              }
            },
            {
              "batter": "TT Beaumont",
              "bowler": "M Kapp",
              "non_striker": "A Price",
              "runs": {
                "batter": 0,
                "extras": 0,
                "total": 0
              }
            },
            {
              "batter": "TT Beaumont",
              "bowler": "M Kapp",
              "non_striker": "A Price",
              "runs": {
                "batter": 0,
                "extras": 0,
                "total": 0
              }
            },
            {
              "batter": "TT Beaumont",
              "bowler": "M Kapp",
              "non_striker": "A Price",
              "runs": {
                "batter": 0,
                "extras": 0,
                "total": 0
              }
            }
          ]
        },
        {
          "over": 3,
          "deliveries": [
            {
              "batter": "A Price",
              "bowler": "SE Aley",
              "non_striker": "TT Beaumont",
              "runs": {
                "batter": 0,
                "extras": 0,
                "total": 0
              }
            },
            {
              "batter": "A Price",
              "bowler": "SE Aley",
              "non_striker": "TT Beaumont",
              "runs": {
                "batter": 0,
                "extras": 0,
                "total": 0
              }
            },
            {
              "batter": "A Price",
              "bowler": "SE Aley",
              "non_striker": "TT Beaumont",
              "runs": {
                "batter": 0,
                "extras": 0,
                "total": 0
              }
            },
            {
              "batter": "A Price",
              "bowler": "SE Aley",
              "non_striker": "TT Beaumont",
              "runs": {
                "batter": 4,
                "extras": 0,
                "total": 4
              }
            },
            {
              "batter": "A Price",
              "bowler": "SE Aley",
              "non_striker": "TT Beaumont",
              "runs": {
                "batter": 2,
                "extras": 0,
                "total": 2
              }
            },
            {
              "batter": "A Price",
              "bowler": "SE Aley",
              "extras": {
                "wides": 1
              },
              "non_striker": "TT Beaumont",
              "runs": {
                "batter": 0,
                "extras": 1,
                "total": 1
              },
              "wickets": [
                {
                  "player_out": "A Price",
                  "fielders": [
                    {
                      "name": "AJ Healy"
                    }
                  ],
                  "kind": "stumped"
                }
              ]
            },
            {
              "batter": "TM McGrath",
              "bowler": "SE Aley",
              "non_striker": "TT Beaumont",
              "runs": {
                "batter": 0,
                "extras": 0,
                "total": 0
              }
            }
          ]
        },
        {
          "over": 4,
          "deliveries": [
            {
              "batter": "TT Beaumont",
              "bowler": "M Kapp",
              "non_striker": "TM McGrath",
              "runs": {
                "batter": 0,
                "extras": 0,
                "total": 0
              }
            },
            {
              "batter": "TT Beaumont",
              "bowler": "M Kapp",
              "non_striker": "TM McGrath",
              "runs": {
                "batter": 0,
                "extras": 0,
                "total": 0
              }
            },
            {
              "batter": "TT Beaumont",
              "bowler": "M Kapp",
              "non_striker": "TM McGrath",
              "runs": {
                "batter": 1,
                "extras": 0,
                "total": 1
              }
            },
            {
              "batter": "TM McGrath",
              "bowler": "M Kapp",
              "non_striker": "TT Beaumont",
              "runs": {
                "batter": 0,
                "extras": 0,
                "total": 0
              }
            },
            {
              "batter": "TM McGrath",
              "bowler": "M Kapp",
              "non_striker": "TT Beaumont",
              "runs": {
                "batter": 0,
                "extras": 0,
                "total": 0
              }
            },
            {
              "batter": "TM McGrath",
              "bowler": "M Kapp",
              "non_striker": "TT Beaumont",
              "runs": {
                "batter": 0,
                "extras": 0,
                "total": 0
              }
            }
          ]
        },
        {
          "over": 5,
          "deliveries": [
            {
              "batter": "TT Beaumont",
              "bowler": "EA Perry",
              "non_striker": "TM McGrath",
              "runs": {
                "batter": 1,
                "extras": 0,
                "total": 1
              }
            },
            {
              "batter": "TM McGrath",
              "bowler": "EA Perry",
              "non_striker": "TT Beaumont",
              "runs": {
                "batter": 0,
                "extras": 0,
                "total": 0
              }
            },
            {
              "batter": "TM McGrath",
              "bowler": "EA Perry",
              "non_striker": "TT Beaumont",
              "runs": {
                "batter": 0,
                "extras": 0,
                "total": 0
              }
            },
            {
              "batter": "TM McGrath",
              "bowler": "EA Perry",
              "non_striker": "TT Beaumont",
              "runs": {
                "batter": 4,
                "extras": 0,
                "total": 4
              }
            },
            {
              "batter": "TM McGrath",
              "bowler": "EA Perry",
              "non_striker": "TT Beaumont",
              "runs": {
                "batter": 0,
                "extras": 0,
                "total": 0
              }
            },
            {
              "batter": "TM McGrath",
              "bowler": "EA Perry",
              "non_striker": "TT Beaumont",
              "runs": {
                "batter": 0,
                "extras": 0,
                "total": 0
              }
            }
          ]
        },
        {
          "over": 6,
          "deliveries": [
            {
              "batter": "TT Beaumont",
              "bowler": "SE Aley",
              "non_striker": "TM McGrath",
              "runs": {
                "batter": 1,
                "extras": 0,
                "total": 1
              }
            },
            {
              "batter": "TM McGrath",
              "bowler": "SE Aley",
              "non_striker": "TT Beaumont",
              "runs": {
                "batter": 0,
                "extras": 0,
                "total": 0
              }
            },
            {
              "batter": "TM McGrath",
              "bowler": "SE Aley",
              "non_striker": "TT Beaumont",
              "runs": {
                "batter": 0,
                "extras": 0,
                "total": 0
              }
            },
            {
              "batter": "TM McGrath",
              "bowler": "SE Aley",
              "non_striker": "TT Beaumont",
              "runs": {
                "batter": 0,
                "extras": 0,
                "total": 0
              }
            },
            {
              "batter": "TM McGrath",
              "bowler": "SE Aley",
              "non_striker": "TT Beaumont",
              "runs": {
                "batter": 1,
                "extras": 0,
                "total": 1
              }
            },
            {
              "batter": "TT Beaumont",
              "bowler": "SE Aley",
              "non_striker": "TM McGrath",
              "runs": {
                "batter": 4,
                "extras": 0,
                "total": 4
              }
            }
          ]
        },
        {
          "over": 7,
          "deliveries": [
            {
              "batter": "TM McGrath",
              "bowler": "D van Niekerk",
              "non_striker": "TT Beaumont",
              "runs": {
                "batter": 0,
                "extras": 0,
                "total": 0
              }
            },
            {
              "batter": "TM McGrath",
              "bowler": "D van Niekerk",
              "non_striker": "TT Beaumont",
              "runs": {
                "batter": 1,
                "extras": 0,
                "total": 1
              }
            },
            {
              "batter": "TT Beaumont",
              "bowler": "D van Niekerk",
              "non_striker": "TM McGrath",
              "runs": {
                "batter": 2,
                "extras": 0,
                "total": 2
              }
            },
            {
              "batter": "TT Beaumont",
              "bowler": "D van Niekerk",
              "non_striker": "TM McGrath",
              "runs": {
                "batter": 0,
                "extras": 0,
                "total": 0
              }
            },
            {
              "batter": "TT Beaumont",
              "bowler": "D van Niekerk",
              "non_striker": "TM McGrath",
              "runs": {
                "batter": 2,
                "extras": 0,
                "total": 2
              }
            },
            {
              "batter": "TT Beaumont",
              "bowler": "D van Niekerk",
              "non_striker": "TM McGrath",
              "runs": {
                "batter": 1,
                "extras": 0,
                "total": 1
              }
            }
          ]
        },
        {
          "over": 8,
          "deliveries": [
            {
              "batter": "TT Beaumont",
              "bowler": "A Gardner",
              "non_striker": "TM McGrath",
              "runs": {
                "batter": 0,
                "extras": 0,
                "total": 0
              }
            },
            {
              "batter": "TT Beaumont",
              "bowler": "A Gardner",
              "non_striker": "TM McGrath",
              "runs": {
                "batter": 1,
                "extras": 0,
                "total": 1
              }
            },
            {
              "batter": "TM McGrath",
              "bowler": "A Gardner",
              "non_striker": "TT Beaumont",
              "runs": {
                "batter": 0,
                "extras": 0,
                "total": 0
              }
            },
            {
              "batter": "TM McGrath",
              "bowler": "A Gardner",
              "non_striker": "TT Beaumont",
              "runs": {
                "batter": 4,
                "extras": 0,
                "total": 4
              }
            },
            {
              "batter": "TM McGrath",
              "bowler": "A Gardner",
              "non_striker": "TT Beaumont",
              "runs": {
                "batter": 1,
                "extras": 0,
                "total": 1
              }
            },
            {
              "batter": "TT Beaumont",
              "bowler": "A Gardner",
              "non_striker": "TM McGrath",
              "runs": {
                "batter": 4,
                "extras": 0,
                "total": 4
              }
            }
          ]
        },
        {
          "over": 9,
          "deliveries": [
            {
              "batter": "TM McGrath",
              "bowler": "D van Niekerk",
              "extras": {
                "wides": 1
              },
              "non_striker": "TT Beaumont",
              "runs": {
                "batter": 0,
                "extras": 1,
                "total": 1
              }
            },
            {
              "batter": "TM McGrath",
              "bowler": "D van Niekerk",
              "non_striker": "TT Beaumont",
              "runs": {
                "batter": 1,
                "extras": 0,
                "total": 1
              }
            },
            {
              "batter": "TT Beaumont",
              "bowler": "D van Niekerk",
              "non_striker": "TM McGrath",
              "runs": {
                "batter": 1,
                "extras": 0,
                "total": 1
              }
            },
            {
              "batter": "TM McGrath",
              "bowler": "D van Niekerk",
              "non_striker": "TT Beaumont",
              "runs": {
                "batter": 1,
                "extras": 0,
                "total": 1
              }
            },
            {
              "batter": "TT Beaumont",
              "bowler": "D van Niekerk",
              "non_striker": "TM McGrath",
              "runs": {
                "batter": 2,
                "extras": 0,
                "total": 2
              }
            },
            {
              "batter": "TT Beaumont",
              "bowler": "D van Niekerk",
              "non_striker": "TM McGrath",
              "runs": {
                "batter": 0,
                "extras": 0,
                "total": 0
              }
            },
            {
              "batter": "TT Beaumont",
              "bowler": "D van Niekerk",
              "non_striker": "TM McGrath",
              "runs": {
                "batter": 4,
                "extras": 0,
                "total": 4
              }
            }
          ]
        },
        {
          "over": 10,
          "deliveries": [
            {
              "batter": "TM McGrath",
              "bowler": "LG Smith",
              "non_striker": "TT Beaumont",
              "runs": {
                "batter": 2,
                "extras": 0,
                "total": 2
              }
            },
            {
              "batter": "TM McGrath",
              "bowler": "LG Smith",
              "non_striker": "TT Beaumont",
              "runs": {
                "batter": 0,
                "extras": 0,
                "total": 0
              },
              "wickets": [
                {
                  "player_out": "TM McGrath",
                  "fielders": [
                    {
                      "name": "A Gardner"
                    }
                  ],
                  "kind": "caught"
                }
              ]
            },
            {
              "batter": "TT Beaumont",
              "bowler": "LG Smith",
              "non_striker": "S Nitschke",
              "runs": {
                "batter": 1,
                "extras": 0,
                "total": 1
              }
            },
            {
              "batter": "S Nitschke",
              "bowler": "LG Smith",
              "non_striker": "TT Beaumont",
              "runs": {
                "batter": 0,
                "extras": 0,
                "total": 0
              }
            },
            {
              "batter": "S Nitschke",
              "bowler": "LG Smith",
              "non_striker": "TT Beaumont",
              "runs": {
                "batter": 0,
                "extras": 0,
                "total": 0
              }
            },
            {
              "batter": "S Nitschke",
              "bowler": "LG Smith",
              "non_striker": "TT Beaumont",
              "runs": {
                "batter": 1,
                "extras": 0,
                "total": 1
              }
            }
          ]
        },
        {
          "over": 11,
          "deliveries": [
            {
              "batter": "S Nitschke",
              "bowler": "LC Sthalekar",
              "non_striker": "TT Beaumont",
              "runs": {
                "batter": 0,
                "extras": 0,
                "total": 0
              }
            },
            {
              "batter": "S Nitschke",
              "bowler": "LC Sthalekar",
              "non_striker": "TT Beaumont",
              "runs": {
                "batter": 1,
                "extras": 0,
                "total": 1
              }
            },
            {
              "batter": "TT Beaumont",
              "bowler": "LC Sthalekar",
              "non_striker": "S Nitschke",
              "runs": {
                "batter": 1,
                "extras": 0,
                "total": 1
              }
            },
            {
              "batter": "S Nitschke",
              "bowler": "LC Sthalekar",
              "non_striker": "TT Beaumont",
              "runs": {
                "batter": 1,
                "extras": 0,
                "total": 1
              }
            },
            {
              "batter": "TT Beaumont",
              "bowler": "LC Sthalekar",
              "non_striker": "S Nitschke",
              "runs": {
                "batter": 0,
                "extras": 0,
                "total": 0
              }
            },
            {
              "batter": "TT Beaumont",
              "bowler": "LC Sthalekar",
              "non_striker": "S Nitschke",
              "runs": {
                "batter": 0,
                "extras": 0,
                "total": 0
              }
            }
          ]
        },
        {
          "over": 12,
          "deliveries": [
            {
              "batter": "S Nitschke",
              "bowler": "LG Smith",
              "non_striker": "TT Beaumont",
              "runs": {
                "batter": 0,
                "extras": 0,
                "total": 0
              }
            },
            {
              "batter": "S Nitschke",
              "bowler": "LG Smith",
              "non_striker": "TT Beaumont",
              "runs": {
                "batter": 4,
                "extras": 0,
                "total": 4
              }
            },
            {
              "batter": "S Nitschke",
              "bowler": "LG Smith",
              "non_striker": "TT Beaumont",
              "runs": {
                "batter": 0,
                "extras": 0,
                "total": 0
              }
            },
            {
              "batter": "S Nitschke",
              "bowler": "LG Smith",
              "non_striker": "TT Beaumont",
              "runs": {
                "batter": 1,
                "extras": 0,
                "total": 1
              }
            },
            {
              "batter": "TT Beaumont",
              "bowler": "LG Smith",
              "non_striker": "S Nitschke",
              "runs": {
                "batter": 0,
                "extras": 0,
                "total": 0
              }
            },
            {
              "batter": "TT Beaumont",
              "bowler": "LG Smith",
              "non_striker": "S Nitschke",
              "runs": {
                "batter": 0,
                "extras": 0,
                "total": 0
              },
              "wickets": [
                {
                  "player_out": "TT Beaumont",
                  "fielders": [
                    {
                      "name": "AJ Healy"
                    }
                  ],
                  "kind": "stumped"
                }
              ]
            }
          ]
        },
        {
          "over": 13,
          "deliveries": [
            {
              "batter": "S Nitschke",
              "bowler": "SE Aley",
              "non_striker": "BE Patterson",
              "runs": {
                "batter": 1,
                "extras": 0,
                "total": 1
              }
            },
            {
              "batter": "BE Patterson",
              "bowler": "SE Aley",
              "non_striker": "S Nitschke",
              "runs": {
                "batter": 1,
                "extras": 0,
                "total": 1
              }
            },
            {
              "batter": "S Nitschke",
              "bowler": "SE Aley",
              "non_striker": "BE Patterson",
              "runs": {
                "batter": 2,
                "extras": 0,
                "total": 2
              }
            },
            {
              "batter": "S Nitschke",
              "bowler": "SE Aley",
              "non_striker": "BE Patterson",
              "runs": {
                "batter": 4,
                "extras": 0,
                "total": 4
              }
            },
            {
              "batter": "S Nitschke",
              "bowler": "SE Aley",
              "non_striker": "BE Patterson",
              "runs": {
                "batter": 0,
                "extras": 0,
                "total": 0
              }
            },
            {
              "batter": "S Nitschke",
              "bowler": "SE Aley",
              "non_striker": "BE Patterson",
              "runs": {
                "batter": 0,
                "extras": 0,
                "total": 0
              }
            }
          ]
        },
        {
          "over": 14,
          "deliveries": [
            {
              "batter": "BE Patterson",
              "bowler": "LG Smith",
              "non_striker": "S Nitschke",
              "runs": {
                "batter": 0,
                "extras": 0,
                "total": 0
              }
            },
            {
              "batter": "BE Patterson",
              "bowler": "LG Smith",
              "non_striker": "S Nitschke",
              "runs": {
                "batter": 0,
                "extras": 0,
                "total": 0
              },
              "wickets": [
                {
                  "player_out": "S Nitschke",
                  "kind": "run out"
                }
              ]
            },
            {
              "batter": "SJ Coyte",
              "bowler": "LG Smith",
              "non_striker": "BE Patterson",
              "runs": {
                "batter": 0,
                "extras": 0,
                "total": 0
              }
            },
            {
              "batter": "SJ Coyte",
              "bowler": "LG Smith",
              "non_striker": "BE Patterson",
              "runs": {
                "batter": 0,
                "extras": 0,
                "total": 0
              },
              "wickets": [
                {
                  "player_out": "SJ Coyte",
                  "kind": "lbw"
                }
              ]
            },
            {
              "batter": "SJ Elliott",
              "bowler": "LG Smith",
              "non_striker": "BE Patterson",
              "runs": {
                "batter": 0,
                "extras": 0,
                "total": 0
              }
            },
            {
              "batter": "SJ Elliott",
              "bowler": "LG Smith",
              "non_striker": "BE Patterson",
              "runs": {
                "batter": 0,
                "extras": 0,
                "total": 0
              },
              "wickets": [
                {
                  "player_out": "BE Patterson",
                  "kind": "run out"
                }
              ]
            }
          ]
        },
        {
          "over": 15,
          "deliveries": [
            {
              "batter": "SJ Elliott",
              "bowler": "LC Sthalekar",
              "non_striker": "T Saville",
              "runs": {
                "batter": 0,
                "extras": 0,
                "total": 0
              }
            },
            {
              "batter": "SJ Elliott",
              "bowler": "LC Sthalekar",
              "non_striker": "T Saville",
              "runs": {
                "batter": 1,
                "extras": 0,
                "total": 1
              }
            },
            {
              "batter": "T Saville",
              "bowler": "LC Sthalekar",
              "non_striker": "SJ Elliott",
              "runs": {
                "batter": 0,
                "extras": 0,
                "total": 0
              }
            },
            {
              "batter": "T Saville",
              "bowler": "LC Sthalekar",
              "non_striker": "SJ Elliott",
              "runs": {
                "batter": 0,
                "extras": 0,
                "total": 0
              },
              "wickets": [
                {
                  "player_out": "T Saville",
                  "kind": "bowled"
                }
              ]
            },
            {
              "batter": "ML Schutt",
              "bowler": "LC Sthalekar",
              "extras": {
                "legbyes": 2
              },
              "non_striker": "SJ Elliott",
              "runs": {
                "batter": 0,
                "extras": 2,
                "total": 2
              }
            },
            {
              "batter": "ML Schutt",
              "bowler": "LC Sthalekar",
              "non_striker": "SJ Elliott",
              "runs": {
                "batter": 0,
                "extras": 0,
                "total": 0
              }
            }
          ]
        },
        {
          "over": 16,
          "deliveries": [
            {
              "batter": "SJ Elliott",
              "bowler": "LG Smith",
              "non_striker": "ML Schutt",
              "runs": {
                "batter": 0,
                "extras": 0,
                "total": 0
              }
            },
            {
              "batter": "SJ Elliott",
              "bowler": "LG Smith",
              "non_striker": "ML Schutt",
              "runs": {
                "batter": 1,
                "extras": 0,
                "total": 1
              }
            },
            {
              "batter": "ML Schutt",
              "bowler": "LG Smith",
              "non_striker": "SJ Elliott",
              "runs": {
                "batter": 1,
                "extras": 0,
                "total": 1
              }
            },
            {
              "batter": "SJ Elliott",
              "bowler": "LG Smith",
              "non_striker": "ML Schutt",
              "runs": {
                "batter": 1,
                "extras": 0,
                "total": 1
              }
            },
            {
              "batter": "ML Schutt",
              "bowler": "LG Smith",
              "non_striker": "SJ Elliott",
              "runs": {
                "batter": 0,
                "extras": 0,
                "total": 0
              }
            },
            {
              "batter": "ML Schutt",
              "bowler": "LG Smith",
              "non_striker": "SJ Elliott",
              "runs": {
                "batter": 4,
                "extras": 0,
                "total": 4
              }
            }
          ]
        },
        {
          "over": 17,
          "deliveries": [
            {
              "batter": "SJ Elliott",
              "bowler": "LC Sthalekar",
              "non_striker": "ML Schutt",
              "runs": {
                "batter": 0,
                "extras": 0,
                "total": 0
              }
            },
            {
              "batter": "SJ Elliott",
              "bowler": "LC Sthalekar",
              "non_striker": "ML Schutt",
              "runs": {
                "batter": 1,
                "extras": 0,
                "total": 1
              }
            },
            {
              "batter": "ML Schutt",
              "bowler": "LC Sthalekar",
              "non_striker": "SJ Elliott",
              "runs": {
                "batter": 1,
                "extras": 0,
                "total": 1
              }
            },
            {
              "batter": "SJ Elliott",
              "bowler": "LC Sthalekar",
              "non_striker": "ML Schutt",
              "runs": {
                "batter": 0,
                "extras": 0,
                "total": 0
              }
            },
            {
              "batter": "SJ Elliott",
              "bowler": "LC Sthalekar",
              "non_striker": "ML Schutt",
              "runs": {
                "batter": 0,
                "extras": 0,
                "total": 0
              }
            },
            {
              "batter": "SJ Elliott",
              "bowler": "LC Sthalekar",
              "non_striker": "ML Schutt",
              "runs": {
                "batter": 0,
                "extras": 0,
                "total": 0
              }
            }
          ]
        },
        {
          "over": 18,
          "deliveries": [
            {
              "batter": "ML Schutt",
              "bowler": "M Kapp",
              "non_striker": "SJ Elliott",
              "runs": {
                "batter": 0,
                "extras": 0,
                "total": 0
              },
              "wickets": [
                {
                  "player_out": "SJ Elliott",
                  "kind": "run out"
                }
              ]
            },
            {
              "batter": "ML Schutt",
              "bowler": "M Kapp",
              "non_striker": "TJ McPharlin",
              "runs": {
                "batter": 0,
                "extras": 0,
                "total": 0
              }
            },
            {
              "batter": "ML Schutt",
              "bowler": "M Kapp",
              "non_striker": "TJ McPharlin",
              "runs": {
                "batter": 0,
                "extras": 0,
                "total": 0
              }
            },
            {
              "batter": "ML Schutt",
              "bowler": "M Kapp",
              "extras": {
                "legbyes": 1
              },
              "non_striker": "TJ McPharlin",
              "runs": {
                "batter": 0,
                "extras": 1,
                "total": 1
              }
            },
            {
              "batter": "TJ McPharlin",
              "bowler": "M Kapp",
              "non_striker": "ML Schutt",
              "runs": {
                "batter": 1,
                "extras": 0,
                "total": 1
              }
            },
            {
              "batter": "ML Schutt",
              "bowler": "M Kapp",
              "non_striker": "TJ McPharlin",
              "runs": {
                "batter": 1,
                "extras": 0,
                "total": 1
              }
            }
          ]
        },
        {
          "over": 19,
          "deliveries": [
            {
              "batter": "ML Schutt",
              "bowler": "LC Sthalekar",
              "non_striker": "TJ McPharlin",
              "runs": {
                "batter": 6,
                "extras": 0,
                "total": 6
              }
            },
            {
              "batter": "ML Schutt",
              "bowler": "LC Sthalekar",
              "non_striker": "TJ McPharlin",
              "runs": {
                "batter": 0,
                "extras": 0,
                "total": 0
              },
              "wickets": [
                {
                  "player_out": "ML Schutt",
                  "kind": "bowled"
                }
              ]
            },
            {
              "batter": "A Wellington",
              "bowler": "LC Sthalekar",
              "non_striker": "TJ McPharlin",
              "runs": {
                "batter": 0,
                "extras": 0,
                "total": 0
              }
            },
            {
              "batter": "A Wellington",
              "bowler": "LC Sthalekar",
              "non_striker": "TJ McPharlin",
              "runs": {
                "batter": 0,
                "extras": 0,
                "total": 0
              }
            },
            {
              "batter": "A Wellington",
              "bowler": "LC Sthalekar",
              "non_striker": "TJ McPharlin",
              "runs": {
                "batter": 0,
                "extras": 0,
                "total": 0
              },
              "wickets": [
                {
                  "player_out": "A Wellington",
                  "fielders": [
                    {
                      "name": "AJ Healy"
                    }
                  ],
                  "kind": "stumped"
                }
              ]
            }
          ]
        }
      ],
      "powerplays": [
        {
          "from": 0.1,
          "to": 5.6,
          "type": "mandatory"
        }
      ]
    },
    {
      "team": "Sydney Sixers",
      "overs": [
        {
          "over": 0,
          "deliveries": [
            {
              "batter": "AJ Healy",
              "bowler": "ML Schutt",
              "non_striker": "EA Perry",
              "runs": {
                "batter": 0,
                "extras": 0,
                "total": 0
              }
            },
            {
              "batter": "AJ Healy",
              "bowler": "ML Schutt",
              "non_striker": "EA Perry",
              "runs": {
                "batter": 0,
                "extras": 0,
                "total": 0
              }
            },
            {
              "batter": "AJ Healy",
              "bowler": "ML Schutt",
              "non_striker": "EA Perry",
              "runs": {
                "batter": 0,
                "extras": 0,
                "total": 0
              }
            },
            {
              "batter": "AJ Healy",
              "bowler": "ML Schutt",
              "non_striker": "EA Perry",
              "runs": {
                "batter": 0,
                "extras": 0,
                "total": 0
              }
            },
            {
              "batter": "AJ Healy",
              "bowler": "ML Schutt",
              "non_striker": "EA Perry",
              "runs": {
                "batter": 0,
                "extras": 0,
                "total": 0
              }
            },
            {
              "batter": "AJ Healy",
              "bowler": "ML Schutt",
              "non_striker": "EA Perry",
              "runs": {
                "batter": 1,
                "extras": 0,
                "total": 1
              }
            }
          ]
        },
        {
          "over": 1,
          "deliveries": [
            {
              "batter": "AJ Healy",
              "bowler": "S Nitschke",
              "non_striker": "EA Perry",
              "runs": {
                "batter": 0,
                "extras": 0,
                "total": 0
              }
            },
            {
              "batter": "AJ Healy",
              "bowler": "S Nitschke",
              "non_striker": "EA Perry",
              "runs": {
                "batter": 0,
                "extras": 0,
                "total": 0
              }
            },
            {
              "batter": "AJ Healy",
              "bowler": "S Nitschke",
              "non_striker": "EA Perry",
              "runs": {
                "batter": 1,
                "extras": 0,
                "total": 1
              }
            },
            {
              "batter": "EA Perry",
              "bowler": "S Nitschke",
              "non_striker": "AJ Healy",
              "runs": {
                "batter": 2,
                "extras": 0,
                "total": 2
              }
            },
            {
              "batter": "EA Perry",
              "bowler": "S Nitschke",
              "extras": {
                "wides": 1
              },
              "non_striker": "AJ Healy",
              "runs": {
                "batter": 0,
                "extras": 1,
                "total": 1
              }
            },
            {
              "batter": "EA Perry",
              "bowler": "S Nitschke",
              "non_striker": "AJ Healy",
              "runs": {
                "batter": 0,
                "extras": 0,
                "total": 0
              }
            },
            {
              "batter": "EA Perry",
              "bowler": "S Nitschke",
              "non_striker": "AJ Healy",
              "runs": {
                "batter": 1,
                "extras": 0,
                "total": 1
              }
            }
          ]
        },
        {
          "over": 2,
          "deliveries": [
            {
              "batter": "EA Perry",
              "bowler": "ML Schutt",
              "non_striker": "AJ Healy",
              "runs": {
                "batter": 0,
                "extras": 0,
                "total": 0
              }
            },
            {
              "batter": "EA Perry",
              "bowler": "ML Schutt",
              "non_striker": "AJ Healy",
              "runs": {
                "batter": 1,
                "extras": 0,
                "total": 1
              }
            },
            {
              "batter": "AJ Healy",
              "bowler": "ML Schutt",
              "non_striker": "EA Perry",
              "runs": {
                "batter": 0,
                "extras": 0,
                "total": 0
              }
            },
            {
              "batter": "AJ Healy",
              "bowler": "ML Schutt",
              "non_striker": "EA Perry",
              "runs": {
                "batter": 0,
                "extras": 0,
                "total": 0
              }
            },
            {
              "batter": "AJ Healy",
              "bowler": "ML Schutt",
              "non_striker": "EA Perry",
              "runs": {
                "batter": 2,
                "extras": 0,
                "total": 2
              }
            },
            {
              "batter": "AJ Healy",
              "bowler": "ML Schutt",
              "non_striker": "EA Perry",
              "runs": {
                "batter": 0,
                "extras": 0,
                "total": 0
              }
            }
          ]
        },
        {
          "over": 3,
          "deliveries": [
            {
              "batter": "EA Perry",
              "bowler": "S Nitschke",
              "non_striker": "AJ Healy",
              "runs": {
                "batter": 0,
                "extras": 0,
                "total": 0
              }
            },
            {
              "batter": "EA Perry",
              "bowler": "S Nitschke",
              "non_striker": "AJ Healy",
              "runs": {
                "batter": 1,
                "extras": 0,
                "total": 1
              }
            },
            {
              "batter": "AJ Healy",
              "bowler": "S Nitschke",
              "non_striker": "EA Perry",
              "runs": {
                "batter": 2,
                "extras": 0,
                "total": 2
              }
            },
            {
              "batter": "AJ Healy",
              "bowler": "S Nitschke",
              "non_striker": "EA Perry",
              "runs": {
                "batter": 0,
                "extras": 0,
                "total": 0
              }
            },
            {
              "batter": "AJ Healy",
              "bowler": "S Nitschke",
              "non_striker": "EA Perry",
              "runs": {
                "batter": 6,
                "extras": 0,
                "total": 6
              }
            },
            {
              "batter": "AJ Healy",
              "bowler": "S Nitschke",
              "non_striker": "EA Perry",
              "runs": {
                "batter": 1,
                "extras": 0,
                "total": 1
              }
            }
          ]
        },
        {
          "over": 4,
          "deliveries": [
            {
              "batter": "AJ Healy",
              "bowler": "ML Schutt",
              "non_striker": "EA Perry",
              "runs": {
                "batter": 1,
                "extras": 0,
                "total": 1
              }
            },
            {
              "batter": "EA Perry",
              "bowler": "ML Schutt",
              "non_striker": "AJ Healy",
              "runs": {
                "batter": 0,
                "extras": 0,
                "total": 0
              }
            },
            {
              "batter": "EA Perry",
              "bowler": "ML Schutt",
              "non_striker": "AJ Healy",
              "runs": {
                "batter": 0,
                "extras": 0,
                "total": 0
              }
            },
            {
              "batter": "EA Perry",
              "bowler": "ML Schutt",
              "non_striker": "AJ Healy",
              "runs": {
                "batter": 0,
                "extras": 0,
                "total": 0
              }
            },
            {
              "batter": "EA Perry",
              "bowler": "ML Schutt",
              "non_striker": "AJ Healy",
              "runs": {
                "batter": 0,
                "extras": 0,
                "total": 0
              }
            },
            {
              "batter": "EA Perry",
              "bowler": "ML Schutt",
              "non_striker": "AJ Healy",
              "runs": {
                "batter": 0,
                "extras": 0,
                "total": 0
              }
            }
          ]
        },
        {
          "over": 5,
          "deliveries": [
            {
              "batter": "AJ Healy",
              "bowler": "SJ Coyte",
              "non_striker": "EA Perry",
              "runs": {
                "batter": 3,
                "extras": 0,
                "total": 3
              }
            },
            {
              "batter": "EA Perry",
              "bowler": "SJ Coyte",
              "non_striker": "AJ Healy",
              "runs": {
                "batter": 4,
                "extras": 0,
                "total": 4
              }
            },
            {
              "batter": "EA Perry",
              "bowler": "SJ Coyte",
              "non_striker": "AJ Healy",
              "runs": {
                "batter": 0,
                "extras": 0,
                "total": 0
              }
            },
            {
              "batter": "EA Perry",
              "bowler": "SJ Coyte",
              "non_striker": "AJ Healy",
              "runs": {
                "batter": 2,
                "extras": 0,
                "total": 2
              }
            },
            {
              "batter": "EA Perry",
              "bowler": "SJ Coyte",
              "non_striker": "AJ Healy",
              "runs": {
                "batter": 0,
                "extras": 0,
                "total": 0
              }
            },
            {
              "batter": "EA Perry",
              "bowler": "SJ Coyte",
              "non_striker": "AJ Healy",
              "runs": {
                "batter": 0,
                "extras": 0,
                "total": 0
              }
            }
          ]
        },
        {
          "over": 6,
          "deliveries": [
            {
              "batter": "AJ Healy",
              "bowler": "ML Schutt",
              "non_striker": "EA Perry",
              "runs": {
                "batter": 0,
                "extras": 0,
                "total": 0
              },
              "wickets": [
                {
                  "player_out": "AJ Healy",
                  "fielders": [
                    {
                      "name": "SJ Coyte"
                    }
                  ],
                  "kind": "caught"
                }
              ]
            },
            {
              "batter": "A Gardner",
              "bowler": "ML Schutt",
              "non_striker": "EA Perry",
              "runs": {
                "batter": 4,
                "extras": 0,
                "total": 4
              }
            },
            {
              "batter": "A Gardner",
              "bowler": "ML Schutt",
              "non_striker": "EA Perry",
              "runs": {
                "batter": 0,
                "extras": 0,
                "total": 0
              }
            },
            {
              "batter": "A Gardner",
              "bowler": "ML Schutt",
              "non_striker": "EA Perry",
              "runs": {
                "batter": 4,
                "extras": 0,
                "total": 4
              }
            },
            {
              "batter": "A Gardner",
              "bowler": "ML Schutt",
              "non_striker": "EA Perry",
              "runs": {
                "batter": 0,
                "extras": 0,
                "total": 0
              }
            },
            {
              "batter": "A Gardner",
              "bowler": "ML Schutt",
              "non_striker": "EA Perry",
              "runs": {
                "batter": 0,
                "extras": 0,
                "total": 0
              }
            }
          ]
        },
        {
          "over": 7,
          "deliveries": [
            {
              "batter": "EA Perry",
              "bowler": "SJ Coyte",
              "non_striker": "A Gardner",
              "runs": {
                "batter": 1,
                "extras": 0,
                "total": 1
              }
            },
            {
              "batter": "A Gardner",
              "bowler": "SJ Coyte",
              "non_striker": "EA Perry",
              "runs": {
                "batter": 0,
                "extras": 0,
                "total": 0
              }
            },
            {
              "batter": "A Gardner",
              "bowler": "SJ Coyte",
              "non_striker": "EA Perry",
              "runs": {
                "batter": 0,
                "extras": 0,
                "total": 0
              }
            },
            {
              "batter": "A Gardner",
              "bowler": "SJ Coyte",
              "non_striker": "EA Perry",
              "runs": {
                "batter": 0,
                "extras": 0,
                "total": 0
              },
              "wickets": [
                {
                  "player_out": "A Gardner",
                  "kind": "lbw"
                }
              ]
            },
            {
              "batter": "SJ McGlashan",
              "bowler": "SJ Coyte",
              "non_striker": "EA Perry",
              "runs": {
                "batter": 0,
                "extras": 0,
                "total": 0
              }
            },
            {
              "batter": "SJ McGlashan",
              "bowler": "SJ Coyte",
              "non_striker": "EA Perry",
              "runs": {
                "batter": 0,
                "extras": 0,
                "total": 0
              }
            }
          ]
        },
        {
          "over": 8,
          "deliveries": [
            {
              "batter": "EA Perry",
              "bowler": "A Wellington",
              "extras": {
                "wides": 1
              },
              "non_striker": "SJ McGlashan",
              "runs": {
                "batter": 0,
                "extras": 1,
                "total": 1
              }
            },
            {
              "batter": "EA Perry",
              "bowler": "A Wellington",
              "non_striker": "SJ McGlashan",
              "runs": {
                "batter": 0,
                "extras": 0,
                "total": 0
              }
            },
            {
              "batter": "EA Perry",
              "bowler": "A Wellington",
              "non_striker": "SJ McGlashan",
              "runs": {
                "batter": 1,
                "extras": 0,
                "total": 1
              }
            },
            {
              "batter": "SJ McGlashan",
              "bowler": "A Wellington",
              "non_striker": "EA Perry",
              "runs": {
                "batter": 0,
                "extras": 0,
                "total": 0
              }
            },
            {
              "batter": "SJ McGlashan",
              "bowler": "A Wellington",
              "non_striker": "EA Perry",
              "runs": {
                "batter": 1,
                "extras": 0,
                "total": 1
              }
            },
            {
              "batter": "EA Perry",
              "bowler": "A Wellington",
              "non_striker": "SJ McGlashan",
              "runs": {
                "batter": 0,
                "extras": 0,
                "total": 0
              }
            },
            {
              "batter": "EA Perry",
              "bowler": "A Wellington",
              "non_striker": "SJ McGlashan",
              "runs": {
                "batter": 0,
                "extras": 0,
                "total": 0
              }
            }
          ]
        },
        {
          "over": 9,
          "deliveries": [
            {
              "batter": "SJ McGlashan",
              "bowler": "SJ Coyte",
              "non_striker": "EA Perry",
              "runs": {
                "batter": 0,
                "extras": 0,
                "total": 0
              }
            },
            {
              "batter": "SJ McGlashan",
              "bowler": "SJ Coyte",
              "non_striker": "EA Perry",
              "runs": {
                "batter": 2,
                "extras": 0,
                "total": 2
              }
            },
            {
              "batter": "SJ McGlashan",
              "bowler": "SJ Coyte",
              "non_striker": "EA Perry",
              "runs": {
                "batter": 2,
                "extras": 0,
                "total": 2
              }
            },
            {
              "batter": "SJ McGlashan",
              "bowler": "SJ Coyte",
              "non_striker": "EA Perry",
              "runs": {
                "batter": 0,
                "extras": 0,
                "total": 0
              }
            },
            {
              "batter": "SJ McGlashan",
              "bowler": "SJ Coyte",
              "non_striker": "EA Perry",
              "runs": {
                "batter": 0,
                "extras": 0,
                "total": 0
              }
            },
            {
              "batter": "SJ McGlashan",
              "bowler": "SJ Coyte",
              "non_striker": "EA Perry",
              "runs": {
                "batter": 1,
                "extras": 0,
                "total": 1
              }
            }
          ]
        },
        {
          "over": 10,
          "deliveries": [
            {
              "batter": "SJ McGlashan",
              "bowler": "A Wellington",
              "non_striker": "EA Perry",
              "runs": {
                "batter": 0,
                "extras": 0,
                "total": 0
              }
            },
            {
              "batter": "SJ McGlashan",
              "bowler": "A Wellington",
              "non_striker": "EA Perry",
              "runs": {
                "batter": 1,
                "extras": 0,
                "total": 1
              }
            },
            {
              "batter": "EA Perry",
              "bowler": "A Wellington",
              "non_striker": "SJ McGlashan",
              "runs": {
                "batter": 1,
                "extras": 0,
                "total": 1
              }
            },
            {
              "batter": "SJ McGlashan",
              "bowler": "A Wellington",
              "non_striker": "EA Perry",
              "runs": {
                "batter": 4,
                "extras": 0,
                "total": 4
              }
            },
            {
              "batter": "SJ McGlashan",
              "bowler": "A Wellington",
              "non_striker": "EA Perry",
              "runs": {
                "batter": 0,
                "extras": 0,
                "total": 0
              }
            },
            {
              "batter": "SJ McGlashan",
              "bowler": "A Wellington",
              "non_striker": "EA Perry",
              "runs": {
                "batter": 1,
                "extras": 0,
                "total": 1
              }
            }
          ]
        },
        {
          "over": 11,
          "deliveries": [
            {
              "batter": "SJ McGlashan",
              "bowler": "A Price",
              "non_striker": "EA Perry",
              "runs": {
                "batter": 0,
                "extras": 0,
                "total": 0
              }
            },
            {
              "batter": "SJ McGlashan",
              "bowler": "A Price",
              "non_striker": "EA Perry",
              "runs": {
                "batter": 0,
                "extras": 0,
                "total": 0
              }
            },
            {
              "batter": "SJ McGlashan",
              "bowler": "A Price",
              "non_striker": "EA Perry",
              "runs": {
                "batter": 0,
                "extras": 0,
                "total": 0
              }
            },
            {
              "batter": "SJ McGlashan",
              "bowler": "A Price",
              "non_striker": "EA Perry",
              "runs": {
                "batter": 1,
                "extras": 0,
                "total": 1
              }
            },
            {
              "batter": "EA Perry",
              "bowler": "A Price",
              "non_striker": "SJ McGlashan",
              "runs": {
                "batter": 1,
                "extras": 0,
                "total": 1
              }
            },
            {
              "batter": "SJ McGlashan",
              "bowler": "A Price",
              "non_striker": "EA Perry",
              "runs": {
                "batter": 0,
                "extras": 0,
                "total": 0
              },
              "wickets": [
                {
                  "player_out": "SJ McGlashan",
                  "kind": "bowled"
                }
              ]
            }
          ]
        },
        {
          "over": 12,
          "deliveries": [
            {
              "batter": "EA Perry",
              "bowler": "A Wellington",
              "non_striker": "D van Niekerk",
              "runs": {
                "batter": 0,
                "extras": 0,
                "total": 0
              }
            },
            {
              "batter": "EA Perry",
              "bowler": "A Wellington",
              "non_striker": "D van Niekerk",
              "runs": {
                "batter": 1,
                "extras": 0,
                "total": 1
              }
            },
            {
              "batter": "D van Niekerk",
              "bowler": "A Wellington",
              "non_striker": "EA Perry",
              "runs": {
                "batter": 0,
                "extras": 0,
                "total": 0
              },
              "wickets": [
                {
                  "player_out": "D van Niekerk",
                  "fielders": [
                    {
                      "name": "ML Schutt"
                    }
                  ],
                  "kind": "caught"
                }
              ]
            },
            {
              "batter": "M Kapp",
              "bowler": "A Wellington",
              "non_striker": "EA Perry",
              "runs": {
                "batter": 0,
                "extras": 0,
                "total": 0
              }
            },
            {
              "batter": "M Kapp",
              "bowler": "A Wellington",
              "non_striker": "EA Perry",
              "runs": {
                "batter": 0,
                "extras": 0,
                "total": 0
              }
            },
            {
              "batter": "M Kapp",
              "bowler": "A Wellington",
              "non_striker": "EA Perry",
              "runs": {
                "batter": 0,
                "extras": 0,
                "total": 0
              }
            }
          ]
        },
        {
          "over": 13,
          "deliveries": [
            {
              "batter": "EA Perry",
              "bowler": "A Price",
              "non_striker": "M Kapp",
              "runs": {
                "batter": 2,
                "extras": 0,
                "total": 2
              }
            },
            {
              "batter": "EA Perry",
              "bowler": "A Price",
              "non_striker": "M Kapp",
              "runs": {
                "batter": 0,
                "extras": 0,
                "total": 0
              }
            },
            {
              "batter": "EA Perry",
              "bowler": "A Price",
              "non_striker": "M Kapp",
              "runs": {
                "batter": 4,
                "extras": 0,
                "total": 4
              }
            },
            {
              "batter": "EA Perry",
              "bowler": "A Price",
              "non_striker": "M Kapp",
              "runs": {
                "batter": 4,
                "extras": 0,
                "total": 4
              }
            },
            {
              "batter": "EA Perry",
              "bowler": "A Price",
              "non_striker": "M Kapp",
              "runs": {
                "batter": 1,
                "extras": 0,
                "total": 1
              }
            },
            {
              "batter": "M Kapp",
              "bowler": "A Price",
              "non_striker": "EA Perry",
              "runs": {
                "batter": 1,
                "extras": 0,
                "total": 1
              }
            }
          ]
        },
        {
          "over": 14,
          "deliveries": [
            {
              "batter": "M Kapp",
              "bowler": "A Wellington",
              "non_striker": "EA Perry",
              "runs": {
                "batter": 0,
                "extras": 0,
                "total": 0
              },
              "wickets": [
                {
                  "player_out": "M Kapp",
                  "fielders": [
                    {
                      "name": "TJ McPharlin"
                    }
                  ],
                  "kind": "caught"
                }
              ]
            },
            {
              "batter": "AR Reakes",
              "bowler": "A Wellington",
              "non_striker": "EA Perry",
              "runs": {
                "batter": 4,
                "extras": 0,
                "total": 4
              }
            },
            {
              "batter": "AR Reakes",
              "bowler": "A Wellington",
              "non_striker": "EA Perry",
              "runs": {
                "batter": 0,
                "extras": 0,
                "total": 0
              }
            },
            {
              "batter": "AR Reakes",
              "bowler": "A Wellington",
              "extras": {
                "wides": 1
              },
              "non_striker": "EA Perry",
              "runs": {
                "batter": 0,
                "extras": 1,
                "total": 1
              }
            },
            {
              "batter": "AR Reakes",
              "bowler": "A Wellington",
              "non_striker": "EA Perry",
              "runs": {
                "batter": 0,
                "extras": 0,
                "total": 0
              }
            },
            {
              "batter": "AR Reakes",
              "bowler": "A Wellington",
              "non_striker": "EA Perry",
              "runs": {
                "batter": 0,
                "extras": 0,
                "total": 0
              }
            },
            {
              "batter": "AR Reakes",
              "bowler": "A Wellington",
              "non_striker": "EA Perry",
              "runs": {
                "batter": 0,
                "extras": 0,
                "total": 0
              }
            }
          ]
        },
        {
          "over": 15,
          "deliveries": [
            {
              "batter": "EA Perry",
              "bowler": "A Price",
              "non_striker": "AR Reakes",
              "runs": {
                "batter": 1,
                "extras": 0,
                "total": 1
              },
              "wickets": [
                {
                  "player_out": "AR Reakes",
                  "kind": "run out"
                }
              ]
            },
            {
              "batter": "SE Aley",
              "bowler": "A Price",
              "non_striker": "EA Perry",
              "runs": {
                "batter": 0,
                "extras": 0,
                "total": 0
              }
            },
            {
              "batter": "SE Aley",
              "bowler": "A Price",
              "non_striker": "EA Perry",
              "runs": {
                "batter": 0,
                "extras": 0,
                "total": 0
              }
            },
            {
              "batter": "SE Aley",
              "bowler": "A Price",
              "non_striker": "EA Perry",
              "runs": {
                "batter": 1,
                "extras": 0,
                "total": 1
              }
            },
            {
              "batter": "EA Perry",
              "bowler": "A Price",
              "non_striker": "SE Aley",
              "runs": {
                "batter": 2,
                "extras": 0,
                "total": 2
              }
            },
            {
              "batter": "EA Perry",
              "bowler": "A Price",
              "non_striker": "SE Aley",
              "runs": {
                "batter": 0,
                "extras": 0,
                "total": 0
              }
            }
          ]
        },
        {
          "over": 16,
          "deliveries": [
            {
              "batter": "SE Aley",
              "bowler": "S Nitschke",
              "non_striker": "EA Perry",
              "runs": {
                "batter": 0,
                "extras": 0,
                "total": 0
              }
            },
            {
              "batter": "SE Aley",
              "bowler": "S Nitschke",
              "non_striker": "EA Perry",
              "runs": {
                "batter": 0,
                "extras": 0,
                "total": 0
              }
            },
            {
              "batter": "SE Aley",
              "bowler": "S Nitschke",
              "non_striker": "EA Perry",
              "runs": {
                "batter": 1,
                "extras": 0,
                "total": 1
              }
            },
            {
              "batter": "EA Perry",
              "bowler": "S Nitschke",
              "non_striker": "SE Aley",
              "runs": {
                "batter": 1,
                "extras": 0,
                "total": 1
              }
            },
            {
              "batter": "SE Aley",
              "bowler": "S Nitschke",
              "non_striker": "EA Perry",
              "runs": {
                "batter": 1,
                "extras": 0,
                "total": 1
              }
            },
            {
              "batter": "EA Perry",
              "bowler": "S Nitschke",
              "non_striker": "SE Aley",
              "runs": {
                "batter": 1,
                "extras": 0,
                "total": 1
              }
            }
          ]
        },
        {
          "over": 17,
          "deliveries": [
            {
              "batter": "EA Perry",
              "bowler": "A Price",
              "non_striker": "SE Aley",
              "runs": {
                "batter": 4,
                "extras": 0,
                "total": 4
              }
            },
            {
              "batter": "EA Perry",
              "bowler": "A Price",
              "non_striker": "SE Aley",
              "runs": {
                "batter": 4,
                "extras": 0,
                "total": 4
              }
            },
            {
              "batter": "EA Perry",
              "bowler": "A Price",
              "non_striker": "SE Aley",
              "runs": {
                "batter": 4,
                "extras": 0,
                "total": 4
              }
            },
            {
              "batter": "EA Perry",
              "bowler": "A Price",
              "non_striker": "SE Aley",
              "runs": {
                "batter": 0,
                "extras": 0,
                "total": 0
              }
            },
            {
              "batter": "EA Perry",
              "bowler": "A Price",
              "non_striker": "SE Aley",
              "runs": {
                "batter": 4,
                "extras": 0,
                "total": 4
              }
            }
          ]
        }
      ],
      "powerplays": [
        {
          "from": 0.1,
          "to": 5.6,
          "type": "mandatory"
        }
      ],
      "target": {
        "overs": 20,
        "runs": 95
      }
    }
  ]
}