{
  "meta": {
    "data_version": "1.0.0",
    "created": "2020-08-16",
    "revision": 1
  },
  "info": {
    "balls_per_over": 6,
    "city": "Sydney",
    "dates": [
      "2016-12-11"
    ],
    "event": {
      "name": "Women's Big Bash League",
      "match_number": 5
    },
    "gender": "female",
    "match_type": "T20",
    "officials": {
      "match_referees": [
        "WD Hendricks"
      ],
      "tv_umpires": [
        "CA Polosak"
      ],
      "umpires": [
        "SA Lightbody",
        "DM Koch"
      ]
    },
    "outcome": {
      "winner": "Perth Scorchers",
      "by": {
        "runs": 17
      }
    },
    "overs": 20,
    "player_of_match": [
      "EJ Villani"
    ],
    "players": {
      "Perth Scorchers": [
        "SW Bates",
        "EJ Villani",
        "KH Brunt",
        "NE Bolton",
        "H Graham",
        "LK Ebsary",
        "C Piparo",
        "M Banting",
        "E Biss",
        "EL King",
        "RL Grundy"
      ],
      "Hobart Hurricanes": [
        "HK Matthews",
        "G Redmayne",
        "HC Knight",
        "AE Satterthwaite",
        "EA Burns",
        "CL Hall",
        "SK Moloney",
        "E Thompson",
        "V Pyke",
        "B Hepburn",
        "K Fryett"
      ]
    },
    "registry": {
      "people": {
        "AE Satterthwaite": "72b7ed1e",
        "B Hepburn": "df04fc4f",
        "C Piparo": "276f3dde",
        "CA Polosak": "26a360d2",
        "CL Hall": "6026e2ae",
        "DM Koch": "6d10c034",
        "E Biss": "d2abb394",
        "E Thompson": "a7c3c366",
        "EA Burns": "2e0b6638",
        "EJ Villani": "cde96d97",
        "EL King": "2708b41c",
        "G Redmayne": "324b9eee",
        "H Graham": "99812d10",
        "HC Knight": "4ba0289e",
        "HK Matthews": "d32cf49a",
        "K Fryett": "0d19fa13",
        "KH Brunt": "6a434bd3",
        "LK Ebsary": "884375bf",
        "M Banting": "90eb1818",
        "NE Bolton": "dd883071",
        "RL Grundy": "e149d0ae",
        "SA Lightbody": "680b8cbf",
        "SK Moloney": "a0bc8dc1",
        "SW Bates": "89bbc67a",
        "V Pyke": "cb937b2d",
        "WD Hendricks": "c631b3f7"
      }
    },
    "season": "2016/17",
    "team_type": "club",
    "teams": [
      "Perth Scorchers",
      "Hobart Hurricanes"
    ],
    "toss": {
      "decision": "bat",
      "winner": "Perth Scorchers"
    },
    "venue": "North Sydney Oval"
  },
  "innings": [
    {
      "team": "Perth Scorchers",
      "overs": [
        {
          "over": 0,
          "deliveries": [
            {
              "batter": "SW Bates",
              "bowler": "V Pyke",
              "non_striker": "EJ Villani",
              "runs": {
                "batter": 0,
                "extras": 0,
                "total": 0
              }
            },
            {
              "batter": "SW Bates",
              "bowler": "V Pyke",
              "non_striker": "EJ Villani",
              "runs": {
                "batter": 0,
                "extras": 0,
                "total": 0
              }
            },
            {
              "batter": "SW Bates",
              "bowler": "V Pyke",
              "non_striker": "EJ Villani",
              "runs": {
                "batter": 0,
                "extras": 0,
                "total": 0
              }
            },
            {
              "batter": "SW Bates",
              "bowler": "V Pyke",
              "non_striker": "EJ Villani",
              "runs": {
                "batter": 0,
                "extras": 0,
                "total": 0
              }
            },
            {
              "batter": "SW Bates",
              "bowler": "V Pyke",
              "non_striker": "EJ Villani",
              "runs": {
                "batter": 4,
                "extras": 0,
                "total": 4
              }
            },
            {
              "batter": "SW Bates",
              "bowler": "V Pyke",
              "non_striker": "EJ Villani",
              "runs": {
                "batter": 0,
                "extras": 0,
                "total": 0
              }
            }
          ]
        },
        {
          "over": 1,
          "deliveries": [
            {
              "batter": "EJ Villani",
              "bowler": "HK Matthews",
              "non_striker": "SW Bates",
              "runs": {
                "batter": 1,
                "extras": 0,
                "total": 1
              }
            },
            {
              "batter": "SW Bates",
              "bowler": "HK Matthews",
              "non_striker": "EJ Villani",
              "runs": {
                "batter": 0,
                "extras": 0,
                "total": 0
              }
            },
            {
              "batter": "SW Bates",
              "bowler": "HK Matthews",
              "non_striker": "EJ Villani",
              "runs": {
                "batter": 0,
                "extras": 0,
                "total": 0
              }
            },
            {
              "batter": "SW Bates",
              "bowler": "HK Matthews",
              "non_striker": "EJ Villani",
              "runs": {
                "batter": 1,
                "extras": 0,
                "total": 1
              }
            },
            {
              "batter": "EJ Villani",
              "bowler": "HK Matthews",
              "non_striker": "SW Bates",
              "runs": {
                "batter": 0,
                "extras": 0,
                "total": 0
              }
            },
            {
              "batter": "EJ Villani",
              "bowler": "HK Matthews",
              "non_striker": "SW Bates",
              "runs": {
                "batter": 0,
                "extras": 0,
                "total": 0
              }
            }
          ]
        },
        {
          "over": 2,
          "deliveries": [
            {
              "batter": "SW Bates",
              "bowler": "V Pyke",
              "non_striker": "EJ Villani",
              "runs": {
                "batter": 0,
                "extras": 0,
                "total": 0
              }
            },
            {
              "batter": "SW Bates",
              "bowler": "V Pyke",
              "non_striker": "EJ Villani",
              "runs": {
                "batter": 0,
                "extras": 0,
                "total": 0
              }
            },
            {
              "batter": "SW Bates",
              "bowler": "V Pyke",
              "non_striker": "EJ Villani",
              "runs": {
                "batter": 1,
                "extras": 0,
                "total": 1
              }
            },
            {
              "batter": "EJ Villani",
              "bowler": "V Pyke",
              "non_striker": "SW Bates",
              "runs": {
                "batter": 0,
                "extras": 0,
                "total": 0
              }
            },
            {
              "batter": "EJ Villani",
              "bowler": "V Pyke",
              "non_striker": "SW Bates",
              "runs": {
                "batter": 4,
                "extras": 0,
                "total": 4
              }
            },
            {
              "batter": "EJ Villani",
              "bowler": "V Pyke",
              "non_striker": "SW Bates",
              "runs": {
                "batter": 0,
                "extras": 0,
                "total": 0
              }
            }
          ]
        },
        {
          "over": 3,
          "deliveries": [
            {
              "batter": "SW Bates",
              "bowler": "HK Matthews",
              "non_striker": "EJ Villani",
              "runs": {
                "batter": 4,
                "extras": 0,
                "total": 4
              }
            },
            {
              "batter": "SW Bates",
              "bowler": "HK Matthews",
              "non_striker": "EJ Villani",
              "runs": {
                "batter": 1,
                "extras": 0,
                "total": 1
              }
            },
            {
              "batter": "EJ Villani",
              "bowler": "HK Matthews",
              "non_striker": "SW Bates",
              "runs": {
                "batter": 0,
                "extras": 0,
                "total": 0
              }
            },
            {
              "batter": "EJ Villani",
              "bowler": "HK Matthews",
              "non_striker": "SW Bates",
              "runs": {
                "batter": 0,
                "extras": 0,
                "total": 0
              }
            },
            {
              "batter": "EJ Villani",
              "bowler": "HK Matthews",
              "non_striker": "SW Bates",
              "runs": {
                "batter": 0,
                "extras": 0,
                "total": 0
              }
            },
            {
              "batter": "EJ Villani",
              "bowler": "HK Matthews",
              "non_striker": "SW Bates",
              "runs": {
                "batter": 0,
                "extras": 0,
                "total": 0
              }
            }
          ]
        },
        {
          "over": 4,
          "deliveries": [
            {
              "batter": "SW Bates",
              "bowler": "AE Satterthwaite",
              "non_striker": "EJ Villani",
              "runs": {
                "batter": 0,
                "extras": 0,
                "total": 0
              }
            },
            {
              "batter": "SW Bates",
              "bowler": "AE Satterthwaite",
              "non_striker": "EJ Villani",
              "runs": {
                "batter": 2,
                "extras": 0,
                "total": 2
              }
            },
            {
              "batter": "SW Bates",
              "bowler": "AE Satterthwaite",
              "non_striker": "EJ Villani",
              "runs": {
                "batter": 1,
                "extras": 0,
                "total": 1
              }
            },
            {
              "batter": "EJ Villani",
              "bowler": "AE Satterthwaite",
              "non_striker": "SW Bates",
              "runs": {
                "batter": 4,
                "extras": 0,
                "total": 4
              }
            },
            {
              "batter": "EJ Villani",
              "bowler": "AE Satterthwaite",
              "non_striker": "SW Bates",
              "runs": {
                "batter": 4,
                "extras": 0,
                "total": 4
              }
            },
            {
              "batter": "EJ Villani",
              "bowler": "AE Satterthwaite",
              "non_striker": "SW Bates",
              "runs": {
                "batter": 1,
                "extras": 0,
                "total": 1
              }
            }
          ]
        },
        {
          "over": 5,
          "deliveries": [
            {
              "batter": "EJ Villani",
              "bowler": "HK Matthews",
              "non_striker": "SW Bates",
              "runs": {
                "batter": 0,
                "extras": 0,
                "total": 0
              }
            },
            {
              "batter": "EJ Villani",
              "bowler": "HK Matthews",
              "non_striker": "SW Bates",
              "runs": {
                "batter": 1,
                "extras": 0,
                "total": 1
              }
            },
            {
              "batter": "SW Bates",
              "bowler": "HK Matthews",
              "non_striker": "EJ Villani",
              "runs": {
                "batter": 1,
                "extras": 0,
                "total": 1
              }
            },
            {
              "batter": "EJ Villani",
              "bowler": "HK Matthews",
              "non_striker": "SW Bates",
              "runs": {
                "batter": 4,
                "extras": 0,
                "total": 4
              }
            },
            {
              "batter": "EJ Villani",
              "bowler": "HK Matthews",
              "non_striker": "SW Bates",
              "runs": {
                "batter": 0,
                "extras": 0,
                "total": 0
              }
            },
            {
              "batter": "EJ Villani",
              "bowler": "HK Matthews",
              "non_striker": "SW Bates",
              "runs": {
                "batter": 4,
                "extras": 0,
                "total": 4
              }
            }
          ]
        },
        {
          "over": 6,
          "deliveries": [
            {
              "batter": "SW Bates",
              "bowler": "K Fryett",
              "non_striker": "EJ Villani",
              "runs": {
                "batter": 1,
                "extras": 0,
                "total": 1
              }
            },
            {
              "batter": "EJ Villani",
              "bowler": "K Fryett",
              "non_striker": "SW Bates",
              "runs": {
                "batter": 1,
                "extras": 0,
                "total": 1
              }
            },
            {
              "batter": "SW Bates",
              "bowler": "K Fryett",
              "non_striker": "EJ Villani",
              "runs": {
                "batter": 0,
                "extras": 0,
                "total": 0
              }
            },
            {
              "batter": "SW Bates",
              "bowler": "K Fryett",
              "non_striker": "EJ Villani",
              "runs": {
                "batter": 0,
                "extras": 0,
                "total": 0
              }
            },
            {
              "batter": "SW Bates",
              "bowler": "K Fryett",
              "non_striker": "EJ Villani",
              "runs": {
                "batter": 0,
                "extras": 0,
                "total": 0
              }
            },
            {
              "batter": "SW Bates",
              "bowler": "K Fryett",
              "non_striker": "EJ Villani",
              "runs": {
                "batter": 2,
                "extras": 0,
                "total": 2
              }
            }
          ]
        },
        {
          "over": 7,
          "deliveries": [
            {
              "batter": "EJ Villani",
              "bowler": "B Hepburn",
              "non_striker": "SW Bates",
              "runs": {
                "batter": 0,
                "extras": 0,
                "total": 0
              }
            },
            {
              "batter": "EJ Villani",
              "bowler": "B Hepburn",
              "non_striker": "SW Bates",
              "runs": {
                "batter": 1,
                "extras": 0,
                "total": 1
              }
            },
            {
              "batter": "SW Bates",
              "bowler": "B Hepburn",
              "non_striker": "EJ Villani",
              "runs": {
                "batter": 1,
                "extras": 0,
                "total": 1
              }
            },
            {
              "batter": "EJ Villani",
              "bowler": "B Hepburn",
              "non_striker": "SW Bates",
              "runs": {
                "batter": 2,
                "extras": 0,
                "total": 2
              }
            },
            {
              "batter": "EJ Villani",
              "bowler": "B Hepburn",
              "non_striker": "SW Bates",
              "runs": {
                "batter": 0,
                "extras": 0,
                "total": 0
              }
            },
            {
              "batter": "EJ Villani",
              "bowler": "B Hepburn",
              "non_striker": "SW Bates",
              "runs": {
                "batter": 1,
                "extras": 0,
                "total": 1
              }
            }
          ]
        },
        {
          "over": 8,
          "deliveries": [
            {
              "batter": "EJ Villani",
              "bowler": "K Fryett",
              "non_striker": "SW Bates",
              "runs": {
                "batter": 2,
                "extras": 0,
                "total": 2
              }
            },
            {
              "batter": "EJ Villani",
              "bowler": "K Fryett",
              "non_striker": "SW Bates",
              "runs": {
                "batter": 1,
                "extras": 0,
                "total": 1
              }
            },
            {
              "batter": "SW Bates",
              "bowler": "K Fryett",
              "non_striker": "EJ Villani",
              "runs": {
                "batter": 1,
                "extras": 0,
                "total": 1
              }
            },
            {
              "batter": "EJ Villani",
              "bowler": "K Fryett",
              "non_striker": "SW Bates",
              "runs": {
                "batter": 1,
                "extras": 0,
                "total": 1
              }
            },
            {
              "batter": "SW Bates",
              "bowler": "K Fryett",
              "non_striker": "EJ Villani",
              "runs": {
                "batter": 1,
                "extras": 0,
                "total": 1
              }
            },
            {
              "batter": "EJ Villani",
              "bowler": "K Fryett",
              "non_striker": "SW Bates",
              "runs": {
                "batter": 4,
                "extras": 0,
                "total": 4
              }
            }
          ]
        },
        {
          "over": 9,
          "deliveries": [
            {
              "batter": "SW Bates",
              "bowler": "B Hepburn",
              "non_striker": "EJ Villani",
              "runs": {
                "batter": 1,
                "extras": 0,
                "total": 1
              }
            },
            {
              "batter": "EJ Villani",
              "bowler": "B Hepburn",
              "non_striker": "SW Bates",
              "runs": {
                "batter": 0,
                "extras": 0,
                "total": 0
              }
            },
            {
              "batter": "EJ Villani",
              "bowler": "B Hepburn",
              "non_striker": "SW Bates",
              "runs": {
                "batter": 2,
                "extras": 0,
                "total": 2
              }
            },
            {
              "batter": "EJ Villani",
              "bowler": "B Hepburn",
              "non_striker": "SW Bates",
              "runs": {
                "batter": 1,
                "extras": 0,
                "total": 1
              }
            },
            {
              "batter": "SW Bates",
              "bowler": "B Hepburn",
              "non_striker": "EJ Villani",
              "runs": {
                "batter": 2,
                "extras": 0,
                "total": 2
              }
            },
            {
              "batter": "SW Bates",
              "bowler": "B Hepburn",
              "non_striker": "EJ Villani",
              "runs": {
                "batter": 1,
                "extras": 0,
                "total": 1
              }
            }
          ]
        },
        {
          "over": 10,
          "deliveries": [
            {
              "batter": "SW Bates",
              "bowler": "HC Knight",
              "non_striker": "EJ Villani",
              "runs": {
                "batter": 2,
                "extras": 0,
                "total": 2
              }
            },
            {
              "batter": "SW Bates",
              "bowler": "HC Knight",
              "non_striker": "EJ Villani",
              "runs": {
                "batter": 1,
                "extras": 0,
                "total": 1
              }
            },
            {
              "batter": "EJ Villani",
              "bowler": "HC Knight",
              "non_striker": "SW Bates",
              "runs": {
                "batter": 1,
                "extras": 0,
                "total": 1
              }
            },
            {
              "batter": "SW Bates",
              "bowler": "HC Knight",
              "non_striker": "EJ Villani",
              "runs": {
                "batter": 1,
                "extras": 0,
                "total": 1
              }
            },
            {
              "batter": "EJ Villani",
              "bowler": "HC Knight",
              "non_striker": "SW Bates",
              "runs": {
                "batter": 0,
                "extras": 0,
                "total": 0
              }
            },
            {
              "batter": "EJ Villani",
              "bowler": "HC Knight",
              "non_striker": "SW Bates",
              "runs": {
                "batter": 1,
                "extras": 0,
                "total": 1
              }
            }
          ]
        },
        {
          "over": 11,
          "deliveries": [
            {
              "batter": "EJ Villani",
              "bowler": "B Hepburn",
              "non_striker": "SW Bates",
              "runs": {
                "batter": 4,
                "extras": 0,
                "total": 4
              }
            },
            {
              "batter": "EJ Villani",
              "bowler": "B Hepburn",
              "non_striker": "SW Bates",
              "runs": {
                "batter": 1,
                "extras": 0,
                "total": 1
              }
            },
            {
              "batter": "SW Bates",
              "bowler": "B Hepburn",
              "non_striker": "EJ Villani",
              "runs": {
                "batter": 1,
                "extras": 0,
                "total": 1
              }
            },
            {
              "batter": "EJ Villani",
              "bowler": "B Hepburn",
              "non_striker": "SW Bates",
              "runs": {
                "batter": 0,
                "extras": 0,
                "total": 0
              }
            },
            {
              "batter": "EJ Villani",
              "bowler": "B Hepburn",
              "non_striker": "SW Bates",
              "runs": {
                "batter": 0,
                "extras": 0,
                "total": 0
              }
            },
            {
              "batter": "EJ Villani",
              "bowler": "B Hepburn",
              "non_striker": "SW Bates",
              "runs": {
                "batter": 1,
                "extras": 0,
                "total": 1
              }
            }
          ]
        },
        {
          "over": 12,
          "deliveries": [
            {
              "batter": "EJ Villani",
              "bowler": "HC Knight",
              "non_striker": "SW Bates",
              "runs": {
                "batter": 1,
                "extras": 0,
                "total": 1
              }
            },
            {
              "batter": "SW Bates",
              "bowler": "HC Knight",
              "non_striker": "EJ Villani",
              "runs": {
                "batter": 4,
                "extras": 0,
                "total": 4
              }
            },
            {
              "batter": "SW Bates",
              "bowler": "HC Knight",
              "non_striker": "EJ Villani",
              "runs": {
                "batter": 2,
                "extras": 0,
                "total": 2
              }
            },
            {
              "batter": "SW Bates",
              "bowler": "HC Knight",
              "non_striker": "EJ Villani",
              "runs": {
                "batter": 1,
                "extras": 0,
                "total": 1
              }
            },
            {
              "batter": "EJ Villani",
              "bowler": "HC Knight",
              "non_striker": "SW Bates",
              "runs": {
                "batter": 4,
                "extras": 0,
                "total": 4
              }
            },
            {
              "batter": "EJ Villani",
              "bowler": "HC Knight",
              "non_striker": "SW Bates",
              "runs": {
                "batter": 1,
                "extras": 0,
                "total": 1
              }
            }
          ]
        },
        {
          "over": 13,
          "deliveries": [
            {
              "batter": "EJ Villani",
              "bowler": "AE Satterthwaite",
              "non_striker": "SW Bates",
              "runs": {
                "batter": 0,
                "extras": 0,
                "total": 0
              }
            },
            {
              "batter": "EJ Villani",
              "bowler": "AE Satterthwaite",
              "non_striker": "SW Bates",
              "runs": {
                "batter": 1,
                "extras": 0,
                "total": 1
              }
            },
            {
              "batter": "SW Bates",
              "bowler": "AE Satterthwaite",
              "non_striker": "EJ Villani",
              "runs": {
                "batter": 0,
                "extras": 0,
                "total": 0
              }
            },
            {
              "batter": "SW Bates",
              "bowler": "AE Satterthwaite",
              "non_striker": "EJ Villani",
              "runs": {
                "batter": 1,
                "extras": 0,
                "total": 1
              }
            },
            {
              "batter": "EJ Villani",
              "bowler": "AE Satterthwaite",
              "non_striker": "SW Bates",
              "runs": {
                "batter": 0,
                "extras": 0,
                "total": 0
              },
              "wickets": [
                {
                  "player_out": "EJ Villani",
                  "fielders": [
                    {
                      "name": "B Hepburn"
                    }
                  ],
                  "kind": "caught"
                }
              ]
            },
            {
              "batter": "SW Bates",
              "bowler": "AE Satterthwaite",
              "non_striker": "KH Brunt",
              "runs": {
                "batter": 0,
                "extras": 0,
                "total": 0
              }
            }
          ]
        },
        {
          "over": 14,
          "deliveries": [
            {
              "batter": "KH Brunt",
              "bowler": "V Pyke",
              "non_striker": "SW Bates",
              "runs": {
                "batter": 0,
                "extras": 0,
                "total": 0
              }
            },
            {
              "batter": "KH Brunt",
              "bowler": "V Pyke",
              "non_striker": "SW Bates",
              "runs": {
                "batter": 2,
                "extras": 0,
                "total": 2
              }
            },
            {
              "batter": "KH Brunt",
              "bowler": "V Pyke",
              "non_striker": "SW Bates",
              "runs": {
                "batter": 0,
                "extras": 0,
                "total": 0
              }
            },
            {
              "batter": "KH Brunt",
              "bowler": "V Pyke",
              "non_striker": "SW Bates",
              "runs": {
                "batter": 4,
                "extras": 0,
                "total": 4
              }
            },
            {
              "batter": "KH Brunt",
              "bowler": "V Pyke",
              "non_striker": "SW Bates",
              "runs": {
                "batter": 1,
                "extras": 0,
                "total": 1
              }
            },
            {
              "batter": "SW Bates",
              "bowler": "V Pyke",
              "non_striker": "KH Brunt",
              "runs": {
                "batter": 1,
                "extras": 0,
                "total": 1
              }
            }
          ]
        },
        {
          "over": 15,
          "deliveries": [
            {
              "batter": "SW Bates",
              "bowler": "AE Satterthwaite",
              "non_striker": "KH Brunt",
              "runs": {
                "batter": 1,
                "extras": 0,
                "total": 1
              }
            },
            {
              "batter": "KH Brunt",
              "bowler": "AE Satterthwaite",
              "non_striker": "SW Bates",
              "runs": {
                "batter": 0,
                "extras": 0,
                "total": 0
              }
            },
            {
              "batter": "KH Brunt",
              "bowler": "AE Satterthwaite",
              "non_striker": "SW Bates",
              "runs": {
                "batter": 1,
                "extras": 0,
                "total": 1
              }
            },
            {
              "batter": "SW Bates",
              "bowler": "AE Satterthwaite",
              "non_striker": "KH Brunt",
              "runs": {
                "batter": 1,
                "extras": 0,
                "total": 1
              }
            },
            {
              "batter": "KH Brunt",
              "bowler": "AE Satterthwaite",
              "non_striker": "SW Bates",
              "runs": {
                "batter": 1,
                "extras": 0,
                "total": 1
              }
            },
            {
              "batter": "SW Bates",
              "bowler": "AE Satterthwaite",
              "non_striker": "KH Brunt",
              "runs": {
                "batter": 6,
                "extras": 0,
                "total": 6
              }
            }
          ]
        },
        {
          "over": 16,
          "deliveries": [
            {
              "batter": "KH Brunt",
              "bowler": "V Pyke",
              "extras": {
                "legbyes": 1
              },
              "non_striker": "SW Bates",
              "runs": {
                "batter": 0,
                "extras": 1,
                "total": 1
              }
            },
            {
              "batter": "SW Bates",
              "bowler": "V Pyke",
              "non_striker": "KH Brunt",
              "runs": {
                "batter": 1,
                "extras": 0,
                "total": 1
              }
            },
            {
              "batter": "KH Brunt",
              "bowler": "V Pyke",
              "non_striker": "SW Bates",
              "runs": {
                "batter": 4,
                "extras": 0,
                "total": 4
              }
            },
            {
              "batter": "KH Brunt",
              "bowler": "V Pyke",
              "non_striker": "SW Bates",
              "runs": {
                "batter": 2,
                "extras": 0,
                "total": 2
              }
            },
            {
              "batter": "KH Brunt",
              "bowler": "V Pyke",
              "non_striker": "SW Bates",
              "runs": {
                "batter": 2,
                "extras": 0,
                "total": 2
              }
            },
            {
              "batter": "KH Brunt",
              "bowler": "V Pyke",
              "non_striker": "SW Bates",
              "runs": {
                "batter": 0,
                "extras": 0,
                "total": 0
              }
            }
          ]
        },
        {
          "over": 17,
          "deliveries": [
            {
              "batter": "SW Bates",
              "bowler": "HK Matthews",
              "non_striker": "KH Brunt",
              "runs": {
                "batter": 0,
                "extras": 0,
                "total": 0
              }
            },
            {
              "batter": "SW Bates",
              "bowler": "HK Matthews",
              "non_striker": "KH Brunt",
              "runs": {
                "batter": 0,
                "extras": 0,
                "total": 0
              },
              "wickets": [
                {
                  "player_out": "SW Bates",
                  "fielders": [
                    {
                      "name": "K Fryett"
                    }
                  ],
                  "kind": "caught"
                }
              ]
            },
            {
              "batter": "KH Brunt",
              "bowler": "HK Matthews",
              "non_striker": "NE Bolton",
              "runs": {
                "batter": 0,
                "extras": 0,
                "total": 0
              },
              "wickets": [
                {
                  "player_out": "KH Brunt",
                  "fielders": [
                    {
                      "name": "V Pyke"
                    }
                  ],
                  "kind": "caught"
                }
              ]
            },
            {
              "batter": "NE Bolton",
              "bowler": "HK Matthews",
              "extras": {
                "byes": 1
              },
              "non_striker": "H Graham",
              "runs": {
                "batter": 0,
                "extras": 1,
                "total": 1
              }
            },
            {
              "batter": "H Graham",
              "bowler": "HK Matthews",
              "non_striker": "NE Bolton",
              "runs": {
                "batter": 1,
                "extras": 0,
                "total": 1
              }
            },
            {
              "batter": "NE Bolton",
              "bowler": "HK Matthews",
              "non_striker": "H Graham",
              "runs": {
                "batter": 1,
                "extras": 0,
                "total": 1
              }
            }
          ]
        },
        {
          "over": 18,
          "deliveries": [
            {
              "batter": "NE Bolton",
              "bowler": "K Fryett",
              "non_striker": "H Graham",
              "runs": {
                "batter": 1,
                "extras": 0,
                "total": 1
              }
            },
            {
              "batter": "H Graham",
              "bowler": "K Fryett",
              "non_striker": "NE Bolton",
              "runs": {
                "batter": 1,
                "extras": 0,
                "total": 1
              }
            },
            {
              "batter": "NE Bolton",
              "bowler": "K Fryett",
              "non_striker": "H Graham",
              "runs": {
                "batter": 4,
                "extras": 0,
                "total": 4
              }
            },
            {
              "batter": "NE Bolton",
              "bowler": "K Fryett",
              "extras": {
                "legbyes": 1
              },
              "non_striker": "H Graham",
              "runs": {
                "batter": 0,
                "extras": 1,
                "total": 1
              }
            },
            {
              "batter": "H Graham",
              "bowler": "K Fryett",
              "non_striker": "NE Bolton",
              "runs": {
                "batter": 2,
                "extras": 0,
                "total": 2
              }
            },
            {
              "batter": "H Graham",
              "bowler": "K Fryett",
              "non_striker": "NE Bolton",
              "runs": {
                "batter": 0,
                "extras": 0,
                "total": 0
              }
            }
          ]
        },
        {
          "over": 19,
          "deliveries": [
            {
              "batter": "NE Bolton",
              "bowler": "AE Satterthwaite",
              "non_striker": "H Graham",
              "runs": {
                "batter": 1,
                "extras": 0,
                "total": 1
              }
            },
            {
              "batter": "H Graham",
              "bowler": "AE Satterthwaite",
              "non_striker": "NE Bolton",
              "runs": {
                "batter": 1,
                "extras": 0,
                "total": 1
              }
            },
            {
              "batter": "NE Bolton",
              "bowler": "AE Satterthwaite",
              "non_striker": "H Graham",
              "runs": {
                "batter": 0,
                "extras": 0,
                "total": 0
              },
              "wickets": [
                {
                  "player_out": "NE Bolton",
                  "kind": "run out"
                }
              ]
            },
            {
              "batter": "H Graham",
              "bowler": "AE Satterthwaite",
              "extras": {
                "wides": 1
              },
              "non_striker": "LK Ebsary",
              "runs": {
                "batter": 0,
                "extras": 1,
                "total": 1
              }
            },
            {
              "batter": "H Graham",
              "bowler": "AE Satterthwaite",
              "non_striker": "LK Ebsary",
              "runs": {
                "batter": 1,
                "extras": 0,
                "total": 1
              }
            },
            {
              "batter": "LK Ebsary",
              "bowler": "AE Satterthwaite",
              "non_striker": "H Graham",
              "runs": {
                "batter": 4,
                "extras": 0,
                "total": 4
              }
            },
            {
              "batter": "LK Ebsary",
              "bowler": "AE Satterthwaite",
              "non_striker": "H Graham",
              "runs": {
                "batter": 2,
                "extras": 0,
                "total": 2
              }
            }
          ]
        }
      ],
      "powerplays": [
        {
          "from": 0.1,
          "to": 5.6,
          "type": "mandatory"
        }
      ]
    },
    {
      "team": "Hobart Hurricanes",
      "overs": [
        {
          "over": 0,
          "deliveries": [
            {
              "batter": "HK Matthews",
              "bowler": "SW Bates",
              "extras": {
                "wides": 1
              },
              "non_striker": "G Redmayne",
              "runs": {
                "batter": 0,
                "extras": 1,
                "total": 1
              }
            },
            {
              "batter": "HK Matthews",
              "bowler": "SW Bates",
              "extras": {
                "legbyes": 1
              },
              "non_striker": "G Redmayne",
              "runs": {
                "batter": 0,
                "extras": 1,
                "total": 1
              }
            },
            {
              "batter": "G Redmayne",
              "bowler": "SW Bates",
              "non_striker": "HK Matthews",
              "runs": {
                "batter": 1,
                "extras": 0,
                "total": 1
              }
            },
            {
              "batter": "HK Matthews",
              "bowler": "SW Bates",
              "non_striker": "G Redmayne",
              "runs": {
                "batter": 0,
                "extras": 0,
                "total": 0
              }
            },
            {
              "batter": "HK Matthews",
              "bowler": "SW Bates",
              "non_striker": "G Redmayne",
              "runs": {
                "batter": 0,
                "extras": 0,
                "total": 0
              }
            },
            {
              "batter": "HK Matthews",
              "bowler": "SW Bates",
              "non_striker": "G Redmayne",
              "runs": {
                "batter": 1,
                "extras": 0,
                "total": 1
              }
            },
            {
              "batter": "G Redmayne",
              "bowler": "SW Bates",
              "non_striker": "HK Matthews",
              "runs": {
                "batter": 0,
                "extras": 0,
                "total": 0
              }
            }
          ]
        },
        {
          "over": 1,
          "deliveries": [
            {
              "batter": "HK Matthews",
              "bowler": "KH Brunt",
              "non_striker": "G Redmayne",
              "runs": {
                "batter": 0,
                "extras": 0,
                "total": 0
              }
            },
            {
              "batter": "HK Matthews",
              "bowler": "KH Brunt",
              "non_striker": "G Redmayne",
              "runs": {
                "batter": 0,
                "extras": 0,
                "total": 0
              }
            },
            {
              "batter": "HK Matthews",
              "bowler": "KH Brunt",
              "non_striker": "G Redmayne",
              "runs": {
                "batter": 0,
                "extras": 0,
                "total": 0
              }
            },
            {
              "batter": "HK Matthews",
              "bowler": "KH Brunt",
              "non_striker": "G Redmayne",
              "runs": {
                "batter": 4,
                "extras": 0,
                "total": 4
              }
            },
            {
              "batter": "HK Matthews",
              "bowler": "KH Brunt",
              "non_striker": "G Redmayne",
              "runs": {
                "batter": 0,
                "extras": 0,
                "total": 0
              }
            },
            {
              "batter": "HK Matthews",
              "bowler": "KH Brunt",
              "non_striker": "G Redmayne",
              "runs": {
                "batter": 0,
                "extras": 0,
                "total": 0
              }
            }
          ]
        },
        {
          "over": 2,
          "deliveries": [
            {
              "batter": "G Redmayne",
              "bowler": "SW Bates",
              "non_striker": "HK Matthews",
              "runs": {
                "batter": 4,
                "extras": 0,
                "total": 4
              }
            },
            {
              "batter": "G Redmayne",
              "bowler": "SW Bates",
              "non_striker": "HK Matthews",
              "runs": {
                "batter": 0,
                "extras": 0,
                "total": 0
              }
            },
            {
              "batter": "G Redmayne",
              "bowler": "SW Bates",
              "non_striker": "HK Matthews",
              "runs": {
                "batter": 0,
                "extras": 0,
                "total": 0
              }
            },
            {
              "batter": "G Redmayne",
              "bowler": "SW Bates",
              "non_striker": "HK Matthews",
              "runs": {
                "batter": 0,
                "extras": 0,
                "total": 0
              }
            },
            {
              "batter": "G Redmayne",
              "bowler": "SW Bates",
              "extras": {
                "wides": 5
              },
              "non_striker": "HK Matthews",
              "runs": {
                "batter": 0,
                "extras": 5,
                "total": 5
              }
            },
            {
              "batter": "G Redmayne",
              "bowler": "SW Bates",
              "non_striker": "HK Matthews",
              "runs": {
                "batter": 0,
                "extras": 0,
                "total": 0
              },
              "wickets": [
                {
                  "player_out": "G Redmayne",
                  "kind": "bowled"
                }
              ]
            },
            {
              "batter": "HC Knight",
              "bowler": "SW Bates",
              "non_striker": "HK Matthews",
              "runs": {
                "batter": 0,
                "extras": 0,
                "total": 0
              }
            }
          ]
        },
        {
          "over": 3,
          "deliveries": [
            {
              "batter": "HK Matthews",
              "bowler": "KH Brunt",
              "extras": {
                "wides": 1
              },
              "non_striker": "HC Knight",
              "runs": {
                "batter": 0,
                "extras": 1,
                "total": 1
              }
            },
            {
              "batter": "HK Matthews",
              "bowler": "KH Brunt",
              "non_striker": "HC Knight",
              "runs": {
                "batter": 0,
                "extras": 0,
                "total": 0
              }
            },
            {
              "batter": "HK Matthews",
              "bowler": "KH Brunt",
              "non_striker": "HC Knight",
              "runs": {
                "batter": 0,
                "extras": 0,
                "total": 0
              }
            },
            {
              "batter": "HK Matthews",
              "bowler": "KH Brunt",
              "non_striker": "HC Knight",
              "runs": {
                "batter": 1,
                "extras": 0,
                "total": 1
              }
            },
            {
              "batter": "HC Knight",
              "bowler": "KH Brunt",
              "non_striker": "HK Matthews",
              "runs": {
                "batter": 0,
                "extras": 0,
                "total": 0
              }
            },
            {
              "batter": "HC Knight",
              "bowler": "KH Brunt",
              "non_striker": "HK Matthews",
              "runs": {
                "batter": 2,
                "extras": 0,
                "total": 2
              }
            },
            {
              "batter": "HC Knight",
              "bowler": "KH Brunt",
              "non_striker": "HK Matthews",
              "runs": {
                "batter": 2,
                "extras": 0,
                "total": 2
              }
            }
          ]
        },
        {
          "over": 4,
          "deliveries": [
            {
              "batter": "HK Matthews",
              "bowler": "EL King",
              "non_striker": "HC Knight",
              "runs": {
                "batter": 0,
                "extras": 0,
                "total": 0
              }
            },
            {
              "batter": "HK Matthews",
              "bowler": "EL King",
              "non_striker": "HC Knight",
              "runs": {
                "batter": 0,
                "extras": 0,
                "total": 0
              }
            },
            {
              "batter": "HK Matthews",
              "bowler": "EL King",
              "non_striker": "HC Knight",
              "runs": {
                "batter": 1,
                "extras": 0,
                "total": 1
              }
            },
            {
              "batter": "HC Knight",
              "bowler": "EL King",
              "non_striker": "HK Matthews",
              "runs": {
                "batter": 4,
                "extras": 0,
                "total": 4
              }
            },
            {
              "batter": "HC Knight",
              "bowler": "EL King",
              "non_striker": "HK Matthews",
              "runs": {
                "batter": 0,
                "extras": 0,
                "total": 0
              }
            },
            {
              "batter": "HC Knight",
              "bowler": "EL King",
              "non_striker": "HK Matthews",
              "runs": {
                "batter": 0,
                "extras": 0,
                "total": 0
              }
            }
          ]
        },
        {
          "over": 5,
          "deliveries": [
            {
              "batter": "HK Matthews",
              "bowler": "KH Brunt",
              "non_striker": "HC Knight",
              "runs": {
                "batter": 2,
                "extras": 0,
                "total": 2
              }
            },
            {
              "batter": "HK Matthews",
              "bowler": "KH Brunt",
              "non_striker": "HC Knight",
              "runs": {
                "batter": 0,
                "extras": 0,
                "total": 0
              },
              "wickets": [
                {
                  "player_out": "HK Matthews",
                  "kind": "bowled"
                }
              ]
            },
            {
              "batter": "AE Satterthwaite",
              "bowler": "KH Brunt",
              "non_striker": "HC Knight",
              "runs": {
                "batter": 1,
                "extras": 0,
                "total": 1
              }
            },
            {
              "batter": "HC Knight",
              "bowler": "KH Brunt",
              "non_striker": "AE Satterthwaite",
              "runs": {
                "batter": 0,
                "extras": 0,
                "total": 0
              }
            },
            {
              "batter": "HC Knight",
              "bowler": "KH Brunt",
              "non_striker": "AE Satterthwaite",
              "runs": {
                "batter": 0,
                "extras": 0,
                "total": 0
              },
              "wickets": [
                {
                  "player_out": "HC Knight",
                  "fielders": [
                    {
                      "name": "LK Ebsary"
                    }
                  ],
                  "kind": "caught"
                }
              ]
            },
            {
              "batter": "EA Burns",
              "bowler": "KH Brunt",
              "non_striker": "AE Satterthwaite",
              "runs": {
                "batter": 0,
                "extras": 0,
                "total": 0
              }
            }
          ]
        },
        {
          "over": 6,
          "deliveries": [
            {
              "batter": "AE Satterthwaite",
              "bowler": "EL King",
              "non_striker": "EA Burns",
              "runs": {
                "batter": 0,
                "extras": 0,
                "total": 0
              }
            },
            {
              "batter": "AE Satterthwaite",
              "bowler": "EL King",
              "non_striker": "EA Burns",
              "runs": {
                "batter": 1,
                "extras": 0,
                "total": 1
              }
            },
            {
              "batter": "EA Burns",
              "bowler": "EL King",
              "non_striker": "AE Satterthwaite",
              "runs": {
                "batter": 1,
                "extras": 0,
                "total": 1
              }
            },
            {
              "batter": "AE Satterthwaite",
              "bowler": "EL King",
              "non_striker": "EA Burns",
              "runs": {
                "batter": 1,
                "extras": 0,
                "total": 1
              }
            },
            {
              "batter": "EA Burns",
              "bowler": "EL King",
              "non_striker": "AE Satterthwaite",
              "runs": {
                "batter": 1,
                "extras": 0,
                "total": 1
              }
            },
            {
              "batter": "AE Satterthwaite",
              "bowler": "EL King",
              "non_striker": "EA Burns",
              "runs": {
                "batter": 2,
                "extras": 0,
                "total": 2
              }
            }
          ]
        },
        {
          "over": 7,
          "deliveries": [
            {
              "batter": "EA Burns",
              "bowler": "RL Grundy",
              "non_striker": "AE Satterthwaite",
              "runs": {
                "batter": 1,
                "extras": 0,
                "total": 1
              }
            },
            {
              "batter": "AE Satterthwaite",
              "bowler": "RL Grundy",
              "non_striker": "EA Burns",
              "runs": {
                "batter": 0,
                "extras": 0,
                "total": 0
              }
            },
            {
              "batter": "AE Satterthwaite",
              "bowler": "RL Grundy",
              "non_striker": "EA Burns",
              "runs": {
                "batter": 2,
                "extras": 0,
                "total": 2
              }
            },
            {
              "batter": "AE Satterthwaite",
              "bowler": "RL Grundy",
              "non_striker": "EA Burns",
              "runs": {
                "batter": 2,
                "extras": 0,
                "total": 2
              }
            },
            {
              "batter": "AE Satterthwaite",
              "bowler": "RL Grundy",
              "non_striker": "EA Burns",
              "runs": {
                "batter": 0,
                "extras": 0,
                "total": 0
              }
            },
            {
              "batter": "AE Satterthwaite",
              "bowler": "RL Grundy",
              "non_striker": "EA Burns",
              "runs": {
                "batter": 0,
                "extras": 0,
                "total": 0
              }
            }
          ]
        },
        {
          "over": 8,
          "deliveries": [
            {
              "batter": "EA Burns",
              "bowler": "EL King",
              "non_striker": "AE Satterthwaite",
              "runs": {
                "batter": 0,
                "extras": 0,
                "total": 0
              }
            },
            {
              "batter": "EA Burns",
              "bowler": "EL King",
              "non_striker": "AE Satterthwaite",
              "runs": {
                "batter": 4,
                "extras": 0,
                "total": 4
              }
            },
            {
              "batter": "EA Burns",
              "bowler": "EL King",
              "non_striker": "AE Satterthwaite",
              "runs": {
                "batter": 1,
                "extras": 0,
                "total": 1
              }
            },
            {
              "batter": "AE Satterthwaite",
              "bowler": "EL King",
              "non_striker": "EA Burns",
              "runs": {
                "batter": 0,
                "extras": 0,
                "total": 0
              }
            },
            {
              "batter": "AE Satterthwaite",
              "bowler": "EL King",
              "non_striker": "EA Burns",
              "runs": {
                "batter": 0,
                "extras": 0,
                "total": 0
              }
            },
            {
              "batter": "AE Satterthwaite",
              "bowler": "EL King",
              "non_striker": "EA Burns",
              "runs": {
                "batter": 1,
                "extras": 0,
                "total": 1
              }
            }
          ]
        },
        {
          "over": 9,
          "deliveries": [
            {
              "batter": "AE Satterthwaite",
              "bowler": "RL Grundy",
              "non_striker": "EA Burns",
              "runs": {
                "batter": 1,
                "extras": 0,
                "total": 1
              }
            },
            {
              "batter": "EA Burns",
              "bowler": "RL Grundy",
              "non_striker": "AE Satterthwaite",
              "runs": {
                "batter": 1,
                "extras": 0,
                "total": 1
              }
            },
            {
              "batter": "AE Satterthwaite",
              "bowler": "RL Grundy",
              "non_striker": "EA Burns",
              "runs": {
                "batter": 4,
                "extras": 0,
                "total": 4
              }
            },
            {
              "batter": "AE Satterthwaite",
              "bowler": "RL Grundy",
              "non_striker": "EA Burns",
              "runs": {
                "batter": 1,
                "extras": 0,
                "total": 1
              }
            },
            {
              "batter": "EA Burns",
              "bowler": "RL Grundy",
              "non_striker": "AE Satterthwaite",
              "runs": {
                "batter": 1,
                "extras": 0,
                "total": 1
              }
            },
            {
              "batter": "AE Satterthwaite",
              "bowler": "RL Grundy",
              "non_striker": "EA Burns",
              "runs": {
                "batter": 1,
                "extras": 0,
                "total": 1
              }
            }
          ]
        },
        {
          "over": 10,
          "deliveries": [
            {
              "batter": "AE Satterthwaite",
              "bowler": "H Graham",
              "non_striker": "EA Burns",
              "runs": {
                "batter": 1,
                "extras": 0,
                "total": 1
              }
            },
            {
              "batter": "EA Burns",
              "bowler": "H Graham",
              "non_striker": "AE Satterthwaite",
              "runs": {
                "batter": 1,
                "extras": 0,
                "total": 1
              }
            },
            {
              "batter": "AE Satterthwaite",
              "bowler": "H Graham",
              "non_striker": "EA Burns",
              "runs": {
                "batter": 0,
                "extras": 0,
                "total": 0
              },
              "wickets": [
                {
                  "player_out": "AE Satterthwaite",
                  "kind": "bowled"
                }
              ]
            },
            {
              "batter": "CL Hall",
              "bowler": "H Graham",
              "non_striker": "EA Burns",
              "runs": {
                "batter": 0,
                "extras": 0,
                "total": 0
              }
            },
            {
              "batter": "CL Hall",
              "bowler": "H Graham",
              "non_striker": "EA Burns",
              "runs": {
                "batter": 1,
                "extras": 0,
                "total": 1
              }
            },
            {
              "batter": "EA Burns",
              "bowler": "H Graham",
              "non_striker": "CL Hall",
              "runs": {
                "batter": 2,
                "extras": 0,
                "total": 2
              }
            }
          ]
        },
        {
          "over": 11,
          "deliveries": [
            {
              "batter": "CL Hall",
              "bowler": "E Biss",
              "non_striker": "EA Burns",
              "runs": {
                "batter": 1,
                "extras": 0,
                "total": 1
              }
            },
            {
              "batter": "EA Burns",
              "bowler": "E Biss",
              "non_striker": "CL Hall",
              "runs": {
                "batter": 0,
                "extras": 0,
                "total": 0
              },
              "wickets": [
                {
                  "player_out": "EA Burns",
                  "fielders": [
                    {
                      "name": "SW Bates"
                    }
                  ],
                  "kind": "caught"
                }
              ]
            },
            {
              "batter": "SK Moloney",
              "bowler": "E Biss",
              "non_striker": "CL Hall",
              "runs": {
                "batter": 0,
                "extras": 0,
                "total": 0
              }
            },
            {
              "batter": "SK Moloney",
              "bowler": "E Biss",
              "non_striker": "CL Hall",
              "runs": {
                "batter": 0,
                "extras": 0,
                "total": 0
              }
            },
            {
              "batter": "SK Moloney",
              "bowler": "E Biss",
              "non_striker": "CL Hall",
              "runs": {
                "batter": 0,
                "extras": 0,
                "total": 0
              }
            },
            {
              "batter": "SK Moloney",
              "bowler": "E Biss",
              "non_striker": "CL Hall",
              "runs": {
                "batter": 1,
                "extras": 0,
                "total": 1
              }
            }
          ]
        },
        {
          "over": 12,
          "deliveries": [
            {
              "batter": "SK Moloney",
              "bowler": "KH Brunt",
              "non_striker": "CL Hall",
              "runs": {
                "batter": 2,
                "extras": 0,
                "total": 2
              }
            },
            {
              "batter": "SK Moloney",
              "bowler": "KH Brunt",
              "non_striker": "CL Hall",
              "runs": {
                "batter": 0,
                "extras": 0,
                "total": 0
              }
            },
            {
              "batter": "SK Moloney",
              "bowler": "KH Brunt",
              "non_striker": "CL Hall",
              "runs": {
                "batter": 1,
                "extras": 0,
                "total": 1
              }
            },
            {
              "batter": "CL Hall",
              "bowler": "KH Brunt",
              "non_striker": "SK Moloney",
              "runs": {
                "batter": 0,
                "extras": 0,
                "total": 0
              }
            },
            {
              "batter": "CL Hall",
              "bowler": "KH Brunt",
              "extras": {
                "wides": 2
              },
              "non_striker": "SK Moloney",
              "runs": {
                "batter": 0,
                "extras": 2,
                "total": 2
              }
            },
            {
              "batter": "SK Moloney",
              "bowler": "KH Brunt",
              "non_striker": "CL Hall",
              "runs": {
                "batter": 0,
                "extras": 0,
                "total": 0
              }
            },
            {
              "batter": "SK Moloney",
              "bowler": "KH Brunt",
              "non_striker": "CL Hall",
              "runs": {
                "batter": 0,
                "extras": 0,
                "total": 0
              }
            }
          ]
        },
        {
          "over": 13,
          "deliveries": [
            {
              "batter": "CL Hall",
              "bowler": "E Biss",
              "non_striker": "SK Moloney",
              "runs": {
                "batter": 2,
                "extras": 0,
                "total": 2
              }
            },
            {
              "batter": "CL Hall",
              "bowler": "E Biss",
              "non_striker": "SK Moloney",
              "runs": {
                "batter": 1,
                "extras": 0,
                "total": 1
              }
            },
            {
              "batter": "SK Moloney",
              "bowler": "E Biss",
              "non_striker": "CL Hall",
              "runs": {
                "batter": 1,
                "extras": 0,
                "total": 1
              }
            },
            {
              "batter": "CL Hall",
              "bowler": "E Biss",
              "extras": {
                "wides": 2
              },
              "non_striker": "SK Moloney",
              "runs": {
                "batter": 0,
                "extras": 2,
                "total": 2
              }
            },
            {
              "batter": "SK Moloney",
              "bowler": "E Biss",
              "non_striker": "CL Hall",
              "runs": {
                "batter": 1,
                "extras": 0,
                "total": 1
              }
            },
            {
              "batter": "CL Hall",
              "bowler": "E Biss",
              "non_striker": "SK Moloney",
              "runs": {
                "batter": 1,
                "extras": 0,
                "total": 1
              }
            },
            {
              "batter": "SK Moloney",
              "bowler": "E Biss",
              "non_striker": "CL Hall",
              "runs": {
                "batter": 1,
                "extras": 0,
                "total": 1
              }
            }
          ]
        },
        {
          "over": 14,
          "deliveries": [
            {
              "batter": "SK Moloney",
              "bowler": "EL King",
              "non_striker": "CL Hall",
              "runs": {
                "batter": 1,
                "extras": 0,
                "total": 1
              }
            },
            {
              "batter": "CL Hall",
              "bowler": "EL King",
              "non_striker": "SK Moloney",
              "runs": {
                "batter": 1,
                "extras": 0,
                "total": 1
              }
            },
            {
              "batter": "SK Moloney",
              "bowler": "EL King",
              "non_striker": "CL Hall",
              "runs": {
                "batter": 2,
                "extras": 0,
                "total": 2
              }
            },
            {
              "batter": "SK Moloney",
              "bowler": "EL King",
              "non_striker": "CL Hall",
              "runs": {
                "batter": 0,
                "extras": 0,
                "total": 0
              },
              "wickets": [
                {
                  "player_out": "SK Moloney",
                  "kind": "bowled"
                }
              ]
            },
            {
              "batter": "E Thompson",
              "bowler": "EL King",
              "non_striker": "CL Hall",
              "runs": {
                "batter": 0,
                "extras": 0,
                "total": 0
              }
            },
            {
              "batter": "E Thompson",
              "bowler": "EL King",
              "non_striker": "CL Hall",
              "runs": {
                "batter": 1,
                "extras": 0,
                "total": 1
              }
            }
          ]
        },
        {
          "over": 15,
          "deliveries": [
            {
              "batter": "E Thompson",
              "bowler": "RL Grundy",
              "non_striker": "CL Hall",
              "runs": {
                "batter": 0,
                "extras": 0,
                "total": 0
              }
            },
            {
              "batter": "E Thompson",
              "bowler": "RL Grundy",
              "non_striker": "CL Hall",
              "runs": {
                "batter": 2,
                "extras": 0,
                "total": 2
              }
            },
            {
              "batter": "E Thompson",
              "bowler": "RL Grundy",
              "non_striker": "CL Hall",
              "runs": {
                "batter": 1,
                "extras": 0,
                "total": 1
              }
            },
            {
              "batter": "CL Hall",
              "bowler": "RL Grundy",
              "non_striker": "E Thompson",
              "runs": {
                "batter": 4,
                "extras": 0,
                "total": 4
              }
            },
            {
              "batter": "CL Hall",
              "bowler": "RL Grundy",
              "non_striker": "E Thompson",
              "runs": {
                "batter": 2,
                "extras": 0,
                "total": 2
              }
            },
            {
              "batter": "CL Hall",
              "bowler": "RL Grundy",
              "non_striker": "E Thompson",
              "runs": {
                "batter": 0,
                "extras": 0,
                "total": 0
              },
              "wickets": [
                {
                  "player_out": "CL Hall",
                  "kind": "lbw"
                }
              ]
            }
          ]
        },
        {
          "over": 16,
          "deliveries": [
            {
              "batter": "E Thompson",
              "bowler": "H Graham",
              "non_striker": "V Pyke",
              "runs": {
                "batter": 1,
                "extras": 0,
                "total": 1
              }
            },
            {
              "batter": "V Pyke",
              "bowler": "H Graham",
              "non_striker": "E Thompson",
              "runs": {
                "batter": 1,
                "extras": 0,
                "total": 1
              }
            },
            {
              "batter": "E Thompson",
              "bowler": "H Graham",
              "non_striker": "V Pyke",
              "runs": {
                "batter": 1,
                "extras": 0,
                "total": 1
              }
            },
            {
              "batter": "V Pyke",
              "bowler": "H Graham",
              "non_striker": "E Thompson",
              "runs": {
                "batter": 0,
                "extras": 0,
                "total": 0
              }
            },
            {
              "batter": "V Pyke",
              "bowler": "H Graham",
              "non_striker": "E Thompson",
              "runs": {
                "batter": 1,
                "extras": 0,
                "total": 1
              }
            },
            {
              "batter": "E Thompson",
              "bowler": "H Graham",
              "non_striker": "V Pyke",
              "runs": {
                "batter": 0,
                "extras": 0,
                "total": 0
              }
            }
          ]
        },
        {
          "over": 17,
          "deliveries": [
            {
              "batter": "V Pyke",
              "bowler": "RL Grundy",
              "non_striker": "E Thompson",
              "runs": {
                "batter": 0,
                "extras": 0,
                "total": 0
              }
            },
            {
              "batter": "V Pyke",
              "bowler": "RL Grundy",
              "extras": {
                "wides": 2
              },
              "non_striker": "E Thompson",
              "runs": {
                "batter": 0,
                "extras": 2,
                "total": 2
              }
            },
            {
              "batter": "E Thompson",
              "bowler": "RL Grundy",
              "non_striker": "V Pyke",
              "runs": {
                "batter": 0,
                "extras": 0,
                "total": 0
              },
              "wickets": [
                {
                  "player_out": "E Thompson",
                  "fielders": [
                    {
                      "name": "EJ Villani"
                    }
                  ],
                  "kind": "caught"
                }
              ]
            },
            {
              "batter": "V Pyke",
              "bowler": "RL Grundy",
              "non_striker": "B Hepburn",
              "runs": {
                "batter": 1,
                "extras": 0,
                "total": 1
              }
            },
            {
              "batter": "B Hepburn",
              "bowler": "RL Grundy",
              "non_striker": "V Pyke",
              "runs": {
                "batter": 0,
                "extras": 0,
                "total": 0
              }
            },
            {
              "batter": "B Hepburn",
              "bowler": "RL Grundy",
              "non_striker": "V Pyke",
              "runs": {
                "batter": 1,
                "extras": 0,
                "total": 1
              }
            },
            {
              "batter": "V Pyke",
              "bowler": "RL Grundy",
              "non_striker": "B Hepburn",
              "runs": {
                "batter": 2,
                "extras": 0,
                "total": 2
              }
            }
          ]
        },
        {
          "over": 18,
          "deliveries": [
            {
              "batter": "B Hepburn",
              "bowler": "H Graham",
              "non_striker": "V Pyke",
              "runs": {
                "batter": 0,
                "extras": 0,
                "total": 0
              },
              "wickets": [
                {
                  "player_out": "B Hepburn",
                  "fielders": [
                    {
                      "name": "NE Bolton"
                    }
                  ],
                  "kind": "caught"
                }
              ]
            },
            {
              "batter": "K Fryett",
              "bowler": "H Graham",
              "non_striker": "V Pyke",
              "runs": {
                "batter": 0,
                "extras": 0,
                "total": 0
              }
            },
            {
              "batter": "K Fryett",
              "bowler": "H Graham",
              "non_striker": "V Pyke",
              "runs": {
                "batter": 1,
                "extras": 0,
                "total": 1
              }
            },
            {
              "batter": "V Pyke",
              "bowler": "H Graham",
              "non_striker": "K Fryett",
              "runs": {
                "batter": 6,
                "extras": 0,
                "total": 6
              }
            },
            {
              "batter": "V Pyke",
              "bowler": "H Graham",
              "non_striker": "K Fryett",
              "runs": {
                "batter": 2,
                "extras": 0,
                "total": 2
              }
            },
            {
              "batter": "V Pyke",
              "bowler": "H Graham",
              "non_striker": "K Fryett",
              "runs": {
                "batter": 1,
                "extras": 0,
                "total": 1
              }
            }
          ]
        },
        {
          "over": 19,
          "deliveries": [
            {
              "batter": "V Pyke",
              "bowler": "SW Bates",
              "non_striker": "K Fryett",
              "runs": {
                "batter": 4,
                "extras": 0,
                "total": 4
              }
            },
            {
              "batter": "V Pyke",
              "bowler": "SW Bates",
              "non_striker": "K Fryett",
              "runs": {
                "batter": 0,
                "extras": 0,
                "total": 0
              }
            },
            {
              "batter": "V Pyke",
              "bowler": "SW Bates",
              "non_striker": "K Fryett",
              "runs": {
                "batter": 2,
                "extras": 0,
                "total": 2
              }
            },
            {
              "batter": "V Pyke",
              "bowler": "SW Bates",
              "non_striker": "K Fryett",
              "runs": {
                "batter": 4,
                "extras": 0,
                "total": 4
              }
            },
            {
              "batter": "V Pyke",
              "bowler": "SW Bates",
              "non_striker": "K Fryett",
              "runs": {
                "batter": 2,
                "extras": 0,
                "total": 2
              }
            },
            {
              "batter": "V Pyke",
              "bowler": "SW Bates",
              "non_striker": "K Fryett",
              "runs": {
                "batter": 1,
                "extras": 0,
                "total": 1
              }
            }
          ]
        }
      ],
      "powerplays": [
        {
          "from": 0.1,
          "to": 5.6,
          "type": "mandatory"
        }
      ],
      "target": {
        "overs": 20,
        "runs": 143
      }
    }
  ]
}