{
  "meta": {
    "data_version": "1.0.0",
    "created": "2020-07-24",
    "revision": 1
  },
  "info": {
    "balls_per_over": 6,
    "dates": [
      "2017-01-09"
    ],
    "event": {
      "name": "Women's Big Bash League",
      "match_number": 38
    },
    "gender": "female",
    "match_type": "T20",
    "officials": {
      "match_referees": [
        "Ian Thomas"
      ],
      "umpires": [
        "G Stubbings",
        "BC Treloar"
      ]
    },
    "outcome": {
      "winner": "Sydney Sixers",
      "by": {
        "wickets": 4
      }
    },
    "overs": 20,
    "player_of_match": [
      "AJ Healy"
    ],
    "players": {
      "Perth Scorchers": [
        "EJ Villani",
        "SW Bates",
        "NE Bolton",
        "H Graham",
        "LK Ebsary",
        "KH Brunt",
        "C Piparo",
        "A Shrubsole",
        "EL King",
        "EJ Smith",
        "KJ Hartshorn"
      ],
      "Sydney Sixers": [
        "AJ Healy",
        "EA Perry",
        "A Gardner",
        "SJ McGlashan",
        "D van Niekerk",
        "M Kapp",
        "AR Reakes",
        "SE Aley",
        "LG Smith",
        "LC Sthalekar",
        "EA Leys"
      ]
    },
    "registry": {
      "people": {
        "A Gardner": "bc969efb",
        "A Shrubsole": "32497ecd",
        "AJ Healy": "321644de",
        "AR Reakes": "13781d43",
        "BC Treloar": "f7e8ee52",
        "C Piparo": "276f3dde",
        "D van Niekerk": "8c5775f3",
        "EA Leys": "a6d06180",
        "EA Perry": "be150fc8",
        "EJ Smith": "05911fef",
        "EJ Villani": "cde96d97",
        "EL King": "2708b41c",
        "G Stubbings": "ece549e3",
        "H Graham": "99812d10",
        "Ian Thomas": "d4c0dc60",
        "KH Brunt": "6a434bd3",
        "KJ Hartshorn": "97d86043",
        "LC Sthalekar": "6bb7a785",
        "LG Smith": "9c515112",
        "LK Ebsary": "884375bf",
        "M Kapp": "63e3b6b3",
        "NE Bolton": "dd883071",
        "SE Aley": "5be043df",
        "SJ McGlashan": "af71535d",
        "SW Bates": "89bbc67a"
      }
    },
    "season": "2016/17",
    "team_type": "club",
    "teams": [
      "Perth Scorchers",
      "Sydney Sixers"
    ],
    "toss": {
      "decision": "bat",
      "winner": "Perth Scorchers"
    },
    "venue": "Sydney Cricket Ground"
  },
  "innings": [
    {
      "team": "Perth Scorchers",
      "overs": [
        {
          "over": 0,
          "deliveries": [
            {
              "batter": "EJ Villani",
              "bowler": "M Kapp",
              "non_striker": "SW Bates",
              "runs": {
                "batter": 0,
                "extras": 0,
                "total": 0
              }
            },
            {
              "batter": "EJ Villani",
              "bowler": "M Kapp",
              "non_striker": "SW Bates",
              "runs": {
                "batter": 4,
                "extras": 0,
                "total": 4
              }
            },
            {
              "batter": "EJ Villani",
              "bowler": "M Kapp",
              "non_striker": "SW Bates",
              "runs": {
                "batter": 0,
                "extras": 0,
                "total": 0
              }
            },
            {
              "batter": "EJ Villani",
              "bowler": "M Kapp",
              "non_striker": "SW Bates",
              "runs": {
                "batter": 0,
                "extras": 0,
                "total": 0
              }
            },
            {
              "batter": "EJ Villani",
              "bowler": "M Kapp",
              "non_striker": "SW Bates",
              "runs": {
                "batter": 1,
                "extras": 0,
                "total": 1
              }
            },
            {
              "batter": "SW Bates",
              "bowler": "M Kapp",
              "non_striker": "EJ Villani",
              "runs": {
                "batter": 4,
                "extras": 0,
                "total": 4
              }
            }
          ]
        },
        {
          "over": 1,
          "deliveries": [
            {
              "batter": "EJ Villani",
              "bowler": "EA Perry",
              "non_striker": "SW Bates",
              "runs": {
                "batter": 0,
                "extras": 0,
                "total": 0
              }
            },
            {
              "batter": "EJ Villani",
              "bowler": "EA Perry",
              "non_striker": "SW Bates",
              "runs": {
                "batter": 0,
                "extras": 0,
                "total": 0
              }
            },
            {
              "batter": "EJ Villani",
              "bowler": "EA Perry",
              "non_striker": "SW Bates",
              "runs": {
                "batter": 0,
                "extras": 0,
                "total": 0
              }
            },
            {
              "batter": "EJ Villani",
              "bowler": "EA Perry",
              "non_striker": "SW Bates",
              "runs": {
                "batter": 0,
                "extras": 0,
                "total": 0
              }
            },
            {
              "batter": "EJ Villani",
              "bowler": "EA Perry",
              "non_striker": "SW Bates",
              "runs": {
                "batter": 0,
                "extras": 0,
                "total": 0
              }
            },
            {
              "batter": "EJ Villani",
              "bowler": "EA Perry",
              "non_striker": "SW Bates",
              "runs": {
                "batter": 0,
                "extras": 0,
                "total": 0
              }
            }
          ]
        },
        {
          "over": 2,
          "deliveries": [
            {
              "batter": "SW Bates",
              "bowler": "M Kapp",
              "non_striker": "EJ Villani",
              "runs": {
                "batter": 0,
                "extras": 0,
                "total": 0
              }
            },
            {
              "batter": "SW Bates",
              "bowler": "M Kapp",
              "non_striker": "EJ Villani",
              "runs": {
                "batter": 2,
                "extras": 0,
                "total": 2
              }
            },
            {
              "batter": "SW Bates",
              "bowler": "M Kapp",
              "non_striker": "EJ Villani",
              "runs": {
                "batter": 0,
                "extras": 0,
                "total": 0
              }
            },
            {
              "batter": "SW Bates",
              "bowler": "M Kapp",
              "non_striker": "EJ Villani",
              "runs": {
                "batter": 0,
                "extras": 0,
                "total": 0
              }
            },
            {
              "batter": "SW Bates",
              "bowler": "M Kapp",
              "non_striker": "EJ Villani",
              "runs": {
                "batter": 1,
                "extras": 0,
                "total": 1
              }
            },
            {
              "batter": "EJ Villani",
              "bowler": "M Kapp",
              "non_striker": "SW Bates",
              "runs": {
                "batter": 0,
                "extras": 0,
                "total": 0
              }
            }
          ]
        },
        {
          "over": 3,
          "deliveries": [
            {
              "batter": "SW Bates",
              "bowler": "SE Aley",
              "non_striker": "EJ Villani",
              "runs": {
                "batter": 0,
                "extras": 0,
                "total": 0
              },
              "wickets": [
                {
                  "player_out": "SW Bates",
                  "fielders": [
                    {
                      "name": "A Gardner"
                    }
                  ],
                  "kind": "caught"
                }
              ]
            },
            {
              "batter": "EJ Villani",
              "bowler": "SE Aley",
              "non_striker": "NE Bolton",
              "runs": {
                "batter": 1,
                "extras": 0,
                "total": 1
              }
            },
            {
              "batter": "NE Bolton",
              "bowler": "SE Aley",
              "non_striker": "EJ Villani",
              "runs": {
                "batter": 0,
                "extras": 0,
                "total": 0
              }
            },
            {
              "batter": "NE Bolton",
              "bowler": "SE Aley",
              "non_striker": "EJ Villani",
              "runs": {
                "batter": 0,
                "extras": 0,
                "total": 0
              }
            },
            {
              "batter": "NE Bolton",
              "bowler": "SE Aley",
              "non_striker": "EJ Villani",
              "runs": {
                "batter": 0,
                "extras": 0,
                "total": 0
              }
            },
            {
              "batter": "NE Bolton",
              "bowler": "SE Aley",
              "non_striker": "EJ Villani",
              "runs": {
                "batter": 0,
                "extras": 0,
                "total": 0
              }
            }
          ]
        },
        {
          "over": 4,
          "deliveries": [
            {
              "batter": "EJ Villani",
              "bowler": "M Kapp",
              "non_striker": "NE Bolton",
              "runs": {
                "batter": 0,
                "extras": 0,
                "total": 0
              }
            },
            {
              "batter": "EJ Villani",
              "bowler": "M Kapp",
              "non_striker": "NE Bolton",
              "runs": {
                "batter": 0,
                "extras": 0,
                "total": 0
              }
            },
            {
              "batter": "EJ Villani",
              "bowler": "M Kapp",
              "non_striker": "NE Bolton",
              "runs": {
                "batter": 1,
                "extras": 0,
                "total": 1
              }
            },
            {
              "batter": "NE Bolton",
              "bowler": "M Kapp",
              "non_striker": "EJ Villani",
              "runs": {
                "batter": 0,
                "extras": 0,
                "total": 0
              }
            },
            {
              "batter": "NE Bolton",
              "bowler": "M Kapp",
              "non_striker": "EJ Villani",
              "runs": {
                "batter": 1,
                "extras": 0,
                "total": 1
              }
            },
            {
              "batter": "EJ Villani",
              "bowler": "M Kapp",
              "non_striker": "NE Bolton",
              "runs": {
                "batter": 0,
                "extras": 0,
                "total": 0
              },
              "wickets": [
                {
                  "player_out": "EJ Villani",
                  "kind": "bowled"
                }
              ]
            }
          ]
        },
        {
          "over": 5,
          "deliveries": [
            {
              "batter": "NE Bolton",
              "bowler": "EA Perry",
              "non_striker": "H Graham",
              "runs": {
                "batter": 0,
                "extras": 0,
                "total": 0
              }
            },
            {
              "batter": "NE Bolton",
              "bowler": "EA Perry",
              "non_striker": "H Graham",
              "runs": {
                "batter": 0,
                "extras": 0,
                "total": 0
              }
            },
            {
              "batter": "NE Bolton",
              "bowler": "EA Perry",
              "non_striker": "H Graham",
              "runs": {
                "batter": 0,
                "extras": 0,
                "total": 0
              }
            },
            {
              "batter": "NE Bolton",
              "bowler": "EA Perry",
              "non_striker": "H Graham",
              "runs": {
                "batter": 0,
                "extras": 0,
                "total": 0
              }
            },
            {
              "batter": "NE Bolton",
              "bowler": "EA Perry",
              "non_striker": "H Graham",
              "runs": {
                "batter": 3,
                "extras": 0,
                "total": 3
              }
            },
            {
              "batter": "H Graham",
              "bowler": "EA Perry",
              "non_striker": "NE Bolton",
              "runs": {
                "batter": 1,
                "extras": 0,
                "total": 1
              }
            }
          ]
        },
        {
          "over": 6,
          "deliveries": [
            {
              "batter": "H Graham",
              "bowler": "SE Aley",
              "non_striker": "NE Bolton",
              "runs": {
                "batter": 1,
                "extras": 0,
                "total": 1
              }
            },
            {
              "batter": "NE Bolton",
              "bowler": "SE Aley",
              "non_striker": "H Graham",
              "runs": {
                "batter": 0,
                "extras": 0,
                "total": 0
              }
            },
            {
              "batter": "NE Bolton",
              "bowler": "SE Aley",
              "non_striker": "H Graham",
              "runs": {
                "batter": 1,
                "extras": 0,
                "total": 1
              }
            },
            {
              "batter": "H Graham",
              "bowler": "SE Aley",
              "non_striker": "NE Bolton",
              "runs": {
                "batter": 1,
                "extras": 0,
                "total": 1
              }
            },
            {
              "batter": "NE Bolton",
              "bowler": "SE Aley",
              "non_striker": "H Graham",
              "runs": {
                "batter": 2,
                "extras": 0,
                "total": 2
              }
            },
            {
              "batter": "NE Bolton",
              "bowler": "SE Aley",
              "non_striker": "H Graham",
              "runs": {
                "batter": 1,
                "extras": 0,
                "total": 1
              }
            }
          ]
        },
        {
          "over": 7,
          "deliveries": [
            {
              "batter": "NE Bolton",
              "bowler": "A Gardner",
              "non_striker": "H Graham",
              "runs": {
                "batter": 0,
                "extras": 0,
                "total": 0
              }
            },
            {
              "batter": "NE Bolton",
              "bowler": "A Gardner",
              "non_striker": "H Graham",
              "runs": {
                "batter": 1,
                "extras": 0,
                "total": 1
              }
            },
            {
              "batter": "H Graham",
              "bowler": "A Gardner",
              "non_striker": "NE Bolton",
              "runs": {
                "batter": 1,
                "extras": 0,
                "total": 1
              }
            },
            {
              "batter": "NE Bolton",
              "bowler": "A Gardner",
              "non_striker": "H Graham",
              "runs": {
                "batter": 1,
                "extras": 0,
                "total": 1
              }
            },
            {
              "batter": "H Graham",
              "bowler": "A Gardner",
              "non_striker": "NE Bolton",
              "runs": {
                "batter": 4,
                "extras": 0,
                "total": 4
              }
            },
            {
              "batter": "H Graham",
              "bowler": "A Gardner",
              "non_striker": "NE Bolton",
              "runs": {
                "batter": 0,
                "extras": 0,
                "total": 0
              }
            }
          ]
        },
        {
          "over": 8,
          "deliveries": [
            {
              "batter": "NE Bolton",
              "bowler": "D van Niekerk",
              "non_striker": "H Graham",
              "runs": {
                "batter": 1,
                "extras": 0,
                "total": 1
              }
            },
            {
              "batter": "H Graham",
              "bowler": "D van Niekerk",
              "non_striker": "NE Bolton",
              "runs": {
                "batter": 0,
                "extras": 0,
                "total": 0
              }
            },
            {
              "batter": "H Graham",
              "bowler": "D van Niekerk",
              "non_striker": "NE Bolton",
              "runs": {
                "batter": 0,
                "extras": 0,
                "total": 0
              }
            },
            {
              "batter": "H Graham",
              "bowler": "D van Niekerk",
              "non_striker": "NE Bolton",
              "runs": {
                "batter": 2,
                "extras": 0,
                "total": 2
              }
            },
            {
              "batter": "H Graham",
              "bowler": "D van Niekerk",
              "non_striker": "NE Bolton",
              "runs": {
                "batter": 4,
                "extras": 0,
                "total": 4
              }
            },
            {
              "batter": "H Graham",
              "bowler": "D van Niekerk",
              "non_striker": "NE Bolton",
              "runs": {
                "batter": 1,
                "extras": 0,
                "total": 1
              }
            }
          ]
        },
        {
          "over": 9,
          "deliveries": [
            {
              "batter": "H Graham",
              "bowler": "LG Smith",
              "non_striker": "NE Bolton",
              "runs": {
                "batter": 1,
                "extras": 0,
                "total": 1
              }
            },
            {
              "batter": "NE Bolton",
              "bowler": "LG Smith",
              "non_striker": "H Graham",
              "runs": {
                "batter": 0,
                "extras": 0,
                "total": 0
              }
            },
            {
              "batter": "NE Bolton",
              "bowler": "LG Smith",
              "non_striker": "H Graham",
              "runs": {
                "batter": 1,
                "extras": 0,
                "total": 1
              }
            },
            {
              "batter": "H Graham",
              "bowler": "LG Smith",
              "non_striker": "NE Bolton",
              "runs": {
                "batter": 1,
                "extras": 0,
                "total": 1
              }
            },
            {
              "batter": "NE Bolton",
              "bowler": "LG Smith",
              "non_striker": "H Graham",
              "runs": {
                "batter": 2,
                "extras": 0,
                "total": 2
              }
            },
            {
              "batter": "NE Bolton",
              "bowler": "LG Smith",
              "non_striker": "H Graham",
              "runs": {
                "batter": 0,
                "extras": 0,
                "total": 0
              },
              "wickets": [
                {
                  "player_out": "NE Bolton",
                  "fielders": [
                    {
                      "name": "AR Reakes"
                    }
                  ],
                  "kind": "caught"
                }
              ]
            }
          ]
        },
        {
          "over": 10,
          "deliveries": [
            {
              "batter": "LK Ebsary",
              "bowler": "SE Aley",
              "non_striker": "H Graham",
              "runs": {
                "batter": 0,
                "extras": 0,
                "total": 0
              }
            },
            {
              "batter": "LK Ebsary",
              "bowler": "SE Aley",
              "non_striker": "H Graham",
              "runs": {
                "batter": 4,
                "extras": 0,
                "total": 4
              }
            },
            {
              "batter": "LK Ebsary",
              "bowler": "SE Aley",
              "extras": {
                "wides": 5
              },
              "non_striker": "H Graham",
              "runs": {
                "batter": 0,
                "extras": 5,
                "total": 5
              }
            },
            {
              "batter": "LK Ebsary",
              "bowler": "SE Aley",
              "non_striker": "H Graham",
              "runs": {
                "batter": 1,
                "extras": 0,
                "total": 1
              }
            },
            {
              "batter": "H Graham",
              "bowler": "SE Aley",
              "non_striker": "LK Ebsary",
              "runs": {
                "batter": 1,
                "extras": 0,
                "total": 1
              }
            },
            {
              "batter": "LK Ebsary",
              "bowler": "SE Aley",
              "non_striker": "H Graham",
              "runs": {
                "batter": 2,
                "extras": 0,
                "total": 2
              }
            },
            {
              "batter": "LK Ebsary",
              "bowler": "SE Aley",
              "non_striker": "H Graham",
              "runs": {
                "batter": 0,
                "extras": 0,
                "total": 0
              }
            }
          ]
        },
        {
          "over": 11,
          "deliveries": [
            {
              "batter": "H Graham",
              "bowler": "LG Smith",
              "non_striker": "LK Ebsary",
              "runs": {
                "batter": 0,
                "extras": 0,
                "total": 0
              }
            },
            {
              "batter": "H Graham",
              "bowler": "LG Smith",
              "non_striker": "LK Ebsary",
              "runs": {
                "batter": 1,
                "extras": 0,
                "total": 1
              }
            },
            {
              "batter": "LK Ebsary",
              "bowler": "LG Smith",
              "non_striker": "H Graham",
              "runs": {
                "batter": 1,
                "extras": 0,
                "total": 1
              }
            },
            {
              "batter": "H Graham",
              "bowler": "LG Smith",
              "non_striker": "LK Ebsary",
              "runs": {
                "batter": 0,
                "extras": 0,
                "total": 0
              }
            },
            {
              "batter": "H Graham",
              "bowler": "LG Smith",
              "non_striker": "LK Ebsary",
              "runs": {
                "batter": 4,
                "extras": 0,
                "total": 4
              }
            },
            {
              "batter": "H Graham",
              "bowler": "LG Smith",
              "non_striker": "LK Ebsary",
              "runs": {
                "batter": 0,
                "extras": 0,
                "total": 0
              }
            }
          ]
        },
        {
          "over": 12,
          "deliveries": [
            {
              "batter": "LK Ebsary",
              "bowler": "D van Niekerk",
              "non_striker": "H Graham",
              "runs": {
                "batter": 2,
                "extras": 0,
                "total": 2
              }
            },
            {
              "batter": "LK Ebsary",
              "bowler": "D van Niekerk",
              "non_striker": "H Graham",
              "runs": {
                "batter": 1,
                "extras": 0,
                "total": 1
              }
            },
            {
              "batter": "H Graham",
              "bowler": "D van Niekerk",
              "non_striker": "LK Ebsary",
              "runs": {
                "batter": 1,
                "extras": 0,
                "total": 1
              }
            },
            {
              "batter": "LK Ebsary",
              "bowler": "D van Niekerk",
              "non_striker": "H Graham",
              "runs": {
                "batter": 1,
                "extras": 0,
                "total": 1
              }
            },
            {
              "batter": "H Graham",
              "bowler": "D van Niekerk",
              "non_striker": "LK Ebsary",
              "runs": {
                "batter": 1,
                "extras": 0,
                "total": 1
              }
            },
            {
              "batter": "LK Ebsary",
              "bowler": "D van Niekerk",
              "non_striker": "H Graham",
              "runs": {
                "batter": 1,
                "extras": 0,
                "total": 1
              }
            }
          ]
        },
        {
          "over": 13,
          "deliveries": [
            {
              "batter": "LK Ebsary",
              "bowler": "LC Sthalekar",
              "non_striker": "H Graham",
              "runs": {
                "batter": 0,
                "extras": 0,
                "total": 0
              }
            },
            {
              "batter": "LK Ebsary",
              "bowler": "LC Sthalekar",
              "non_striker": "H Graham",
              "runs": {
                "batter": 1,
                "extras": 0,
                "total": 1
              }
            },
            {
              "batter": "H Graham",
              "bowler": "LC Sthalekar",
              "extras": {
                "legbyes": 1
              },
              "non_striker": "LK Ebsary",
              "runs": {
                "batter": 0,
                "extras": 1,
                "total": 1
              }
            },
            {
              "batter": "LK Ebsary",
              "bowler": "LC Sthalekar",
              "non_striker": "H Graham",
              "runs": {
                "batter": 2,
                "extras": 0,
                "total": 2
              }
            },
            {
              "batter": "LK Ebsary",
              "bowler": "LC Sthalekar",
              "non_striker": "H Graham",
              "runs": {
                "batter": 1,
                "extras": 0,
                "total": 1
              }
            },
            {
              "batter": "H Graham",
              "bowler": "LC Sthalekar",
              "non_striker": "LK Ebsary",
              "runs": {
                "batter": 1,
                "extras": 0,
                "total": 1
              }
            }
          ]
        },
        {
          "over": 14,
          "deliveries": [
            {
              "batter": "H Graham",
              "bowler": "A Gardner",
              "non_striker": "LK Ebsary",
              "runs": {
                "batter": 0,
                "extras": 0,
                "total": 0
              }
            },
            {
              "batter": "H Graham",
              "bowler": "A Gardner",
              "non_striker": "LK Ebsary",
              "runs": {
                "batter": 4,
                "extras": 0,
                "total": 4
              }
            },
            {
              "batter": "H Graham",
              "bowler": "A Gardner",
              "non_striker": "LK Ebsary",
              "runs": {
                "batter": 4,
                "extras": 0,
                "total": 4
              }
            },
            {
              "batter": "H Graham",
              "bowler": "A Gardner",
              "non_striker": "LK Ebsary",
              "runs": {
                "batter": 1,
                "extras": 0,
                "total": 1
              }
            },
            {
              "batter": "LK Ebsary",
              "bowler": "A Gardner",
              "non_striker": "H Graham",
              "runs": {
                "batter": 1,
                "extras": 0,
                "total": 1
              }
            },
            {
              "batter": "H Graham",
              "bowler": "A Gardner",
              "non_striker": "LK Ebsary",
              "runs": {
                "batter": 2,
                "extras": 0,
                "total": 2
              }
            }
          ]
        },
        {
          "over": 15,
          "deliveries": [
            {
              "batter": "LK Ebsary",
              "bowler": "EA Perry",
              "non_striker": "H Graham",
              "runs": {
                "batter": 1,
                "extras": 0,
                "total": 1
              }
            },
            {
              "batter": "H Graham",
              "bowler": "EA Perry",
              "non_striker": "LK Ebsary",
              "runs": {
                "batter": 0,
                "extras": 0,
                "total": 0
              }
            },
            {
              "batter": "H Graham",
              "bowler": "EA Perry",
              "non_striker": "LK Ebsary",
              "runs": {
                "batter": 0,
                "extras": 0,
                "total": 0
              },
              "wickets": [
                {
                  "player_out": "H Graham",
                  "fielders": [
                    {
                      "name": "A Gardner"
                    }
                  ],
                  "kind": "caught"
                }
              ]
            },
            {
              "batter": "LK Ebsary",
              "bowler": "EA Perry",
              "non_striker": "KH Brunt",
              "runs": {
                "batter": 4,
                "extras": 0,
                "total": 4
              }
            },
            {
              "batter": "LK Ebsary",
              "bowler": "EA Perry",
              "non_striker": "KH Brunt",
              "runs": {
                "batter": 4,
                "extras": 0,
                "total": 4
              }
            },
            {
              "batter": "LK Ebsary",
              "bowler": "EA Perry",
              "non_striker": "KH Brunt",
              "runs": {
                "batter": 1,
                "extras": 0,
                "total": 1
              }
            }
          ]
        },
        {
          "over": 16,
          "deliveries": [
            {
              "batter": "LK Ebsary",
              "bowler": "SE Aley",
              "extras": {
                "wides": 1
              },
              "non_striker": "KH Brunt",
              "runs": {
                "batter": 0,
                "extras": 1,
                "total": 1
              }
            },
            {
              "batter": "LK Ebsary",
              "bowler": "SE Aley",
              "non_striker": "KH Brunt",
              "runs": {
                "batter": 4,
                "extras": 0,
                "total": 4
              }
            },
            {
              "batter": "LK Ebsary",
              "bowler": "SE Aley",
              "non_striker": "KH Brunt",
              "runs": {
                "batter": 0,
                "extras": 0,
                "total": 0
              }
            },
            {
              "batter": "LK Ebsary",
              "bowler": "SE Aley",
              "non_striker": "KH Brunt",
              "runs": {
                "batter": 1,
                "extras": 0,
                "total": 1
              }
            },
            {
              "batter": "KH Brunt",
              "bowler": "SE Aley",
              "non_striker": "LK Ebsary",
              "runs": {
                "batter": 1,
                "extras": 0,
                "total": 1
              }
            },
            {
              "batter": "LK Ebsary",
              "bowler": "SE Aley",
              "non_striker": "KH Brunt",
              "runs": {
                "batter": 1,
                "extras": 0,
                "total": 1
              }
            },
            {
              "batter": "KH Brunt",
              "bowler": "SE Aley",
              "non_striker": "LK Ebsary",
              "runs": {
                "batter": 1,
                "extras": 0,
                "total": 1
              }
            }
          ]
        },
        {
          "over": 17,
          "deliveries": [
            {
              "batter": "KH Brunt",
              "bowler": "LG Smith",
              "non_striker": "LK Ebsary",
              "runs": {
                "batter": 4,
                "extras": 0,
                "total": 4
              }
            },
            {
              "batter": "KH Brunt",
              "bowler": "LG Smith",
              "non_striker": "LK Ebsary",
              "runs": {
                "batter": 0,
                "extras": 0,
                "total": 0
              },
              "wickets": [
                {
                  "player_out": "KH Brunt",
                  "fielders": [
                    {
                      "name": "M Kapp"
                    }
                  ],
                  "kind": "caught"
                }
              ]
            },
            {
              "batter": "LK Ebsary",
              "bowler": "LG Smith",
              "non_striker": "C Piparo",
              "runs": {
                "batter": 1,
                "extras": 0,
                "total": 1
              }
            },
            {
              "batter": "C Piparo",
              "bowler": "LG Smith",
              "non_striker": "LK Ebsary",
              "runs": {
                "batter": 0,
                "extras": 0,
                "total": 0
              },
              "wickets": [
                {
                  "player_out": "C Piparo",
                  "fielders": [
                    {
                      "name": "AJ Healy"
                    }
                  ],
                  "kind": "caught"
                }
              ]
            },
            {
              "batter": "A Shrubsole",
              "bowler": "LG Smith",
              "non_striker": "LK Ebsary",
              "runs": {
                "batter": 2,
                "extras": 0,
                "total": 2
              }
            },
            {
              "batter": "A Shrubsole",
              "bowler": "LG Smith",
              "non_striker": "LK Ebsary",
              "runs": {
                "batter": 0,
                "extras": 0,
                "total": 0
              }
            }
          ]
        },
        {
          "over": 18,
          "deliveries": [
            {
              "batter": "LK Ebsary",
              "bowler": "M Kapp",
              "non_striker": "A Shrubsole",
              "runs": {
                "batter": 1,
                "extras": 0,
                "total": 1
              }
            },
            {
              "batter": "A Shrubsole",
              "bowler": "M Kapp",
              "non_striker": "LK Ebsary",
              "runs": {
                "batter": 1,
                "extras": 0,
                "total": 1
              }
            },
            {
              "batter": "LK Ebsary",
              "bowler": "M Kapp",
              "non_striker": "A Shrubsole",
              "runs": {
                "batter": 0,
                "extras": 0,
                "total": 0
              }
            },
            {
              "batter": "LK Ebsary",
              "bowler": "M Kapp",
              "extras": {
                "wides": 5
              },
              "non_striker": "A Shrubsole",
              "runs": {
                "batter": 0,
                "extras": 5,
                "total": 5
              }
            },
            {
              "batter": "LK Ebsary",
              "bowler": "M Kapp",
              "non_striker": "A Shrubsole",
              "runs": {
                "batter": 1,
                "extras": 0,
                "total": 1
              }
            },
            {
              "batter": "A Shrubsole",
              "bowler": "M Kapp",
              "non_striker": "LK Ebsary",
              "runs": {
                "batter": 0,
                "extras": 0,
                "total": 0
              },
              "wickets": [
                {
                  "player_out": "A Shrubsole",
                  "kind": "bowled"
                }
              ]
            },
            {
              "batter": "EL King",
              "bowler": "M Kapp",
              "non_striker": "LK Ebsary",
              "runs": {
                "batter": 1,
                "extras": 0,
                "total": 1
              }
            }
          ]
        },
        {
          "over": 19,
          "deliveries": [
            {
              "batter": "EL King",
              "bowler": "LG Smith",
              "extras": {
                "wides": 1
              },
              "non_striker": "LK Ebsary",
              "runs": {
                "batter": 0,
                "extras": 1,
                "total": 1
              }
            },
            {
              "batter": "EL King",
              "bowler": "LG Smith",
              "non_striker": "LK Ebsary",
              "runs": {
                "batter": 1,
                "extras": 0,
                "total": 1
              }
            },
            {
              "batter": "LK Ebsary",
              "bowler": "LG Smith",
              "non_striker": "EL King",
              "runs": {
                "batter": 0,
                "extras": 0,
                "total": 0
              },
              "wickets": [
                {
                  "player_out": "LK Ebsary",
                  "kind": "bowled"
                }
              ]
            },
            {
              "batter": "EJ Smith",
              "bowler": "LG Smith",
              "non_striker": "EL King",
              "runs": {
                "batter": 0,
                "extras": 0,
                "total": 0
              }
            },
            {
              "batter": "EJ Smith",
              "bowler": "LG Smith",
              "non_striker": "EL King",
              "runs": {
                "batter": 1,
                "extras": 0,
                "total": 1
              }
            },
            {
              "batter": "EL King",
              "bowler": "LG Smith",
              "non_striker": "EJ Smith",
              "runs": {
                "batter": 1,
                "extras": 0,
                "total": 1
              }
            },
            {
              "batter": "EJ Smith",
              "bowler": "LG Smith",
              "non_striker": "EL King",
              "runs": {
                "batter": 1,
                "extras": 0,
                "total": 1
              },
              "wickets": [
                {
                  "player_out": "EJ Smith",
                  "kind": "run out"
                }
              ]
            }
          ]
        }
      ],
      "powerplays": [
        {
          "from": 0.1,
          "to": 5.6,
          "type": "mandatory"
        }
      ]
    },
    {
      "team": "Sydney Sixers",
      "overs": [
        {
          "over": 0,
          "deliveries": [
            {
              "batter": "AJ Healy",
              "bowler": "A Shrubsole",
              "non_striker": "EA Perry",
              "runs": {
                "batter": 0,
                "extras": 0,
                "total": 0
              }
            },
            {
              "batter": "AJ Healy",
              "bowler": "A Shrubsole",
              "non_striker": "EA Perry",
              "runs": {
                "batter": 1,
                "extras": 0,
                "total": 1
              }
            },
            {
              "batter": "EA Perry",
              "bowler": "A Shrubsole",
              "extras": {
                "wides": 1
              },
              "non_striker": "AJ Healy",
              "runs": {
                "batter": 0,
                "extras": 1,
                "total": 1
              }
            },
            {
              "batter": "EA Perry",
              "bowler": "A Shrubsole",
              "non_striker": "AJ Healy",
              "runs": {
                "batter": 0,
                "extras": 0,
                "total": 0
              }
            },
            {
              "batter": "EA Perry",
              "bowler": "A Shrubsole",
              "non_striker": "AJ Healy",
              "runs": {
                "batter": 0,
                "extras": 0,
                "total": 0
              }
            },
            {
              "batter": "EA Perry",
              "bowler": "A Shrubsole",
              "non_striker": "AJ Healy",
              "runs": {
                "batter": 0,
                "extras": 0,
                "total": 0
              }
            },
            {
              "batter": "EA Perry",
              "bowler": "A Shrubsole",
              "non_striker": "AJ Healy",
              "runs": {
                "batter": 1,
                "extras": 0,
                "total": 1
              }
            }
          ]
        },
        {
          "over": 1,
          "deliveries": [
            {
              "batter": "EA Perry",
              "bowler": "KH Brunt",
              "non_striker": "AJ Healy",
              "runs": {
                "batter": 0,
                "extras": 0,
                "total": 0
              }
            },
            {
              "batter": "EA Perry",
              "bowler": "KH Brunt",
              "non_striker": "AJ Healy",
              "runs": {
                "batter": 0,
                "extras": 0,
                "total": 0
              }
            },
            {
              "batter": "EA Perry",
              "bowler": "KH Brunt",
              "non_striker": "AJ Healy",
              "runs": {
                "batter": 1,
                "extras": 0,
                "total": 1
              }
            },
            {
              "batter": "AJ Healy",
              "bowler": "KH Brunt",
              "non_striker": "EA Perry",
              "runs": {
                "batter": 0,
                "extras": 0,
                "total": 0
              }
            },
            {
              "batter": "AJ Healy",
              "bowler": "KH Brunt",
              "non_striker": "EA Perry",
              "runs": {
                "batter": 0,
                "extras": 0,
                "total": 0
              }
            },
            {
              "batter": "AJ Healy",
              "bowler": "KH Brunt",
              "non_striker": "EA Perry",
              "runs": {
                "batter": 1,
                "extras": 0,
                "total": 1
              }
            }
          ]
        },
        {
          "over": 2,
          "deliveries": [
            {
              "batter": "AJ Healy",
              "bowler": "A Shrubsole",
              "non_striker": "EA Perry",
              "runs": {
                "batter": 1,
                "extras": 0,
                "total": 1
              }
            },
            {
              "batter": "EA Perry",
              "bowler": "A Shrubsole",
              "non_striker": "AJ Healy",
              "runs": {
                "batter": 0,
                "extras": 0,
                "total": 0
              }
            },
            {
              "batter": "EA Perry",
              "bowler": "A Shrubsole",
              "non_striker": "AJ Healy",
              "runs": {
                "batter": 1,
                "extras": 0,
                "total": 1
              }
            },
            {
              "batter": "AJ Healy",
              "bowler": "A Shrubsole",
              "non_striker": "EA Perry",
              "runs": {
                "batter": 0,
                "extras": 0,
                "total": 0
              }
            },
            {
              "batter": "AJ Healy",
              "bowler": "A Shrubsole",
              "non_striker": "EA Perry",
              "runs": {
                "batter": 0,
                "extras": 0,
                "total": 0
              }
            },
            {
              "batter": "AJ Healy",
              "bowler": "A Shrubsole",
              "non_striker": "EA Perry",
              "runs": {
                "batter": 0,
                "extras": 0,
                "total": 0
              }
            }
          ]
        },
        {
          "over": 3,
          "deliveries": [
            {
              "batter": "EA Perry",
              "bowler": "KH Brunt",
              "non_striker": "AJ Healy",
              "runs": {
                "batter": 0,
                "extras": 0,
                "total": 0
              }
            },
            {
              "batter": "EA Perry",
              "bowler": "KH Brunt",
              "non_striker": "AJ Healy",
              "runs": {
                "batter": 0,
                "extras": 0,
                "total": 0
              }
            },
            {
              "batter": "EA Perry",
              "bowler": "KH Brunt",
              "non_striker": "AJ Healy",
              "runs": {
                "batter": 1,
                "extras": 0,
                "total": 1
              }
            },
            {
              "batter": "AJ Healy",
              "bowler": "KH Brunt",
              "non_striker": "EA Perry",
              "runs": {
                "batter": 0,
                "extras": 0,
                "total": 0
              }
            },
            {
              "batter": "AJ Healy",
              "bowler": "KH Brunt",
              "non_striker": "EA Perry",
              "runs": {
                "batter": 1,
                "extras": 0,
                "total": 1
              }
            },
            {
              "batter": "EA Perry",
              "bowler": "KH Brunt",
              "non_striker": "AJ Healy",
              "runs": {
                "batter": 1,
                "extras": 0,
                "total": 1
              }
            }
          ]
        },
        {
          "over": 4,
          "deliveries": [
            {
              "batter": "EA Perry",
              "bowler": "A Shrubsole",
              "non_striker": "AJ Healy",
              "runs": {
                "batter": 0,
                "extras": 0,
                "total": 0
              }
            },
            {
              "batter": "EA Perry",
              "bowler": "A Shrubsole",
              "extras": {
                "wides": 1
              },
              "non_striker": "AJ Healy",
              "runs": {
                "batter": 0,
                "extras": 1,
                "total": 1
              }
            },
            {
              "batter": "EA Perry",
              "bowler": "A Shrubsole",
              "non_striker": "AJ Healy",
              "runs": {
                "batter": 0,
                "extras": 0,
                "total": 0
              }
            },
            {
              "batter": "EA Perry",
              "bowler": "A Shrubsole",
              "extras": {
                "noballs": 1
              },
              "non_striker": "AJ Healy",
              "runs": {
                "batter": 1,
                "extras": 1,
                "total": 2
              }
            },
            {
              "batter": "AJ Healy",
              "bowler": "A Shrubsole",
              "non_striker": "EA Perry",
              "runs": {
                "batter": 0,
                "extras": 0,
                "total": 0
              }
            },
            {
              "batter": "AJ Healy",
              "bowler": "A Shrubsole",
              "non_striker": "EA Perry",
              "runs": {
                "batter": 2,
                "extras": 0,
                "total": 2
              }
            },
            {
              "batter": "AJ Healy",
              "bowler": "A Shrubsole",
              "non_striker": "EA Perry",
              "runs": {
                "batter": 1,
                "extras": 0,
                "total": 1
              }
            },
            {
              "batter": "EA Perry",
              "bowler": "A Shrubsole",
              "non_striker": "AJ Healy",
              "runs": {
                "batter": 4,
                "extras": 0,
                "total": 4
              }
            }
          ]
        },
        {
          "over": 5,
          "deliveries": [
            {
              "batter": "AJ Healy",
              "bowler": "KH Brunt",
              "non_striker": "EA Perry",
              "runs": {
                "batter": 2,
                "extras": 0,
                "total": 2
              }
            },
            {
              "batter": "AJ Healy",
              "bowler": "KH Brunt",
              "non_striker": "EA Perry",
              "runs": {
                "batter": 1,
                "extras": 0,
                "total": 1
              }
            },
            {
              "batter": "EA Perry",
              "bowler": "KH Brunt",
              "non_striker": "AJ Healy",
              "runs": {
                "batter": 1,
                "extras": 0,
                "total": 1
              }
            },
            {
              "batter": "AJ Healy",
              "bowler": "KH Brunt",
              "non_striker": "EA Perry",
              "runs": {
                "batter": 4,
                "extras": 0,
                "total": 4
              }
            },
            {
              "batter": "AJ Healy",
              "bowler": "KH Brunt",
              "non_striker": "EA Perry",
              "runs": {
                "batter": 4,
                "extras": 0,
                "total": 4
              }
            },
            {
              "batter": "AJ Healy",
              "bowler": "KH Brunt",
              "non_striker": "EA Perry",
              "runs": {
                "batter": 2,
                "extras": 0,
                "total": 2
              }
            }
          ]
        },
        {
          "over": 6,
          "deliveries": [
            {
              "batter": "EA Perry",
              "bowler": "EL King",
              "non_striker": "AJ Healy",
              "runs": {
                "batter": 0,
                "extras": 0,
                "total": 0
              }
            },
            {
              "batter": "EA Perry",
              "bowler": "EL King",
              "non_striker": "AJ Healy",
              "runs": {
                "batter": 1,
                "extras": 0,
                "total": 1
              }
            },
            {
              "batter": "AJ Healy",
              "bowler": "EL King",
              "non_striker": "EA Perry",
              "runs": {
                "batter": 1,
                "extras": 0,
                "total": 1
              }
            },
            {
              "batter": "EA Perry",
              "bowler": "EL King",
              "non_striker": "AJ Healy",
              "runs": {
                "batter": 0,
                "extras": 0,
                "total": 0
              }
            },
            {
              "batter": "EA Perry",
              "bowler": "EL King",
              "non_striker": "AJ Healy",
              "runs": {
                "batter": 1,
                "extras": 0,
                "total": 1
              }
            },
            {
              "batter": "AJ Healy",
              "bowler": "EL King",
              "non_striker": "EA Perry",
              "runs": {
                "batter": 4,
                "extras": 0,
                "total": 4
              }
            }
          ]
        },
        {
          "over": 7,
          "deliveries": [
            {
              "batter": "EA Perry",
              "bowler": "SW Bates",
              "non_striker": "AJ Healy",
              "runs": {
                "batter": 1,
                "extras": 0,
                "total": 1
              }
            },
            {
              "batter": "AJ Healy",
              "bowler": "SW Bates",
              "non_striker": "EA Perry",
              "runs": {
                "batter": 0,
                "extras": 0,
                "total": 0
              }
            },
            {
              "batter": "AJ Healy",
              "bowler": "SW Bates",
              "non_striker": "EA Perry",
              "runs": {
                "batter": 4,
                "extras": 0,
                "total": 4
              }
            },
            {
              "batter": "AJ Healy",
              "bowler": "SW Bates",
              "extras": {
                "wides": 1
              },
              "non_striker": "EA Perry",
              "runs": {
                "batter": 0,
                "extras": 1,
                "total": 1
              }
            },
            {
              "batter": "AJ Healy",
              "bowler": "SW Bates",
              "non_striker": "EA Perry",
              "runs": {
                "batter": 1,
                "extras": 0,
                "total": 1
              }
            },
            {
              "batter": "EA Perry",
              "bowler": "SW Bates",
              "non_striker": "AJ Healy",
              "runs": {
                "batter": 1,
                "extras": 0,
                "total": 1
              }
            },
            {
              "batter": "AJ Healy",
              "bowler": "SW Bates",
              "non_striker": "EA Perry",
              "runs": {
                "batter": 1,
                "extras": 0,
                "total": 1
              }
            }
          ]
        },
        {
          "over": 8,
          "deliveries": [
            {
              "batter": "AJ Healy",
              "bowler": "EL King",
              "non_striker": "EA Perry",
              "runs": {
                "batter": 1,
                "extras": 0,
                "total": 1
              }
            },
            {
              "batter": "EA Perry",
              "bowler": "EL King",
              "non_striker": "AJ Healy",
              "runs": {
                "batter": 1,
                "extras": 0,
                "total": 1
              }
            },
            {
              "batter": "AJ Healy",
              "bowler": "EL King",
              "non_striker": "EA Perry",
              "runs": {
                "batter": 6,
                "extras": 0,
                "total": 6
              }
            },
            {
              "batter": "AJ Healy",
              "bowler": "EL King",
              "non_striker": "EA Perry",
              "runs": {
                "batter": 4,
                "extras": 0,
                "total": 4
              }
            },
            {
              "batter": "AJ Healy",
              "bowler": "EL King",
              "non_striker": "EA Perry",
              "runs": {
                "batter": 0,
                "extras": 0,
                "total": 0
              }
            },
            {
              "batter": "AJ Healy",
              "bowler": "EL King",
              "non_striker": "EA Perry",
              "runs": {
                "batter": 4,
                "extras": 0,
                "total": 4
              }
            }
          ]
        },
        {
          "over": 9,
          "deliveries": [
            {
              "batter": "EA Perry",
              "bowler": "SW Bates",
              "non_striker": "AJ Healy",
              "runs": {
                "batter": 0,
                "extras": 0,
                "total": 0
              }
            },
            {
              "batter": "EA Perry",
              "bowler": "SW Bates",
              "non_striker": "AJ Healy",
              "runs": {
                "batter": 1,
                "extras": 0,
                "total": 1
              }
            },
            {
              "batter": "AJ Healy",
              "bowler": "SW Bates",
              "non_striker": "EA Perry",
              "runs": {
                "batter": 0,
                "extras": 0,
                "total": 0
              },
              "wickets": [
                {
                  "player_out": "AJ Healy",
                  "fielders": [
                    {
                      "name": "NE Bolton"
                    }
                  ],
                  "kind": "caught"
                }
              ]
            },
            {
              "batter": "EA Perry",
              "bowler": "SW Bates",
              "non_striker": "A Gardner",
              "runs": {
                "batter": 1,
                "extras": 0,
                "total": 1
              }
            },
            {
              "batter": "A Gardner",
              "bowler": "SW Bates",
              "non_striker": "EA Perry",
              "runs": {
                "batter": 0,
                "extras": 0,
                "total": 0
              }
            },
            {
              "batter": "A Gardner",
              "bowler": "SW Bates",
              "non_striker": "EA Perry",
              "runs": {
                "batter": 2,
                "extras": 0,
                "total": 2
              }
            }
          ]
        },
        {
          "over": 10,
          "deliveries": [
            {
              "batter": "EA Perry",
              "bowler": "KJ Hartshorn",
              "non_striker": "A Gardner",
              "runs": {
                "batter": 0,
                "extras": 0,
                "total": 0
              }
            },
            {
              "batter": "EA Perry",
              "bowler": "KJ Hartshorn",
              "extras": {
                "wides": 1
              },
              "non_striker": "A Gardner",
              "runs": {
                "batter": 0,
                "extras": 1,
                "total": 1
              }
            },
            {
              "batter": "EA Perry",
              "bowler": "KJ Hartshorn",
              "non_striker": "A Gardner",
              "runs": {
                "batter": 1,
                "extras": 0,
                "total": 1
              }
            },
            {
              "batter": "A Gardner",
              "bowler": "KJ Hartshorn",
              "non_striker": "EA Perry",
              "runs": {
                "batter": 1,
                "extras": 0,
                "total": 1
              }
            },
            {
              "batter": "EA Perry",
              "bowler": "KJ Hartshorn",
              "non_striker": "A Gardner",
              "runs": {
                "batter": 2,
                "extras": 0,
                "total": 2
              }
            },
            {
              "batter": "EA Perry",
              "bowler": "KJ Hartshorn",
              "non_striker": "A Gardner",
              "runs": {
                "batter": 2,
                "extras": 0,
                "total": 2
              }
            },
            {
              "batter": "EA Perry",
              "bowler": "KJ Hartshorn",
              "non_striker": "A Gardner",
              "runs": {
                "batter": 1,
                "extras": 0,
                "total": 1
              }
            }
          ]
        },
        {
          "over": 11,
          "deliveries": [
            {
              "batter": "EA Perry",
              "bowler": "SW Bates",
              "non_striker": "A Gardner",
              "runs": {
                "batter": 6,
                "extras": 0,
                "total": 6
              }
            },
            {
              "batter": "EA Perry",
              "bowler": "SW Bates",
              "extras": {
                "legbyes": 1
              },
              "non_striker": "A Gardner",
              "runs": {
                "batter": 0,
                "extras": 1,
                "total": 1
              }
            },
            {
              "batter": "A Gardner",
              "bowler": "SW Bates",
              "non_striker": "EA Perry",
              "runs": {
                "batter": 1,
                "extras": 0,
                "total": 1
              }
            },
            {
              "batter": "EA Perry",
              "bowler": "SW Bates",
              "non_striker": "A Gardner",
              "runs": {
                "batter": 0,
                "extras": 0,
                "total": 0
              }
            },
            {
              "batter": "EA Perry",
              "bowler": "SW Bates",
              "extras": {
                "wides": 1
              },
              "non_striker": "A Gardner",
              "runs": {
                "batter": 0,
                "extras": 1,
                "total": 1
              }
            },
            {
              "batter": "EA Perry",
              "bowler": "SW Bates",
              "non_striker": "A Gardner",
              "runs": {
                "batter": 0,
                "extras": 0,
                "total": 0
              }
            },
            {
              "batter": "EA Perry",
              "bowler": "SW Bates",
              "non_striker": "A Gardner",
              "runs": {
                "batter": 1,
                "extras": 0,
                "total": 1
              }
            }
          ]
        },
        {
          "over": 12,
          "deliveries": [
            {
              "batter": "EA Perry",
              "bowler": "H Graham",
              "non_striker": "A Gardner",
              "runs": {
                "batter": 1,
                "extras": 0,
                "total": 1
              }
            },
            {
              "batter": "A Gardner",
              "bowler": "H Graham",
              "non_striker": "EA Perry",
              "runs": {
                "batter": 0,
                "extras": 0,
                "total": 0
              },
              "wickets": [
                {
                  "player_out": "A Gardner",
                  "kind": "run out"
                }
              ]
            },
            {
              "batter": "EA Perry",
              "bowler": "H Graham",
              "non_striker": "SJ McGlashan",
              "runs": {
                "batter": 3,
                "extras": 0,
                "total": 3
              }
            },
            {
              "batter": "SJ McGlashan",
              "bowler": "H Graham",
              "non_striker": "EA Perry",
              "runs": {
                "batter": 0,
                "extras": 0,
                "total": 0
              }
            },
            {
              "batter": "SJ McGlashan",
              "bowler": "H Graham",
              "non_striker": "EA Perry",
              "runs": {
                "batter": 1,
                "extras": 0,
                "total": 1
              }
            },
            {
              "batter": "EA Perry",
              "bowler": "H Graham",
              "non_striker": "SJ McGlashan",
              "runs": {
                "batter": 2,
                "extras": 0,
                "total": 2
              }
            }
          ]
        },
        {
          "over": 13,
          "deliveries": [
            {
              "batter": "SJ McGlashan",
              "bowler": "A Shrubsole",
              "non_striker": "EA Perry",
              "runs": {
                "batter": 0,
                "extras": 0,
                "total": 0
              }
            },
            {
              "batter": "SJ McGlashan",
              "bowler": "A Shrubsole",
              "non_striker": "EA Perry",
              "runs": {
                "batter": 1,
                "extras": 0,
                "total": 1
              }
            },
            {
              "batter": "EA Perry",
              "bowler": "A Shrubsole",
              "non_striker": "SJ McGlashan",
              "runs": {
                "batter": 0,
                "extras": 0,
                "total": 0
              }
            },
            {
              "batter": "EA Perry",
              "bowler": "A Shrubsole",
              "non_striker": "SJ McGlashan",
              "runs": {
                "batter": 0,
                "extras": 0,
                "total": 0
              }
            },
            {
              "batter": "EA Perry",
              "bowler": "A Shrubsole",
              "non_striker": "SJ McGlashan",
              "runs": {
                "batter": 0,
                "extras": 0,
                "total": 0
              }
            },
            {
              "batter": "EA Perry",
              "bowler": "A Shrubsole",
              "non_striker": "SJ McGlashan",
              "runs": {
                "batter": 1,
                "extras": 0,
                "total": 1
              }
            }
          ]
        },
        {
          "over": 14,
          "deliveries": [
            {
              "batter": "EA Perry",
              "bowler": "H Graham",
              "non_striker": "SJ McGlashan",
              "runs": {
                "batter": 0,
                "extras": 0,
                "total": 0
              },
              "wickets": [
                {
                  "player_out": "EA Perry",
                  "fielders": [
                    {
                      "name": "EJ Villani"
                    }
                  ],
                  "kind": "caught"
                }
              ]
            },
            {
              "batter": "D van Niekerk",
              "bowler": "H Graham",
              "non_striker": "SJ McGlashan",
              "runs": {
                "batter": 0,
                "extras": 0,
                "total": 0
              }
            },
            {
              "batter": "D van Niekerk",
              "bowler": "H Graham",
              "non_striker": "SJ McGlashan",
              "runs": {
                "batter": 0,
                "extras": 0,
                "total": 0
              }
            },
            {
              "batter": "D van Niekerk",
              "bowler": "H Graham",
              "non_striker": "SJ McGlashan",
              "runs": {
                "batter": 0,
                "extras": 0,
                "total": 0
              }
            },
            {
              "batter": "D van Niekerk",
              "bowler": "H Graham",
              "non_striker": "SJ McGlashan",
              "runs": {
                "batter": 0,
                "extras": 0,
                "total": 0
              }
            },
            {
              "batter": "D van Niekerk",
              "bowler": "H Graham",
              "non_striker": "SJ McGlashan",
              "runs": {
                "batter": 1,
                "extras": 0,
                "total": 1
              }
            }
          ]
        },
        {
          "over": 15,
          "deliveries": [
            {
              "batter": "D van Niekerk",
              "bowler": "KJ Hartshorn",
              "non_striker": "SJ McGlashan",
              "runs": {
                "batter": 0,
                "extras": 0,
                "total": 0
              }
            },
            {
              "batter": "D van Niekerk",
              "bowler": "KJ Hartshorn",
              "non_striker": "SJ McGlashan",
              "runs": {
                "batter": 6,
                "extras": 0,
                "total": 6
              }
            },
            {
              "batter": "D van Niekerk",
              "bowler": "KJ Hartshorn",
              "non_striker": "SJ McGlashan",
              "runs": {
                "batter": 1,
                "extras": 0,
                "total": 1
              }
            },
            {
              "batter": "SJ McGlashan",
              "bowler": "KJ Hartshorn",
              "non_striker": "D van Niekerk",
              "runs": {
                "batter": 0,
                "extras": 0,
                "total": 0
              }
            },
            {
              "batter": "SJ McGlashan",
              "bowler": "KJ Hartshorn",
              "non_striker": "D van Niekerk",
              "runs": {
                "batter": 0,
                "extras": 0,
                "total": 0
              }
            },
            {
              "batter": "SJ McGlashan",
              "bowler": "KJ Hartshorn",
              "non_striker": "D van Niekerk",
              "runs": {
                "batter": 0,
                "extras": 0,
                "total": 0
              }
            }
          ]
        },
        {
          "over": 16,
          "deliveries": [
            {
              "batter": "D van Niekerk",
              "bowler": "H Graham",
              "non_striker": "SJ McGlashan",
              "runs": {
                "batter": 1,
                "extras": 0,
                "total": 1
              }
            },
            {
              "batter": "SJ McGlashan",
              "bowler": "H Graham",
              "non_striker": "D van Niekerk",
              "runs": {
                "batter": 1,
                "extras": 0,
                "total": 1
              }
            },
            {
              "batter": "D van Niekerk",
              "bowler": "H Graham",
              "non_striker": "SJ McGlashan",
              "runs": {
                "batter": 0,
                "extras": 0,
                "total": 0
              }
            },
            {
              "batter": "D van Niekerk",
              "bowler": "H Graham",
              "non_striker": "SJ McGlashan",
              "runs": {
                "batter": 4,
                "extras": 0,
                "total": 4
              }
            },
            {
              "batter": "D van Niekerk",
              "bowler": "H Graham",
              "non_striker": "SJ McGlashan",
              "runs": {
                "batter": 0,
                "extras": 0,
                "total": 0
              }
            },
            {
              "batter": "D van Niekerk",
              "bowler": "H Graham",
              "extras": {
                "legbyes": 1
              },
              "non_striker": "SJ McGlashan",
              "runs": {
                "batter": 0,
                "extras": 1,
                "total": 1
              }
            }
          ]
        },
        {
          "over": 17,
          "deliveries": [
            {
              "batter": "D van Niekerk",
              "bowler": "KJ Hartshorn",
              "non_striker": "SJ McGlashan",
              "runs": {
                "batter": 2,
                "extras": 0,
                "total": 2
              }
            },
            {
              "batter": "D van Niekerk",
              "bowler": "KJ Hartshorn",
              "non_striker": "SJ McGlashan",
              "runs": {
                "batter": 1,
                "extras": 0,
                "total": 1
              }
            },
            {
              "batter": "SJ McGlashan",
              "bowler": "KJ Hartshorn",
              "non_striker": "D van Niekerk",
              "runs": {
                "batter": 0,
                "extras": 0,
                "total": 0
              },
              "wickets": [
                {
                  "player_out": "SJ McGlashan",
                  "fielders": [
                    {
                      "name": "EJ Smith"
                    }
                  ],
                  "kind": "stumped"
                }
              ]
            },
            {
              "batter": "M Kapp",
              "bowler": "KJ Hartshorn",
              "non_striker": "D van Niekerk",
              "runs": {
                "batter": 1,
                "extras": 0,
                "total": 1
              }
            },
            {
              "batter": "D van Niekerk",
              "bowler": "KJ Hartshorn",
              "non_striker": "M Kapp",
              "runs": {
                "batter": 0,
                "extras": 0,
                "total": 0
              }
            },
            {
              "batter": "D van Niekerk",
              "bowler": "KJ Hartshorn",
              "non_striker": "M Kapp",
              "runs": {
                "batter": 2,
                "extras": 0,
                "total": 2
              }
            }
          ]
        },
        {
          "over": 18,
          "deliveries": [
            {
              "batter": "M Kapp",
              "bowler": "KH Brunt",
              "non_striker": "D van Niekerk",
              "runs": {
                "batter": 1,
                "extras": 0,
                "total": 1
              }
            },
            {
              "batter": "D van Niekerk",
              "bowler": "KH Brunt",
              "non_striker": "M Kapp",
              "runs": {
                "batter": 1,
                "extras": 0,
                "total": 1
              }
            },
            {
              "batter": "M Kapp",
              "bowler": "KH Brunt",
              "non_striker": "D van Niekerk",
              "runs": {
                "batter": 0,
                "extras": 0,
                "total": 0
              },
              "wickets": [
                {
                  "player_out": "M Kapp",
                  "kind": "bowled"
                }
              ]
            },
            {
              "batter": "AR Reakes",
              "bowler": "KH Brunt",
              "non_striker": "D van Niekerk",
              "runs": {
                "batter": 0,
                "extras": 0,
                "total": 0
              },
              "wickets": [
                {
                  "player_out": "AR Reakes",
                  "kind": "bowled"
                }
              ]
            },
            {
              "batter": "SE Aley",
              "bowler": "KH Brunt",
              "non_striker": "D van Niekerk",
              "runs": {
                "batter": 2,
                "extras": 0,
                "total": 2
              }
            },
            {
              "batter": "SE Aley",
              "bowler": "KH Brunt",
              "non_striker": "D van Niekerk",
              "runs": {
                "batter": 2,
                "extras": 0,
                "total": 2
              }
            }
          ]
        },
        {
          "over": 19,
          "deliveries": [
            {
              "batter": "D van Niekerk",
              "bowler": "SW Bates",
              "non_striker": "SE Aley",
              "runs": {
                "batter": 1,
                "extras": 0,
                "total": 1
              }
            },
            {
              "batter": "SE Aley",
              "bowler": "SW Bates",
              "non_striker": "D van Niekerk",
              "runs": {
                "batter": 4,
                "extras": 0,
                "total": 4
              }
            },
            {
              "batter": "SE Aley",
              "bowler": "SW Bates",
              "non_striker": "D van Niekerk",
              "runs": {
                "batter": 4,
                "extras": 0,
                "total": 4
              }
            }
          ]
        }
      ],
      "powerplays": [
        {
          "from": 0.1,
          "to": 5.6,
          "type": "mandatory"
        }
      ],
      "target": {
        "overs": 20,
        "runs": 130
      }
    }
  ]
}