{
  "meta": {
    "data_version": "1.0.0",
    "created": "2020-06-14",
    "revision": 2
  },
  "info": {
    "balls_per_over": 6,
    "city": "Melbourne",
    "dates": [
      "2018-01-27"
    ],
    "event": {
      "name": "Women's Big Bash League",
      "match_number": 51
    },
    "gender": "female",
    "match_type": "T20",
    "officials": {
      "match_referees": [
        "Damien Herft"
      ],
      "umpires": [
        "D Ireland",
        "Andrew Crozier"
      ]
    },
    "outcome": {
      "winner": "Melbourne Renegades",
      "by": {
        "wickets": 4
      }
    },
    "overs": 20,
    "player_of_match": [
      "S Molineux"
    ],
    "players": {
      "Perth Scorchers": [
        "EJ Villani",
        "NE Bolton",
        "M Banting",
        "H Graham",
        "KH Brunt",
        "LK Ebsary",
        "NR Sciver",
        "TMM Newton",
        "P Cleary",
        "EJ Smith",
        "EL King"
      ],
      "Melbourne Renegades": [
        "S Molineux",
        "AC Jayangani",
        "AE Satterthwaite",
        "EJ Inglis",
        "CJ Koski",
        "M Brown",
        "JE Duffin",
        "HNK Jensen",
        "LMM Tahuhu",
        "M Strano",
        "G Wareham"
      ]
    },
    "registry": {
      "people": {
        "AC Jayangani": "ac56b5a7",
        "AE Satterthwaite": "72b7ed1e",
        "Andrew Crozier": "00d07580",
        "CJ Koski": "0f00b4d7",
        "D Ireland": "9b4fc7b9",
        "Damien Herft": "aa489c6e",
        "EJ Inglis": "b0ca6975",
        "EJ Smith": "05911fef",
        "EJ Villani": "cde96d97",
        "EL King": "2708b41c",
        "G Wareham": "f0b4e47d",
        "H Graham": "99812d10",
        "HNK Jensen": "b8cce99f",
        "JE Duffin": "5ebc3941",
        "KH Brunt": "6a434bd3",
        "LK Ebsary": "884375bf",
        "LMM Tahuhu": "60471339",
        "M Banting": "90eb1818",
        "M Brown": "78bec461",
        "M Strano": "f57d5dbb",
        "NE Bolton": "dd883071",
        "NR Sciver": "f3a18a0c",
        "P Cleary": "507acf2e",
        "S Molineux": "99e23670",
        "TMM Newton": "93fe473e"
      }
    },
    "season": "2017/18",
    "team_type": "club",
    "teams": [
      "Perth Scorchers",
      "Melbourne Renegades"
    ],
    "toss": {
      "decision": "field",
      "winner": "Melbourne Renegades"
    },
    "venue": "Camberwell Sports Ground"
  },
  "innings": [
    {
      "team": "Perth Scorchers",
      "overs": [
        {
          "over": 0,
          "deliveries": [
            {
              "batter": "EJ Villani",
              "bowler": "LMM Tahuhu",
              "non_striker": "NE Bolton",
              "runs": {
                "batter": 0,
                "extras": 0,
                "total": 0
              }
            },
            {
              "batter": "EJ Villani",
              "bowler": "LMM Tahuhu",
              "non_striker": "NE Bolton",
              "runs": {
                "batter": 1,
                "extras": 0,
                "total": 1
              }
            },
            {
              "batter": "NE Bolton",
              "bowler": "LMM Tahuhu",
              "non_striker": "EJ Villani",
              "runs": {
                "batter": 0,
                "extras": 0,
                "total": 0
              }
            },
            {
              "batter": "NE Bolton",
              "bowler": "LMM Tahuhu",
              "non_striker": "EJ Villani",
              "runs": {
                "batter": 0,
                "extras": 0,
                "total": 0
              }
            },
            {
              "batter": "NE Bolton",
              "bowler": "LMM Tahuhu",
              "non_striker": "EJ Villani",
              "runs": {
                "batter": 1,
                "extras": 0,
                "total": 1
              }
            },
            {
              "batter": "EJ Villani",
              "bowler": "LMM Tahuhu",
              "non_striker": "NE Bolton",
              "runs": {
                "batter": 1,
                "extras": 0,
                "total": 1
              }
            }
          ]
        },
        {
          "over": 1,
          "deliveries": [
            {
              "batter": "EJ Villani",
              "bowler": "M Strano",
              "non_striker": "NE Bolton",
              "runs": {
                "batter": 0,
                "extras": 0,
                "total": 0
              }
            },
            {
              "batter": "EJ Villani",
              "bowler": "M Strano",
              "non_striker": "NE Bolton",
              "runs": {
                "batter": 0,
                "extras": 0,
                "total": 0
              }
            },
            {
              "batter": "EJ Villani",
              "bowler": "M Strano",
              "non_striker": "NE Bolton",
              "runs": {
                "batter": 1,
                "extras": 0,
                "total": 1
              }
            },
            {
              "batter": "NE Bolton",
              "bowler": "M Strano",
              "non_striker": "EJ Villani",
              "runs": {
                "batter": 0,
                "extras": 0,
                "total": 0
              }
            },
            {
              "batter": "NE Bolton",
              "bowler": "M Strano",
              "non_striker": "EJ Villani",
              "runs": {
                "batter": 6,
                "extras": 0,
                "total": 6
              }
            },
            {
              "batter": "NE Bolton",
              "bowler": "M Strano",
              "non_striker": "EJ Villani",
              "runs": {
                "batter": 0,
                "extras": 0,
                "total": 0
              }
            }
          ]
        },
        {
          "over": 2,
          "deliveries": [
            {
              "batter": "EJ Villani",
              "bowler": "LMM Tahuhu",
              "non_striker": "NE Bolton",
              "runs": {
                "batter": 0,
                "extras": 0,
                "total": 0
              }
            },
            {
              "batter": "EJ Villani",
              "bowler": "LMM Tahuhu",
              "non_striker": "NE Bolton",
              "runs": {
                "batter": 0,
                "extras": 0,
                "total": 0
              }
            },
            {
              "batter": "EJ Villani",
              "bowler": "LMM Tahuhu",
              "non_striker": "NE Bolton",
              "runs": {
                "batter": 0,
                "extras": 0,
                "total": 0
              }
            },
            {
              "batter": "EJ Villani",
              "bowler": "LMM Tahuhu",
              "non_striker": "NE Bolton",
              "runs": {
                "batter": 0,
                "extras": 0,
                "total": 0
              }
            },
            {
              "batter": "EJ Villani",
              "bowler": "LMM Tahuhu",
              "non_striker": "NE Bolton",
              "runs": {
                "batter": 4,
                "extras": 0,
                "total": 4
              }
            },
            {
              "batter": "EJ Villani",
              "bowler": "LMM Tahuhu",
              "non_striker": "NE Bolton",
              "runs": {
                "batter": 0,
                "extras": 0,
                "total": 0
              }
            }
          ]
        },
        {
          "over": 3,
          "deliveries": [
            {
              "batter": "NE Bolton",
              "bowler": "M Strano",
              "non_striker": "EJ Villani",
              "runs": {
                "batter": 6,
                "extras": 0,
                "total": 6
              }
            },
            {
              "batter": "NE Bolton",
              "bowler": "M Strano",
              "non_striker": "EJ Villani",
              "runs": {
                "batter": 0,
                "extras": 0,
                "total": 0
              }
            },
            {
              "batter": "NE Bolton",
              "bowler": "M Strano",
              "non_striker": "EJ Villani",
              "runs": {
                "batter": 2,
                "extras": 0,
                "total": 2
              }
            },
            {
              "batter": "NE Bolton",
              "bowler": "M Strano",
              "non_striker": "EJ Villani",
              "runs": {
                "batter": 0,
                "extras": 0,
                "total": 0
              },
              "wickets": [
                {
                  "player_out": "NE Bolton",
                  "kind": "caught and bowled"
                }
              ]
            },
            {
              "batter": "M Banting",
              "bowler": "M Strano",
              "non_striker": "EJ Villani",
              "runs": {
                "batter": 0,
                "extras": 0,
                "total": 0
              }
            },
            {
              "batter": "M Banting",
              "bowler": "M Strano",
              "non_striker": "EJ Villani",
              "runs": {
                "batter": 0,
                "extras": 0,
                "total": 0
              }
            }
          ]
        },
        {
          "over": 4,
          "deliveries": [
            {
              "batter": "EJ Villani",
              "bowler": "M Brown",
              "non_striker": "M Banting",
              "runs": {
                "batter": 1,
                "extras": 0,
                "total": 1
              }
            },
            {
              "batter": "M Banting",
              "bowler": "M Brown",
              "non_striker": "EJ Villani",
              "runs": {
                "batter": 0,
                "extras": 0,
                "total": 0
              }
            },
            {
              "batter": "M Banting",
              "bowler": "M Brown",
              "extras": {
                "wides": 1
              },
              "non_striker": "EJ Villani",
              "runs": {
                "batter": 0,
                "extras": 1,
                "total": 1
              }
            },
            {
              "batter": "M Banting",
              "bowler": "M Brown",
              "non_striker": "EJ Villani",
              "runs": {
                "batter": 0,
                "extras": 0,
                "total": 0
              }
            },
            {
              "batter": "M Banting",
              "bowler": "M Brown",
              "non_striker": "EJ Villani",
              "runs": {
                "batter": 0,
                "extras": 0,
                "total": 0
              },
              "wickets": [
                {
                  "player_out": "M Banting",
                  "fielders": [
                    {
                      "name": "M Strano"
                    }
                  ],
                  "kind": "caught"
                }
              ]
            },
            {
              "batter": "EJ Villani",
              "bowler": "M Brown",
              "non_striker": "H Graham",
              "runs": {
                "batter": 0,
                "extras": 0,
                "total": 0
              }
            },
            {
              "batter": "EJ Villani",
              "bowler": "M Brown",
              "non_striker": "H Graham",
              "runs": {
                "batter": 2,
                "extras": 0,
                "total": 2
              }
            }
          ]
        },
        {
          "over": 5,
          "deliveries": [
            {
              "batter": "H Graham",
              "bowler": "HNK Jensen",
              "non_striker": "EJ Villani",
              "runs": {
                "batter": 0,
                "extras": 0,
                "total": 0
              }
            },
            {
              "batter": "H Graham",
              "bowler": "HNK Jensen",
              "non_striker": "EJ Villani",
              "runs": {
                "batter": 1,
                "extras": 0,
                "total": 1
              }
            },
            {
              "batter": "EJ Villani",
              "bowler": "HNK Jensen",
              "non_striker": "H Graham",
              "runs": {
                "batter": 0,
                "extras": 0,
                "total": 0
              },
              "wickets": [
                {
                  "player_out": "EJ Villani",
                  "fielders": [
                    {
                      "name": "M Strano"
                    }
                  ],
                  "kind": "caught"
                }
              ]
            },
            {
              "batter": "H Graham",
              "bowler": "HNK Jensen",
              "non_striker": "KH Brunt",
              "runs": {
                "batter": 1,
                "extras": 0,
                "total": 1
              }
            },
            {
              "batter": "KH Brunt",
              "bowler": "HNK Jensen",
              "non_striker": "H Graham",
              "runs": {
                "batter": 0,
                "extras": 0,
                "total": 0
              }
            },
            {
              "batter": "KH Brunt",
              "bowler": "HNK Jensen",
              "non_striker": "H Graham",
              "runs": {
                "batter": 1,
                "extras": 0,
                "total": 1
              }
            }
          ]
        },
        {
          "over": 6,
          "deliveries": [
            {
              "batter": "KH Brunt",
              "bowler": "M Brown",
              "non_striker": "H Graham",
              "runs": {
                "batter": 1,
                "extras": 0,
                "total": 1
              }
            },
            {
              "batter": "H Graham",
              "bowler": "M Brown",
              "non_striker": "KH Brunt",
              "runs": {
                "batter": 1,
                "extras": 0,
                "total": 1
              }
            },
            {
              "batter": "KH Brunt",
              "bowler": "M Brown",
              "non_striker": "H Graham",
              "runs": {
                "batter": 0,
                "extras": 0,
                "total": 0
              }
            },
            {
              "batter": "KH Brunt",
              "bowler": "M Brown",
              "non_striker": "H Graham",
              "runs": {
                "batter": 1,
                "extras": 0,
                "total": 1
              }
            },
            {
              "batter": "H Graham",
              "bowler": "M Brown",
              "non_striker": "KH Brunt",
              "runs": {
                "batter": 1,
                "extras": 0,
                "total": 1
              }
            },
            {
              "batter": "KH Brunt",
              "bowler": "M Brown",
              "non_striker": "H Graham",
              "runs": {
                "batter": 0,
                "extras": 0,
                "total": 0
              },
              "wickets": [
                {
                  "player_out": "KH Brunt",
                  "kind": "bowled"
                }
              ]
            }
          ]
        },
        {
          "over": 7,
          "deliveries": [
            {
              "batter": "H Graham",
              "bowler": "HNK Jensen",
              "non_striker": "LK Ebsary",
              "runs": {
                "batter": 1,
                "extras": 0,
                "total": 1
              }
            },
            {
              "batter": "LK Ebsary",
              "bowler": "HNK Jensen",
              "non_striker": "H Graham",
              "runs": {
                "batter": 0,
                "extras": 0,
                "total": 0
              }
            },
            {
              "batter": "LK Ebsary",
              "bowler": "HNK Jensen",
              "non_striker": "H Graham",
              "runs": {
                "batter": 0,
                "extras": 0,
                "total": 0
              }
            },
            {
              "batter": "LK Ebsary",
              "bowler": "HNK Jensen",
              "non_striker": "H Graham",
              "runs": {
                "batter": 1,
                "extras": 0,
                "total": 1
              }
            },
            {
              "batter": "H Graham",
              "bowler": "HNK Jensen",
              "non_striker": "LK Ebsary",
              "runs": {
                "batter": 1,
                "extras": 0,
                "total": 1
              }
            },
            {
              "batter": "LK Ebsary",
              "bowler": "HNK Jensen",
              "non_striker": "H Graham",
              "runs": {
                "batter": 1,
                "extras": 0,
                "total": 1
              }
            }
          ]
        },
        {
          "over": 8,
          "deliveries": [
            {
              "batter": "LK Ebsary",
              "bowler": "LMM Tahuhu",
              "non_striker": "H Graham",
              "runs": {
                "batter": 1,
                "extras": 0,
                "total": 1
              }
            },
            {
              "batter": "H Graham",
              "bowler": "LMM Tahuhu",
              "non_striker": "LK Ebsary",
              "runs": {
                "batter": 0,
                "extras": 0,
                "total": 0
              },
              "wickets": [
                {
                  "player_out": "H Graham",
                  "fielders": [
                    {
                      "name": "CJ Koski"
                    }
                  ],
                  "kind": "caught"
                }
              ]
            },
            {
              "batter": "LK Ebsary",
              "bowler": "LMM Tahuhu",
              "non_striker": "NR Sciver",
              "runs": {
                "batter": 1,
                "extras": 0,
                "total": 1
              }
            },
            {
              "batter": "NR Sciver",
              "bowler": "LMM Tahuhu",
              "non_striker": "LK Ebsary",
              "runs": {
                "batter": 0,
                "extras": 0,
                "total": 0
              }
            },
            {
              "batter": "NR Sciver",
              "bowler": "LMM Tahuhu",
              "non_striker": "LK Ebsary",
              "runs": {
                "batter": 1,
                "extras": 0,
                "total": 1
              }
            },
            {
              "batter": "LK Ebsary",
              "bowler": "LMM Tahuhu",
              "extras": {
                "wides": 1
              },
              "non_striker": "NR Sciver",
              "runs": {
                "batter": 0,
                "extras": 1,
                "total": 1
              }
            },
            {
              "batter": "LK Ebsary",
              "bowler": "LMM Tahuhu",
              "non_striker": "NR Sciver",
              "runs": {
                "batter": 1,
                "extras": 0,
                "total": 1
              }
            }
          ]
        },
        {
          "over": 9,
          "deliveries": [
            {
              "batter": "LK Ebsary",
              "bowler": "HNK Jensen",
              "non_striker": "NR Sciver",
              "runs": {
                "batter": 1,
                "extras": 0,
                "total": 1
              }
            },
            {
              "batter": "NR Sciver",
              "bowler": "HNK Jensen",
              "non_striker": "LK Ebsary",
              "runs": {
                "batter": 0,
                "extras": 0,
                "total": 0
              }
            },
            {
              "batter": "NR Sciver",
              "bowler": "HNK Jensen",
              "non_striker": "LK Ebsary",
              "runs": {
                "batter": 1,
                "extras": 0,
                "total": 1
              }
            },
            {
              "batter": "LK Ebsary",
              "bowler": "HNK Jensen",
              "non_striker": "NR Sciver",
              "runs": {
                "batter": 0,
                "extras": 0,
                "total": 0
              }
            },
            {
              "batter": "LK Ebsary",
              "bowler": "HNK Jensen",
              "non_striker": "NR Sciver",
              "runs": {
                "batter": 1,
                "extras": 0,
                "total": 1
              }
            },
            {
              "batter": "NR Sciver",
              "bowler": "HNK Jensen",
              "non_striker": "LK Ebsary",
              "runs": {
                "batter": 0,
                "extras": 0,
                "total": 0
              }
            }
          ]
        },
        {
          "over": 10,
          "deliveries": [
            {
              "batter": "LK Ebsary",
              "bowler": "S Molineux",
              "non_striker": "NR Sciver",
              "runs": {
                "batter": 0,
                "extras": 0,
                "total": 0
              }
            },
            {
              "batter": "LK Ebsary",
              "bowler": "S Molineux",
              "non_striker": "NR Sciver",
              "runs": {
                "batter": 0,
                "extras": 0,
                "total": 0
              }
            },
            {
              "batter": "LK Ebsary",
              "bowler": "S Molineux",
              "non_striker": "NR Sciver",
              "runs": {
                "batter": 1,
                "extras": 0,
                "total": 1
              }
            },
            {
              "batter": "NR Sciver",
              "bowler": "S Molineux",
              "non_striker": "LK Ebsary",
              "runs": {
                "batter": 0,
                "extras": 0,
                "total": 0
              }
            },
            {
              "batter": "NR Sciver",
              "bowler": "S Molineux",
              "non_striker": "LK Ebsary",
              "runs": {
                "batter": 1,
                "extras": 0,
                "total": 1
              }
            },
            {
              "batter": "LK Ebsary",
              "bowler": "S Molineux",
              "non_striker": "NR Sciver",
              "runs": {
                "batter": 1,
                "extras": 0,
                "total": 1
              }
            }
          ]
        },
        {
          "over": 11,
          "deliveries": [
            {
              "batter": "LK Ebsary",
              "bowler": "AE Satterthwaite",
              "non_striker": "NR Sciver",
              "runs": {
                "batter": 1,
                "extras": 0,
                "total": 1
              }
            },
            {
              "batter": "NR Sciver",
              "bowler": "AE Satterthwaite",
              "non_striker": "LK Ebsary",
              "runs": {
                "batter": 4,
                "extras": 0,
                "total": 4
              }
            },
            {
              "batter": "NR Sciver",
              "bowler": "AE Satterthwaite",
              "non_striker": "LK Ebsary",
              "runs": {
                "batter": 0,
                "extras": 0,
                "total": 0
              }
            },
            {
              "batter": "NR Sciver",
              "bowler": "AE Satterthwaite",
              "non_striker": "LK Ebsary",
              "runs": {
                "batter": 1,
                "extras": 0,
                "total": 1
              }
            },
            {
              "batter": "LK Ebsary",
              "bowler": "AE Satterthwaite",
              "non_striker": "NR Sciver",
              "runs": {
                "batter": 1,
                "extras": 0,
                "total": 1
              }
            },
            {
              "batter": "NR Sciver",
              "bowler": "AE Satterthwaite",
              "non_striker": "LK Ebsary",
              "runs": {
                "batter": 2,
                "extras": 0,
                "total": 2
              }
            }
          ]
        },
        {
          "over": 12,
          "deliveries": [
            {
              "batter": "LK Ebsary",
              "bowler": "S Molineux",
              "non_striker": "NR Sciver",
              "runs": {
                "batter": 6,
                "extras": 0,
                "total": 6
              }
            },
            {
              "batter": "LK Ebsary",
              "bowler": "S Molineux",
              "non_striker": "NR Sciver",
              "runs": {
                "batter": 1,
                "extras": 0,
                "total": 1
              }
            },
            {
              "batter": "NR Sciver",
              "bowler": "S Molineux",
              "non_striker": "LK Ebsary",
              "runs": {
                "batter": 0,
                "extras": 0,
                "total": 0
              },
              "wickets": [
                {
                  "player_out": "NR Sciver",
                  "kind": "caught and bowled"
                }
              ]
            },
            {
              "batter": "TMM Newton",
              "bowler": "S Molineux",
              "non_striker": "LK Ebsary",
              "runs": {
                "batter": 0,
                "extras": 0,
                "total": 0
              },
              "wickets": [
                {
                  "player_out": "TMM Newton",
                  "fielders": [
                    {
                      "name": "EJ Inglis"
                    }
                  ],
                  "kind": "stumped"
                }
              ]
            },
            {
              "batter": "P Cleary",
              "bowler": "S Molineux",
              "non_striker": "LK Ebsary",
              "runs": {
                "batter": 0,
                "extras": 0,
                "total": 0
              }
            },
            {
              "batter": "P Cleary",
              "bowler": "S Molineux",
              "non_striker": "LK Ebsary",
              "runs": {
                "batter": 0,
                "extras": 0,
                "total": 0
              }
            }
          ]
        },
        {
          "over": 13,
          "deliveries": [
            {
              "batter": "LK Ebsary",
              "bowler": "M Strano",
              "non_striker": "P Cleary",
              "runs": {
                "batter": 1,
                "extras": 0,
                "total": 1
              }
            },
            {
              "batter": "P Cleary",
              "bowler": "M Strano",
              "non_striker": "LK Ebsary",
              "runs": {
                "batter": 1,
                "extras": 0,
                "total": 1
              }
            },
            {
              "batter": "LK Ebsary",
              "bowler": "M Strano",
              "non_striker": "P Cleary",
              "runs": {
                "batter": 4,
                "extras": 0,
                "total": 4
              }
            },
            {
              "batter": "LK Ebsary",
              "bowler": "M Strano",
              "non_striker": "P Cleary",
              "runs": {
                "batter": 1,
                "extras": 0,
                "total": 1
              }
            },
            {
              "batter": "P Cleary",
              "bowler": "M Strano",
              "non_striker": "LK Ebsary",
              "runs": {
                "batter": 0,
                "extras": 0,
                "total": 0
              }
            },
            {
              "batter": "P Cleary",
              "bowler": "M Strano",
              "non_striker": "LK Ebsary",
              "runs": {
                "batter": 2,
                "extras": 0,
                "total": 2
              }
            }
          ]
        },
        {
          "over": 14,
          "deliveries": [
            {
              "batter": "LK Ebsary",
              "bowler": "LMM Tahuhu",
              "non_striker": "P Cleary",
              "runs": {
                "batter": 2,
                "extras": 0,
                "total": 2
              }
            },
            {
              "batter": "LK Ebsary",
              "bowler": "LMM Tahuhu",
              "non_striker": "P Cleary",
              "runs": {
                "batter": 0,
                "extras": 0,
                "total": 0
              }
            },
            {
              "batter": "LK Ebsary",
              "bowler": "LMM Tahuhu",
              "extras": {
                "wides": 1
              },
              "non_striker": "P Cleary",
              "runs": {
                "batter": 0,
                "extras": 1,
                "total": 1
              }
            },
            {
              "batter": "LK Ebsary",
              "bowler": "LMM Tahuhu",
              "non_striker": "P Cleary",
              "runs": {
                "batter": 0,
                "extras": 0,
                "total": 0
              }
            },
            {
              "batter": "LK Ebsary",
              "bowler": "LMM Tahuhu",
              "non_striker": "P Cleary",
              "runs": {
                "batter": 0,
                "extras": 0,
                "total": 0
              }
            },
            {
              "batter": "LK Ebsary",
              "bowler": "LMM Tahuhu",
              "non_striker": "P Cleary",
              "runs": {
                "batter": 1,
                "extras": 0,
                "total": 1
              }
            },
            {
              "batter": "P Cleary",
              "bowler": "LMM Tahuhu",
              "extras": {
                "legbyes": 1
              },
              "non_striker": "LK Ebsary",
              "runs": {
                "batter": 0,
                "extras": 1,
                "total": 1
              }
            }
          ]
        },
        {
          "over": 15,
          "deliveries": [
            {
              "batter": "P Cleary",
              "bowler": "M Brown",
              "non_striker": "LK Ebsary",
              "runs": {
                "batter": 0,
                "extras": 0,
                "total": 0
              }
            },
            {
              "batter": "P Cleary",
              "bowler": "M Brown",
              "non_striker": "LK Ebsary",
              "runs": {
                "batter": 2,
                "extras": 0,
                "total": 2
              }
            },
            {
              "batter": "P Cleary",
              "bowler": "M Brown",
              "non_striker": "LK Ebsary",
              "runs": {
                "batter": 0,
                "extras": 0,
                "total": 0
              }
            },
            {
              "batter": "P Cleary",
              "bowler": "M Brown",
              "non_striker": "LK Ebsary",
              "runs": {
                "batter": 1,
                "extras": 0,
                "total": 1
              }
            },
            {
              "batter": "LK Ebsary",
              "bowler": "M Brown",
              "non_striker": "P Cleary",
              "runs": {
                "batter": 0,
                "extras": 0,
                "total": 0
              }
            },
            {
              "batter": "LK Ebsary",
              "bowler": "M Brown",
              "non_striker": "P Cleary",
              "runs": {
                "batter": 1,
                "extras": 0,
                "total": 1
              }
            }
          ]
        },
        {
          "over": 16,
          "deliveries": [
            {
              "batter": "LK Ebsary",
              "bowler": "S Molineux",
              "extras": {
                "legbyes": 1
              },
              "non_striker": "P Cleary",
              "runs": {
                "batter": 0,
                "extras": 1,
                "total": 1
              }
            },
            {
              "batter": "P Cleary",
              "bowler": "S Molineux",
              "non_striker": "LK Ebsary",
              "runs": {
                "batter": 1,
                "extras": 0,
                "total": 1
              }
            },
            {
              "batter": "LK Ebsary",
              "bowler": "S Molineux",
              "non_striker": "P Cleary",
              "runs": {
                "batter": 1,
                "extras": 0,
                "total": 1
              }
            },
            {
              "batter": "P Cleary",
              "bowler": "S Molineux",
              "non_striker": "LK Ebsary",
              "runs": {
                "batter": 0,
                "extras": 0,
                "total": 0
              }
            },
            {
              "batter": "P Cleary",
              "bowler": "S Molineux",
              "non_striker": "LK Ebsary",
              "runs": {
                "batter": 0,
                "extras": 0,
                "total": 0
              }
            },
            {
              "batter": "P Cleary",
              "bowler": "S Molineux",
              "non_striker": "LK Ebsary",
              "runs": {
                "batter": 2,
                "extras": 0,
                "total": 2
              }
            }
          ]
        },
        {
          "over": 17,
          "deliveries": [
            {
              "batter": "LK Ebsary",
              "bowler": "M Brown",
              "non_striker": "P Cleary",
              "runs": {
                "batter": 0,
                "extras": 0,
                "total": 0
              }
            },
            {
              "batter": "LK Ebsary",
              "bowler": "M Brown",
              "non_striker": "P Cleary",
              "runs": {
                "batter": 0,
                "extras": 0,
                "total": 0
              }
            },
            {
              "batter": "LK Ebsary",
              "bowler": "M Brown",
              "non_striker": "P Cleary",
              "runs": {
                "batter": 1,
                "extras": 0,
                "total": 1
              }
            },
            {
              "batter": "P Cleary",
              "bowler": "M Brown",
              "non_striker": "LK Ebsary",
              "runs": {
                "batter": 2,
                "extras": 0,
                "total": 2
              }
            },
            {
              "batter": "P Cleary",
              "bowler": "M Brown",
              "extras": {
                "wides": 2
              },
              "non_striker": "LK Ebsary",
              "runs": {
                "batter": 0,
                "extras": 2,
                "total": 2
              }
            },
            {
              "batter": "LK Ebsary",
              "bowler": "M Brown",
              "non_striker": "P Cleary",
              "runs": {
                "batter": 1,
                "extras": 0,
                "total": 1
              }
            },
            {
              "batter": "P Cleary",
              "bowler": "M Brown",
              "non_striker": "LK Ebsary",
              "runs": {
                "batter": 0,
                "extras": 0,
                "total": 0
              }
            }
          ]
        },
        {
          "over": 18,
          "deliveries": [
            {
              "batter": "LK Ebsary",
              "bowler": "S Molineux",
              "non_striker": "P Cleary",
              "runs": {
                "batter": 6,
                "extras": 0,
                "total": 6
              }
            },
            {
              "batter": "LK Ebsary",
              "bowler": "S Molineux",
              "non_striker": "P Cleary",
              "runs": {
                "batter": 2,
                "extras": 0,
                "total": 2
              }
            },
            {
              "batter": "LK Ebsary",
              "bowler": "S Molineux",
              "non_striker": "P Cleary",
              "runs": {
                "batter": 6,
                "extras": 0,
                "total": 6
              }
            },
            {
              "batter": "LK Ebsary",
              "bowler": "S Molineux",
              "non_striker": "P Cleary",
              "runs": {
                "batter": 2,
                "extras": 0,
                "total": 2
              }
            },
            {
              "batter": "LK Ebsary",
              "bowler": "S Molineux",
              "non_striker": "P Cleary",
              "runs": {
                "batter": 1,
                "extras": 0,
                "total": 1
              }
            },
            {
              "batter": "P Cleary",
              "bowler": "S Molineux",
              "non_striker": "LK Ebsary",
              "runs": {
                "batter": 0,
                "extras": 0,
                "total": 0
              }
            }
          ]
        },
        {
          "over": 19,
          "deliveries": [
            {
              "batter": "LK Ebsary",
              "bowler": "HNK Jensen",
              "non_striker": "P Cleary",
              "runs": {
                "batter": 4,
                "extras": 0,
                "total": 4
              }
            },
            {
              "batter": "LK Ebsary",
              "bowler": "HNK Jensen",
              "non_striker": "P Cleary",
              "runs": {
                "batter": 1,
                "extras": 0,
                "total": 1
              }
            },
            {
              "batter": "P Cleary",
              "bowler": "HNK Jensen",
              "non_striker": "LK Ebsary",
              "runs": {
                "batter": 1,
                "extras": 0,
                "total": 1
              }
            },
            {
              "batter": "LK Ebsary",
              "bowler": "HNK Jensen",
              "non_striker": "P Cleary",
              "runs": {
                "batter": 4,
                "extras": 0,
                "total": 4
              }
            },
            {
              "batter": "LK Ebsary",
              "bowler": "HNK Jensen",
              "non_striker": "P Cleary",
              "runs": {
                "batter": 2,
                "extras": 0,
                "total": 2
              }
            },
            {
              "batter": "LK Ebsary",
              "bowler": "HNK Jensen",
              "non_striker": "P Cleary",
              "runs": {
                "batter": 2,
                "extras": 0,
                "total": 2
              }
            }
          ]
        }
      ],
      "powerplays": [
        {
          "from": 0.1,
          "to": 5.6,
          "type": "mandatory"
        }
      ]
    },
    {
      "team": "Melbourne Renegades",
      "overs": [
        {
          "over": 0,
          "deliveries": [
            {
              "batter": "S Molineux",
              "bowler": "NE Bolton",
              "non_striker": "AC Jayangani",
              "runs": {
                "batter": 4,
                "extras": 0,
                "total": 4
              }
            },
            {
              "batter": "S Molineux",
              "bowler": "NE Bolton",
              "non_striker": "AC Jayangani",
              "runs": {
                "batter": 0,
                "extras": 0,
                "total": 0
              }
            },
            {
              "batter": "S Molineux",
              "bowler": "NE Bolton",
              "non_striker": "AC Jayangani",
              "runs": {
                "batter": 6,
                "extras": 0,
                "total": 6
              }
            },
            {
              "batter": "S Molineux",
              "bowler": "NE Bolton",
              "non_striker": "AC Jayangani",
              "runs": {
                "batter": 4,
                "extras": 0,
                "total": 4
              }
            },
            {
              "batter": "S Molineux",
              "bowler": "NE Bolton",
              "non_striker": "AC Jayangani",
              "runs": {
                "batter": 0,
                "extras": 0,
                "total": 0
              }
            },
            {
              "batter": "S Molineux",
              "bowler": "NE Bolton",
              "non_striker": "AC Jayangani",
              "runs": {
                "batter": 1,
                "extras": 0,
                "total": 1
              }
            }
          ]
        },
        {
          "over": 1,
          "deliveries": [
            {
              "batter": "S Molineux",
              "bowler": "KH Brunt",
              "non_striker": "AC Jayangani",
              "runs": {
                "batter": 0,
                "extras": 0,
                "total": 0
              }
            },
            {
              "batter": "S Molineux",
              "bowler": "KH Brunt",
              "non_striker": "AC Jayangani",
              "runs": {
                "batter": 0,
                "extras": 0,
                "total": 0
              }
            },
            {
              "batter": "S Molineux",
              "bowler": "KH Brunt",
              "non_striker": "AC Jayangani",
              "runs": {
                "batter": 0,
                "extras": 0,
                "total": 0
              }
            },
            {
              "batter": "S Molineux",
              "bowler": "KH Brunt",
              "non_striker": "AC Jayangani",
              "runs": {
                "batter": 0,
                "extras": 0,
                "total": 0
              }
            },
            {
              "batter": "S Molineux",
              "bowler": "KH Brunt",
              "non_striker": "AC Jayangani",
              "runs": {
                "batter": 1,
                "extras": 0,
                "total": 1
              }
            },
            {
              "batter": "AC Jayangani",
              "bowler": "KH Brunt",
              "non_striker": "S Molineux",
              "runs": {
                "batter": 0,
                "extras": 0,
                "total": 0
              }
            }
          ]
        },
        {
          "over": 2,
          "deliveries": [
            {
              "batter": "S Molineux",
              "bowler": "P Cleary",
              "non_striker": "AC Jayangani",
              "runs": {
                "batter": 1,
                "extras": 0,
                "total": 1
              }
            },
            {
              "batter": "AC Jayangani",
              "bowler": "P Cleary",
              "non_striker": "S Molineux",
              "runs": {
                "batter": 1,
                "extras": 0,
                "total": 1
              }
            },
            {
              "batter": "S Molineux",
              "bowler": "P Cleary",
              "non_striker": "AC Jayangani",
              "runs": {
                "batter": 0,
                "extras": 0,
                "total": 0
              }
            },
            {
              "batter": "S Molineux",
              "bowler": "P Cleary",
              "extras": {
                "noballs": 1
              },
              "non_striker": "AC Jayangani",
              "runs": {
                "batter": 1,
                "extras": 1,
                "total": 2
              }
            },
            {
              "batter": "AC Jayangani",
              "bowler": "P Cleary",
              "non_striker": "S Molineux",
              "runs": {
                "batter": 4,
                "extras": 0,
                "total": 4
              }
            },
            {
              "batter": "AC Jayangani",
              "bowler": "P Cleary",
              "non_striker": "S Molineux",
              "runs": {
                "batter": 1,
                "extras": 0,
                "total": 1
              }
            },
            {
              "batter": "S Molineux",
              "bowler": "P Cleary",
              "non_striker": "AC Jayangani",
              "runs": {
                "batter": 0,
                "extras": 0,
                "total": 0
              }
            }
          ]
        },
        {
          "over": 3,
          "deliveries": [
            {
              "batter": "AC Jayangani",
              "bowler": "KH Brunt",
              "non_striker": "S Molineux",
              "runs": {
                "batter": 0,
                "extras": 0,
                "total": 0
              }
            },
            {
              "batter": "AC Jayangani",
              "bowler": "KH Brunt",
              "non_striker": "S Molineux",
              "runs": {
                "batter": 1,
                "extras": 0,
                "total": 1
              }
            },
            {
              "batter": "S Molineux",
              "bowler": "KH Brunt",
              "non_striker": "AC Jayangani",
              "runs": {
                "batter": 0,
                "extras": 0,
                "total": 0
              }
            },
            {
              "batter": "S Molineux",
              "bowler": "KH Brunt",
              "non_striker": "AC Jayangani",
              "runs": {
                "batter": 0,
                "extras": 0,
                "total": 0
              }
            },
            {
              "batter": "S Molineux",
              "bowler": "KH Brunt",
              "non_striker": "AC Jayangani",
              "runs": {
                "batter": 0,
                "extras": 0,
                "total": 0
              }
            },
            {
              "batter": "S Molineux",
              "bowler": "KH Brunt",
              "non_striker": "AC Jayangani",
              "runs": {
                "batter": 2,
                "extras": 0,
                "total": 2
              }
            }
          ]
        },
        {
          "over": 4,
          "deliveries": [
            {
              "batter": "AC Jayangani",
              "bowler": "P Cleary",
              "non_striker": "S Molineux",
              "runs": {
                "batter": 0,
                "extras": 0,
                "total": 0
              }
            },
            {
              "batter": "AC Jayangani",
              "bowler": "P Cleary",
              "non_striker": "S Molineux",
              "runs": {
                "batter": 1,
                "extras": 0,
                "total": 1
              }
            },
            {
              "batter": "S Molineux",
              "bowler": "P Cleary",
              "non_striker": "AC Jayangani",
              "runs": {
                "batter": 4,
                "extras": 0,
                "total": 4
              }
            },
            {
              "batter": "S Molineux",
              "bowler": "P Cleary",
              "non_striker": "AC Jayangani",
              "runs": {
                "batter": 0,
                "extras": 0,
                "total": 0
              }
            },
            {
              "batter": "S Molineux",
              "bowler": "P Cleary",
              "non_striker": "AC Jayangani",
              "runs": {
                "batter": 4,
                "extras": 0,
                "total": 4
              }
            },
            {
              "batter": "S Molineux",
              "bowler": "P Cleary",
              "extras": {
                "legbyes": 1
              },
              "non_striker": "AC Jayangani",
              "runs": {
                "batter": 0,
                "extras": 1,
                "total": 1
              }
            }
          ]
        },
        {
          "over": 5,
          "deliveries": [
            {
              "batter": "S Molineux",
              "bowler": "H Graham",
              "non_striker": "AC Jayangani",
              "runs": {
                "batter": 0,
                "extras": 0,
                "total": 0
              }
            },
            {
              "batter": "S Molineux",
              "bowler": "H Graham",
              "non_striker": "AC Jayangani",
              "runs": {
                "batter": 0,
                "extras": 0,
                "total": 0
              }
            },
            {
              "batter": "S Molineux",
              "bowler": "H Graham",
              "non_striker": "AC Jayangani",
              "runs": {
                "batter": 4,
                "extras": 0,
                "total": 4
              }
            },
            {
              "batter": "S Molineux",
              "bowler": "H Graham",
              "non_striker": "AC Jayangani",
              "runs": {
                "batter": 1,
                "extras": 0,
                "total": 1
              }
            },
            {
              "batter": "AC Jayangani",
              "bowler": "H Graham",
              "non_striker": "S Molineux",
              "runs": {
                "batter": 0,
                "extras": 0,
                "total": 0
              }
            },
            {
              "batter": "AC Jayangani",
              "bowler": "H Graham",
              "non_striker": "S Molineux",
              "runs": {
                "batter": 1,
                "extras": 0,
                "total": 1
              }
            }
          ]
        },
        {
          "over": 6,
          "deliveries": [
            {
              "batter": "AC Jayangani",
              "bowler": "TMM Newton",
              "non_striker": "S Molineux",
              "runs": {
                "batter": 1,
                "extras": 0,
                "total": 1
              }
            },
            {
              "batter": "S Molineux",
              "bowler": "TMM Newton",
              "non_striker": "AC Jayangani",
              "runs": {
                "batter": 0,
                "extras": 0,
                "total": 0
              }
            },
            {
              "batter": "S Molineux",
              "bowler": "TMM Newton",
              "extras": {
                "wides": 1
              },
              "non_striker": "AC Jayangani",
              "runs": {
                "batter": 0,
                "extras": 1,
                "total": 1
              }
            },
            {
              "batter": "S Molineux",
              "bowler": "TMM Newton",
              "non_striker": "AC Jayangani",
              "runs": {
                "batter": 2,
                "extras": 0,
                "total": 2
              }
            },
            {
              "batter": "S Molineux",
              "bowler": "TMM Newton",
              "non_striker": "AC Jayangani",
              "runs": {
                "batter": 6,
                "extras": 0,
                "total": 6
              }
            },
            {
              "batter": "S Molineux",
              "bowler": "TMM Newton",
              "non_striker": "AC Jayangani",
              "runs": {
                "batter": 1,
                "extras": 0,
                "total": 1
              }
            },
            {
              "batter": "S Molineux",
              "bowler": "TMM Newton",
              "non_striker": "AC Jayangani",
              "runs": {
                "batter": 6,
                "extras": 0,
                "total": 6
              }
            }
          ]
        },
        {
          "over": 7,
          "deliveries": [
            {
              "batter": "AC Jayangani",
              "bowler": "EL King",
              "non_striker": "S Molineux",
              "runs": {
                "batter": 4,
                "extras": 0,
                "total": 4
              }
            },
            {
              "batter": "AC Jayangani",
              "bowler": "EL King",
              "non_striker": "S Molineux",
              "runs": {
                "batter": 0,
                "extras": 0,
                "total": 0
              }
            },
            {
              "batter": "AC Jayangani",
              "bowler": "EL King",
              "non_striker": "S Molineux",
              "runs": {
                "batter": 0,
                "extras": 0,
                "total": 0
              }
            },
            {
              "batter": "AC Jayangani",
              "bowler": "EL King",
              "non_striker": "S Molineux",
              "runs": {
                "batter": 0,
                "extras": 0,
                "total": 0
              }
            },
            {
              "batter": "AC Jayangani",
              "bowler": "EL King",
              "non_striker": "S Molineux",
              "runs": {
                "batter": 2,
                "extras": 0,
                "total": 2
              }
            },
            {
              "batter": "AC Jayangani",
              "bowler": "EL King",
              "non_striker": "S Molineux",
              "runs": {
                "batter": 1,
                "extras": 0,
                "total": 1
              }
            }
          ]
        },
        {
          "over": 8,
          "deliveries": [
            {
              "batter": "AC Jayangani",
              "bowler": "KH Brunt",
              "non_striker": "S Molineux",
              "runs": {
                "batter": 0,
                "extras": 0,
                "total": 0
              }
            },
            {
              "batter": "AC Jayangani",
              "bowler": "KH Brunt",
              "non_striker": "S Molineux",
              "runs": {
                "batter": 1,
                "extras": 0,
                "total": 1
              }
            },
            {
              "batter": "S Molineux",
              "bowler": "KH Brunt",
              "non_striker": "AC Jayangani",
              "runs": {
                "batter": 0,
                "extras": 0,
                "total": 0
              }
            },
            {
              "batter": "S Molineux",
              "bowler": "KH Brunt",
              "non_striker": "AC Jayangani",
              "runs": {
                "batter": 4,
                "extras": 0,
                "total": 4
              }
            },
            {
              "batter": "S Molineux",
              "bowler": "KH Brunt",
              "non_striker": "AC Jayangani",
              "runs": {
                "batter": 0,
                "extras": 0,
                "total": 0
              }
            },
            {
              "batter": "S Molineux",
              "bowler": "KH Brunt",
              "non_striker": "AC Jayangani",
              "runs": {
                "batter": 1,
                "extras": 0,
                "total": 1
              }
            }
          ]
        },
        {
          "over": 9,
          "deliveries": [
            {
              "batter": "S Molineux",
              "bowler": "H Graham",
              "non_striker": "AC Jayangani",
              "runs": {
                "batter": 0,
                "extras": 0,
                "total": 0
              }
            },
            {
              "batter": "S Molineux",
              "bowler": "H Graham",
              "non_striker": "AC Jayangani",
              "runs": {
                "batter": 4,
                "extras": 0,
                "total": 4
              }
            },
            {
              "batter": "S Molineux",
              "bowler": "H Graham",
              "non_striker": "AC Jayangani",
              "runs": {
                "batter": 1,
                "extras": 0,
                "total": 1
              }
            },
            {
              "batter": "AC Jayangani",
              "bowler": "H Graham",
              "non_striker": "S Molineux",
              "runs": {
                "batter": 1,
                "extras": 0,
                "total": 1
              }
            },
            {
              "batter": "S Molineux",
              "bowler": "H Graham",
              "non_striker": "AC Jayangani",
              "runs": {
                "batter": 4,
                "extras": 0,
                "total": 4
              }
            },
            {
              "batter": "S Molineux",
              "bowler": "H Graham",
              "non_striker": "AC Jayangani",
              "runs": {
                "batter": 0,
                "extras": 0,
                "total": 0
              }
            }
          ]
        },
        {
          "over": 10,
          "deliveries": [
            {
              "batter": "AC Jayangani",
              "bowler": "P Cleary",
              "non_striker": "S Molineux",
              "runs": {
                "batter": 0,
                "extras": 0,
                "total": 0
              }
            },
            {
              "batter": "AC Jayangani",
              "bowler": "P Cleary",
              "non_striker": "S Molineux",
              "runs": {
                "batter": 1,
                "extras": 0,
                "total": 1
              }
            },
            {
              "batter": "S Molineux",
              "bowler": "P Cleary",
              "extras": {
                "byes": 2
              },
              "non_striker": "AC Jayangani",
              "runs": {
                "batter": 0,
                "extras": 2,
                "total": 2
              }
            },
            {
              "batter": "S Molineux",
              "bowler": "P Cleary",
              "non_striker": "AC Jayangani",
              "runs": {
                "batter": 0,
                "extras": 0,
                "total": 0
              }
            },
            {
              "batter": "S Molineux",
              "bowler": "P Cleary",
              "non_striker": "AC Jayangani",
              "runs": {
                "batter": 0,
                "extras": 0,
                "total": 0
              }
            },
            {
              "batter": "S Molineux",
              "bowler": "P Cleary",
              "non_striker": "AC Jayangani",
              "runs": {
                "batter": 0,
                "extras": 0,
                "total": 0
              },
              "wickets": [
                {
                  "player_out": "S Molineux",
                  "fielders": [
                    {
                      "name": "EJ Villani"
                    }
                  ],
                  "kind": "caught"
                }
              ]
            }
          ]
        },
        {
          "over": 11,
          "deliveries": [
            {
              "batter": "AC Jayangani",
              "bowler": "EL King",
              "non_striker": "AE Satterthwaite",
              "runs": {
                "batter": 0,
                "extras": 0,
                "total": 0
              }
            },
            {
              "batter": "AC Jayangani",
              "bowler": "EL King",
              "non_striker": "AE Satterthwaite",
              "runs": {
                "batter": 0,
                "extras": 0,
                "total": 0
              },
              "wickets": [
                {
                  "player_out": "AC Jayangani",
                  "kind": "bowled"
                }
              ]
            },
            {
              "batter": "EJ Inglis",
              "bowler": "EL King",
              "non_striker": "AE Satterthwaite",
              "runs": {
                "batter": 0,
                "extras": 0,
                "total": 0
              }
            },
            {
              "batter": "EJ Inglis",
              "bowler": "EL King",
              "non_striker": "AE Satterthwaite",
              "runs": {
                "batter": 0,
                "extras": 0,
                "total": 0
              }
            },
            {
              "batter": "EJ Inglis",
              "bowler": "EL King",
              "non_striker": "AE Satterthwaite",
              "runs": {
                "batter": 0,
                "extras": 0,
                "total": 0
              }
            },
            {
              "batter": "EJ Inglis",
              "bowler": "EL King",
              "non_striker": "AE Satterthwaite",
              "runs": {
                "batter": 0,
                "extras": 0,
                "total": 0
              },
              "wickets": [
                {
                  "player_out": "EJ Inglis",
                  "kind": "lbw"
                }
              ]
            }
          ]
        },
        {
          "over": 12,
          "deliveries": [
            {
              "batter": "AE Satterthwaite",
              "bowler": "P Cleary",
              "non_striker": "CJ Koski",
              "runs": {
                "batter": 1,
                "extras": 0,
                "total": 1
              }
            },
            {
              "batter": "CJ Koski",
              "bowler": "P Cleary",
              "non_striker": "AE Satterthwaite",
              "runs": {
                "batter": 0,
                "extras": 0,
                "total": 0
              }
            },
            {
              "batter": "CJ Koski",
              "bowler": "P Cleary",
              "non_striker": "AE Satterthwaite",
              "runs": {
                "batter": 0,
                "extras": 0,
                "total": 0
              }
            },
            {
              "batter": "CJ Koski",
              "bowler": "P Cleary",
              "non_striker": "AE Satterthwaite",
              "runs": {
                "batter": 2,
                "extras": 0,
                "total": 2
              }
            },
            {
              "batter": "CJ Koski",
              "bowler": "P Cleary",
              "non_striker": "AE Satterthwaite",
              "runs": {
                "batter": 1,
                "extras": 0,
                "total": 1
              }
            },
            {
              "batter": "AE Satterthwaite",
              "bowler": "P Cleary",
              "non_striker": "CJ Koski",
              "runs": {
                "batter": 0,
                "extras": 0,
                "total": 0
              }
            }
          ]
        },
        {
          "over": 13,
          "deliveries": [
            {
              "batter": "CJ Koski",
              "bowler": "EL King",
              "non_striker": "AE Satterthwaite",
              "runs": {
                "batter": 0,
                "extras": 0,
                "total": 0
              }
            },
            {
              "batter": "CJ Koski",
              "bowler": "EL King",
              "non_striker": "AE Satterthwaite",
              "runs": {
                "batter": 0,
                "extras": 0,
                "total": 0
              }
            },
            {
              "batter": "CJ Koski",
              "bowler": "EL King",
              "non_striker": "AE Satterthwaite",
              "runs": {
                "batter": 1,
                "extras": 0,
                "total": 1
              }
            },
            {
              "batter": "AE Satterthwaite",
              "bowler": "EL King",
              "non_striker": "CJ Koski",
              "runs": {
                "batter": 4,
                "extras": 0,
                "total": 4
              }
            },
            {
              "batter": "AE Satterthwaite",
              "bowler": "EL King",
              "non_striker": "CJ Koski",
              "runs": {
                "batter": 1,
                "extras": 0,
                "total": 1
              }
            },
            {
              "batter": "CJ Koski",
              "bowler": "EL King",
              "non_striker": "AE Satterthwaite",
              "runs": {
                "batter": 1,
                "extras": 0,
                "total": 1
              }
            }
          ]
        },
        {
          "over": 14,
          "deliveries": [
            {
              "batter": "CJ Koski",
              "bowler": "EJ Villani",
              "extras": {
                "wides": 1
              },
              "non_striker": "AE Satterthwaite",
              "runs": {
                "batter": 0,
                "extras": 1,
                "total": 1
              }
            },
            {
              "batter": "CJ Koski",
              "bowler": "EJ Villani",
              "extras": {
                "wides": 1
              },
              "non_striker": "AE Satterthwaite",
              "runs": {
                "batter": 0,
                "extras": 1,
                "total": 1
              }
            },
            {
              "batter": "CJ Koski",
              "bowler": "EJ Villani",
              "non_striker": "AE Satterthwaite",
              "runs": {
                "batter": 1,
                "extras": 0,
                "total": 1
              }
            },
            {
              "batter": "AE Satterthwaite",
              "bowler": "EJ Villani",
              "non_striker": "CJ Koski",
              "runs": {
                "batter": 0,
                "extras": 0,
                "total": 0
              }
            },
            {
              "batter": "AE Satterthwaite",
              "bowler": "EJ Villani",
              "non_striker": "CJ Koski",
              "runs": {
                "batter": 0,
                "extras": 0,
                "total": 0
              }
            },
            {
              "batter": "AE Satterthwaite",
              "bowler": "EJ Villani",
              "non_striker": "CJ Koski",
              "runs": {
                "batter": 0,
                "extras": 0,
                "total": 0
              }
            },
            {
              "batter": "AE Satterthwaite",
              "bowler": "EJ Villani",
              "non_striker": "CJ Koski",
              "runs": {
                "batter": 2,
                "extras": 0,
                "total": 2
              }
            },
            {
              "batter": "AE Satterthwaite",
              "bowler": "EJ Villani",
              "non_striker": "CJ Koski",
              "runs": {
                "batter": 2,
                "extras": 0,
                "total": 2
              }
            }
          ]
        },
        {
          "over": 15,
          "deliveries": [
            {
              "batter": "CJ Koski",
              "bowler": "H Graham",
              "extras": {
                "wides": 1
              },
              "non_striker": "AE Satterthwaite",
              "runs": {
                "batter": 0,
                "extras": 1,
                "total": 1
              }
            },
            {
              "batter": "CJ Koski",
              "bowler": "H Graham",
              "non_striker": "AE Satterthwaite",
              "runs": {
                "batter": 0,
                "extras": 0,
                "total": 0
              },
              "wickets": [
                {
                  "player_out": "CJ Koski",
                  "fielders": [
                    {
                      "name": "NR Sciver"
                    }
                  ],
                  "kind": "caught"
                }
              ]
            },
            {
              "batter": "M Brown",
              "bowler": "H Graham",
              "non_striker": "AE Satterthwaite",
              "runs": {
                "batter": 0,
                "extras": 0,
                "total": 0
              },
              "wickets": [
                {
                  "player_out": "M Brown",
                  "kind": "bowled"
                }
              ]
            },
            {
              "batter": "JE Duffin",
              "bowler": "H Graham",
              "non_striker": "AE Satterthwaite",
              "runs": {
                "batter": 0,
                "extras": 0,
                "total": 0
              }
            },
            {
              "batter": "JE Duffin",
              "bowler": "H Graham",
              "non_striker": "AE Satterthwaite",
              "runs": {
                "batter": 1,
                "extras": 0,
                "total": 1
              }
            },
            {
              "batter": "AE Satterthwaite",
              "bowler": "H Graham",
              "non_striker": "JE Duffin",
              "runs": {
                "batter": 1,
                "extras": 0,
                "total": 1
              }
            },
            {
              "batter": "JE Duffin",
              "bowler": "H Graham",
              "non_striker": "AE Satterthwaite",
              "runs": {
                "batter": 1,
                "extras": 0,
                "total": 1
              }
            }
          ]
        },
        {
          "over": 16,
          "deliveries": [
            {
              "batter": "JE Duffin",
              "bowler": "EJ Villani",
              "non_striker": "AE Satterthwaite",
              "runs": {
                "batter": 0,
                "extras": 0,
                "total": 0
              }
            },
            {
              "batter": "JE Duffin",
              "bowler": "EJ Villani",
              "non_striker": "AE Satterthwaite",
              "runs": {
                "batter": 0,
                "extras": 0,
                "total": 0
              }
            },
            {
              "batter": "JE Duffin",
              "bowler": "EJ Villani",
              "non_striker": "AE Satterthwaite",
              "runs": {
                "batter": 0,
                "extras": 0,
                "total": 0
              }
            },
            {
              "batter": "JE Duffin",
              "bowler": "EJ Villani",
              "non_striker": "AE Satterthwaite",
              "runs": {
                "batter": 0,
                "extras": 0,
                "total": 0
              }
            },
            {
              "batter": "JE Duffin",
              "bowler": "EJ Villani",
              "non_striker": "AE Satterthwaite",
              "runs": {
                "batter": 1,
                "extras": 0,
                "total": 1
              }
            },
            {
              "batter": "AE Satterthwaite",
              "bowler": "EJ Villani",
              "non_striker": "JE Duffin",
              "runs": {
                "batter": 1,
                "extras": 0,
                "total": 1
              }
            }
          ]
        },
        {
          "over": 17,
          "deliveries": [
            {
              "batter": "AE Satterthwaite",
              "bowler": "H Graham",
              "non_striker": "JE Duffin",
              "runs": {
                "batter": 0,
                "extras": 0,
                "total": 0
              }
            },
            {
              "batter": "AE Satterthwaite",
              "bowler": "H Graham",
              "non_striker": "JE Duffin",
              "runs": {
                "batter": 1,
                "extras": 0,
                "total": 1
              }
            },
            {
              "batter": "JE Duffin",
              "bowler": "H Graham",
              "non_striker": "AE Satterthwaite",
              "runs": {
                "batter": 1,
                "extras": 0,
                "total": 1
              }
            },
            {
              "batter": "AE Satterthwaite",
              "bowler": "H Graham",
              "non_striker": "JE Duffin",
              "runs": {
                "batter": 0,
                "extras": 0,
                "total": 0
              }
            },
            {
              "batter": "AE Satterthwaite",
              "bowler": "H Graham",
              "non_striker": "JE Duffin",
              "runs": {
                "batter": 1,
                "extras": 0,
                "total": 1
              }
            },
            {
              "batter": "JE Duffin",
              "bowler": "H Graham",
              "non_striker": "AE Satterthwaite",
              "runs": {
                "batter": 0,
                "extras": 0,
                "total": 0
              }
            }
          ]
        },
        {
          "over": 18,
          "deliveries": [
            {
              "batter": "AE Satterthwaite",
              "bowler": "KH Brunt",
              "non_striker": "JE Duffin",
              "runs": {
                "batter": 0,
                "extras": 0,
                "total": 0
              },
              "wickets": [
                {
                  "player_out": "AE Satterthwaite",
                  "fielders": [
                    {
                      "name": "NR Sciver"
                    }
                  ],
                  "kind": "caught"
                }
              ]
            },
            {
              "batter": "JE Duffin",
              "bowler": "KH Brunt",
              "non_striker": "HNK Jensen",
              "runs": {
                "batter": 1,
                "extras": 0,
                "total": 1
              }
            },
            {
              "batter": "HNK Jensen",
              "bowler": "KH Brunt",
              "non_striker": "JE Duffin",
              "runs": {
                "batter": 1,
                "extras": 0,
                "total": 1
              }
            },
            {
              "batter": "JE Duffin",
              "bowler": "KH Brunt",
              "non_striker": "HNK Jensen",
              "runs": {
                "batter": 0,
                "extras": 0,
                "total": 0
              }
            },
            {
              "batter": "JE Duffin",
              "bowler": "KH Brunt",
              "non_striker": "HNK Jensen",
              "runs": {
                "batter": 4,
                "extras": 0,
                "total": 4
              }
            },
            {
              "batter": "JE Duffin",
              "bowler": "KH Brunt",
              "non_striker": "HNK Jensen",
              "runs": {
                "batter": 0,
                "extras": 0,
                "total": 0
              }
            }
          ]
        },
        {
          "over": 19,
          "deliveries": [
            {
              "batter": "HNK Jensen",
              "bowler": "EJ Villani",
              "non_striker": "JE Duffin",
              "runs": {
                "batter": 1,
                "extras": 0,
                "total": 1
              }
            },
            {
              "batter": "JE Duffin",
              "bowler": "EJ Villani",
              "non_striker": "HNK Jensen",
              "runs": {
                "batter": 4,
                "extras": 0,
                "total": 4
              }
            }
          ]
        }
      ],
      "powerplays": [
        {
          "from": 0.1,
          "to": 5.6,
          "type": "mandatory"
        }
      ],
      "target": {
        "overs": 20,
        "runs": 125
      }
    }
  ]
}