{
  "meta": {
    "data_version": "1.0.0",
    "created": "2020-06-16",
    "revision": 2
  },
  "info": {
    "balls_per_over": 6,
    "city": "Adelaide",
    "dates": [
      "2017-12-17"
    ],
    "event": {
      "name": "Women's Big Bash League",
      "match_number": 13
    },
    "gender": "female",
    "match_type": "T20",
    "officials": {
      "match_referees": [
        "John Biddiss"
      ],
      "umpires": [
        "C Thomas",
        "L Uthenwoldt"
      ]
    },
    "outcome": {
      "winner": "Melbourne Renegades",
      "by": {
        "runs": 9
      }
    },
    "overs": 20,
    "player_of_match": [
      "AE Satterthwaite"
    ],
    "players": {
      "Melbourne Renegades": [
        "S Molineux",
        "KL Britt",
        "JE Duffin",
        "AE Satterthwaite",
        "AC Jayangani",
        "EJ Inglis",
        "CJ Koski",
        "M Strano",
        "G Wareham",
        "M Brown",
        "LMM Tahuhu"
      ],
      "Adelaide Strikers": [
        "SW Bates",
        "TT Beaumont",
        "TM McGrath",
        "SFM Devine",
        "BE Patterson",
        "T Saville",
        "A Wellington",
        "TJ McPharlin",
        "ML Schutt",
        "A Price",
        "SM Betts"
      ]
    },
    "registry": {
      "people": {
        "A Price": "99e26cea",
        "A Wellington": "9b3bcca4",
        "AC Jayangani": "ac56b5a7",
        "AE Satterthwaite": "72b7ed1e",
        "BE Patterson": "7dfbcfff",
        "C Thomas": "68664af7",
        "CJ Koski": "0f00b4d7",
        "EJ Inglis": "b0ca6975",
        "G Wareham": "f0b4e47d",
        "JE Duffin": "5ebc3941",
        "John Biddiss": "4e30c72a",
        "KL Britt": "b9e15440",
        "L Uthenwoldt": "021223ce",
        "LMM Tahuhu": "60471339",
        "M Brown": "78bec461",
        "M Strano": "f57d5dbb",
        "ML Schutt": "17608a6f",
        "S Molineux": "99e23670",
        "SFM Devine": "de69af96",
        "SM Betts": "c4fd751d",
        "SW Bates": "89bbc67a",
        "T Saville": "2ef9bdcb",
        "TJ McPharlin": "595e1ee7",
        "TM McGrath": "ca5acfa4",
        "TT Beaumont": "b2664905"
      }
    },
    "season": "2017/18",
    "team_type": "club",
    "teams": [
      "Melbourne Renegades",
      "Adelaide Strikers"
    ],
    "toss": {
      "decision": "bat",
      "winner": "Melbourne Renegades"
    },
    "venue": "Gliderol Stadium"
  },
  "innings": [
    {
      "team": "Melbourne Renegades",
      "overs": [
        {
          "over": 0,
          "deliveries": [
            {
              "batter": "S Molineux",
              "bowler": "ML Schutt",
              "non_striker": "KL Britt",
              "runs": {
                "batter": 1,
                "extras": 0,
                "total": 1
              }
            },
            {
              "batter": "KL Britt",
              "bowler": "ML Schutt",
              "non_striker": "S Molineux",
              "runs": {
                "batter": 0,
                "extras": 0,
                "total": 0
              }
            },
            {
              "batter": "KL Britt",
              "bowler": "ML Schutt",
              "non_striker": "S Molineux",
              "runs": {
                "batter": 1,
                "extras": 0,
                "total": 1
              }
            },
            {
              "batter": "S Molineux",
              "bowler": "ML Schutt",
              "non_striker": "KL Britt",
              "runs": {
                "batter": 1,
                "extras": 0,
                "total": 1
              }
            },
            {
              "batter": "KL Britt",
              "bowler": "ML Schutt",
              "non_striker": "S Molineux",
              "runs": {
                "batter": 0,
                "extras": 0,
                "total": 0
              }
            },
            {
              "batter": "KL Britt",
              "bowler": "ML Schutt",
              "non_striker": "S Molineux",
              "runs": {
                "batter": 1,
                "extras": 0,
                "total": 1
              }
            }
          ]
        },
        {
          "over": 1,
          "deliveries": [
            {
              "batter": "KL Britt",
              "bowler": "TM McGrath",
              "extras": {
                "wides": 1
              },
              "non_striker": "S Molineux",
              "runs": {
                "batter": 0,
                "extras": 1,
                "total": 1
              }
            },
            {
              "batter": "KL Britt",
              "bowler": "TM McGrath",
              "non_striker": "S Molineux",
              "runs": {
                "batter": 4,
                "extras": 0,
                "total": 4
              }
            },
            {
              "batter": "KL Britt",
              "bowler": "TM McGrath",
              "non_striker": "S Molineux",
              "runs": {
                "batter": 1,
                "extras": 0,
                "total": 1
              }
            },
            {
              "batter": "S Molineux",
              "bowler": "TM McGrath",
              "non_striker": "KL Britt",
              "runs": {
                "batter": 0,
                "extras": 0,
                "total": 0
              }
            },
            {
              "batter": "S Molineux",
              "bowler": "TM McGrath",
              "non_striker": "KL Britt",
              "runs": {
                "batter": 0,
                "extras": 0,
                "total": 0
              }
            },
            {
              "batter": "S Molineux",
              "bowler": "TM McGrath",
              "non_striker": "KL Britt",
              "runs": {
                "batter": 1,
                "extras": 0,
                "total": 1
              }
            },
            {
              "batter": "KL Britt",
              "bowler": "TM McGrath",
              "non_striker": "S Molineux",
              "runs": {
                "batter": 1,
                "extras": 0,
                "total": 1
              }
            }
          ]
        },
        {
          "over": 2,
          "deliveries": [
            {
              "batter": "KL Britt",
              "bowler": "ML Schutt",
              "non_striker": "S Molineux",
              "runs": {
                "batter": 0,
                "extras": 0,
                "total": 0
              }
            },
            {
              "batter": "KL Britt",
              "bowler": "ML Schutt",
              "non_striker": "S Molineux",
              "runs": {
                "batter": 0,
                "extras": 0,
                "total": 0
              },
              "wickets": [
                {
                  "player_out": "KL Britt",
                  "kind": "lbw"
                }
              ]
            },
            {
              "batter": "JE Duffin",
              "bowler": "ML Schutt",
              "non_striker": "S Molineux",
              "runs": {
                "batter": 4,
                "extras": 0,
                "total": 4
              }
            },
            {
              "batter": "JE Duffin",
              "bowler": "ML Schutt",
              "non_striker": "S Molineux",
              "runs": {
                "batter": 0,
                "extras": 0,
                "total": 0
              }
            },
            {
              "batter": "JE Duffin",
              "bowler": "ML Schutt",
              "extras": {
                "legbyes": 1
              },
              "non_striker": "S Molineux",
              "runs": {
                "batter": 0,
                "extras": 1,
                "total": 1
              }
            },
            {
              "batter": "S Molineux",
              "bowler": "ML Schutt",
              "non_striker": "JE Duffin",
              "runs": {
                "batter": 1,
                "extras": 0,
                "total": 1
              }
            }
          ]
        },
        {
          "over": 3,
          "deliveries": [
            {
              "batter": "S Molineux",
              "bowler": "TM McGrath",
              "non_striker": "JE Duffin",
              "runs": {
                "batter": 1,
                "extras": 0,
                "total": 1
              }
            },
            {
              "batter": "JE Duffin",
              "bowler": "TM McGrath",
              "extras": {
                "legbyes": 1
              },
              "non_striker": "S Molineux",
              "runs": {
                "batter": 0,
                "extras": 1,
                "total": 1
              }
            },
            {
              "batter": "S Molineux",
              "bowler": "TM McGrath",
              "extras": {
                "byes": 1
              },
              "non_striker": "JE Duffin",
              "runs": {
                "batter": 0,
                "extras": 1,
                "total": 1
              }
            },
            {
              "batter": "JE Duffin",
              "bowler": "TM McGrath",
              "non_striker": "S Molineux",
              "runs": {
                "batter": 0,
                "extras": 0,
                "total": 0
              }
            },
            {
              "batter": "JE Duffin",
              "bowler": "TM McGrath",
              "non_striker": "S Molineux",
              "runs": {
                "batter": 0,
                "extras": 0,
                "total": 0
              }
            },
            {
              "batter": "JE Duffin",
              "bowler": "TM McGrath",
              "non_striker": "S Molineux",
              "runs": {
                "batter": 1,
                "extras": 0,
                "total": 1
              }
            }
          ]
        },
        {
          "over": 4,
          "deliveries": [
            {
              "batter": "JE Duffin",
              "bowler": "ML Schutt",
              "non_striker": "S Molineux",
              "runs": {
                "batter": 0,
                "extras": 0,
                "total": 0
              }
            },
            {
              "batter": "JE Duffin",
              "bowler": "ML Schutt",
              "non_striker": "S Molineux",
              "runs": {
                "batter": 1,
                "extras": 0,
                "total": 1
              }
            },
            {
              "batter": "S Molineux",
              "bowler": "ML Schutt",
              "non_striker": "JE Duffin",
              "runs": {
                "batter": 0,
                "extras": 0,
                "total": 0
              }
            },
            {
              "batter": "S Molineux",
              "bowler": "ML Schutt",
              "non_striker": "JE Duffin",
              "runs": {
                "batter": 4,
                "extras": 0,
                "total": 4
              }
            },
            {
              "batter": "S Molineux",
              "bowler": "ML Schutt",
              "non_striker": "JE Duffin",
              "runs": {
                "batter": 2,
                "extras": 0,
                "total": 2
              }
            },
            {
              "batter": "S Molineux",
              "bowler": "ML Schutt",
              "non_striker": "JE Duffin",
              "runs": {
                "batter": 0,
                "extras": 0,
                "total": 0
              }
            }
          ]
        },
        {
          "over": 5,
          "deliveries": [
            {
              "batter": "JE Duffin",
              "bowler": "TM McGrath",
              "non_striker": "S Molineux",
              "runs": {
                "batter": 4,
                "extras": 0,
                "total": 4
              }
            },
            {
              "batter": "JE Duffin",
              "bowler": "TM McGrath",
              "non_striker": "S Molineux",
              "runs": {
                "batter": 1,
                "extras": 0,
                "total": 1
              }
            },
            {
              "batter": "S Molineux",
              "bowler": "TM McGrath",
              "non_striker": "JE Duffin",
              "runs": {
                "batter": 0,
                "extras": 0,
                "total": 0
              }
            },
            {
              "batter": "S Molineux",
              "bowler": "TM McGrath",
              "non_striker": "JE Duffin",
              "runs": {
                "batter": 4,
                "extras": 0,
                "total": 4
              }
            },
            {
              "batter": "S Molineux",
              "bowler": "TM McGrath",
              "non_striker": "JE Duffin",
              "runs": {
                "batter": 0,
                "extras": 0,
                "total": 0
              }
            },
            {
              "batter": "S Molineux",
              "bowler": "TM McGrath",
              "non_striker": "JE Duffin",
              "runs": {
                "batter": 4,
                "extras": 0,
                "total": 4
              }
            }
          ]
        },
        {
          "over": 6,
          "deliveries": [
            {
              "batter": "JE Duffin",
              "bowler": "A Price",
              "non_striker": "S Molineux",
              "runs": {
                "batter": 1,
                "extras": 0,
                "total": 1
              }
            },
            {
              "batter": "S Molineux",
              "bowler": "A Price",
              "non_striker": "JE Duffin",
              "runs": {
                "batter": 0,
                "extras": 0,
                "total": 0
              }
            },
            {
              "batter": "S Molineux",
              "bowler": "A Price",
              "non_striker": "JE Duffin",
              "runs": {
                "batter": 4,
                "extras": 0,
                "total": 4
              }
            },
            {
              "batter": "S Molineux",
              "bowler": "A Price",
              "non_striker": "JE Duffin",
              "runs": {
                "batter": 0,
                "extras": 0,
                "total": 0
              }
            },
            {
              "batter": "S Molineux",
              "bowler": "A Price",
              "non_striker": "JE Duffin",
              "runs": {
                "batter": 0,
                "extras": 0,
                "total": 0
              }
            },
            {
              "batter": "S Molineux",
              "bowler": "A Price",
              "non_striker": "JE Duffin",
              "runs": {
                "batter": 1,
                "extras": 0,
                "total": 1
              }
            }
          ]
        },
        {
          "over": 7,
          "deliveries": [
            {
              "batter": "S Molineux",
              "bowler": "SW Bates",
              "non_striker": "JE Duffin",
              "runs": {
                "batter": 4,
                "extras": 0,
                "total": 4
              }
            },
            {
              "batter": "S Molineux",
              "bowler": "SW Bates",
              "non_striker": "JE Duffin",
              "runs": {
                "batter": 0,
                "extras": 0,
                "total": 0
              },
              "wickets": [
                {
                  "player_out": "S Molineux",
                  "fielders": [
                    {
                      "name": "A Price"
                    }
                  ],
                  "kind": "caught"
                }
              ]
            },
            {
              "batter": "AE Satterthwaite",
              "bowler": "SW Bates",
              "non_striker": "JE Duffin",
              "runs": {
                "batter": 0,
                "extras": 0,
                "total": 0
              }
            },
            {
              "batter": "AE Satterthwaite",
              "bowler": "SW Bates",
              "non_striker": "JE Duffin",
              "runs": {
                "batter": 1,
                "extras": 0,
                "total": 1
              }
            },
            {
              "batter": "JE Duffin",
              "bowler": "SW Bates",
              "non_striker": "AE Satterthwaite",
              "runs": {
                "batter": 0,
                "extras": 0,
                "total": 0
              }
            },
            {
              "batter": "JE Duffin",
              "bowler": "SW Bates",
              "non_striker": "AE Satterthwaite",
              "runs": {
                "batter": 0,
                "extras": 0,
                "total": 0
              }
            }
          ]
        },
        {
          "over": 8,
          "deliveries": [
            {
              "batter": "AE Satterthwaite",
              "bowler": "A Price",
              "non_striker": "JE Duffin",
              "runs": {
                "batter": 0,
                "extras": 0,
                "total": 0
              }
            },
            {
              "batter": "AE Satterthwaite",
              "bowler": "A Price",
              "non_striker": "JE Duffin",
              "runs": {
                "batter": 2,
                "extras": 0,
                "total": 2
              }
            },
            {
              "batter": "AE Satterthwaite",
              "bowler": "A Price",
              "non_striker": "JE Duffin",
              "runs": {
                "batter": 1,
                "extras": 0,
                "total": 1
              }
            },
            {
              "batter": "JE Duffin",
              "bowler": "A Price",
              "non_striker": "AE Satterthwaite",
              "runs": {
                "batter": 1,
                "extras": 0,
                "total": 1
              }
            },
            {
              "batter": "AE Satterthwaite",
              "bowler": "A Price",
              "non_striker": "JE Duffin",
              "runs": {
                "batter": 0,
                "extras": 0,
                "total": 0
              }
            },
            {
              "batter": "AE Satterthwaite",
              "bowler": "A Price",
              "non_striker": "JE Duffin",
              "runs": {
                "batter": 1,
                "extras": 0,
                "total": 1
              }
            }
          ]
        },
        {
          "over": 9,
          "deliveries": [
            {
              "batter": "AE Satterthwaite",
              "bowler": "A Wellington",
              "non_striker": "JE Duffin",
              "runs": {
                "batter": 4,
                "extras": 0,
                "total": 4
              }
            },
            {
              "batter": "AE Satterthwaite",
              "bowler": "A Wellington",
              "non_striker": "JE Duffin",
              "runs": {
                "batter": 0,
                "extras": 0,
                "total": 0
              }
            },
            {
              "batter": "AE Satterthwaite",
              "bowler": "A Wellington",
              "non_striker": "JE Duffin",
              "runs": {
                "batter": 1,
                "extras": 0,
                "total": 1
              }
            },
            {
              "batter": "JE Duffin",
              "bowler": "A Wellington",
              "non_striker": "AE Satterthwaite",
              "runs": {
                "batter": 1,
                "extras": 0,
                "total": 1
              }
            },
            {
              "batter": "AE Satterthwaite",
              "bowler": "A Wellington",
              "non_striker": "JE Duffin",
              "runs": {
                "batter": 4,
                "extras": 0,
                "total": 4
              }
            },
            {
              "batter": "AE Satterthwaite",
              "bowler": "A Wellington",
              "non_striker": "JE Duffin",
              "runs": {
                "batter": 1,
                "extras": 0,
                "total": 1
              }
            }
          ]
        },
        {
          "over": 10,
          "deliveries": [
            {
              "batter": "AE Satterthwaite",
              "bowler": "A Price",
              "extras": {
                "noballs": 1
              },
              "non_striker": "JE Duffin",
              "runs": {
                "batter": 1,
                "extras": 1,
                "total": 2
              }
            },
            {
              "batter": "JE Duffin",
              "bowler": "A Price",
              "non_striker": "AE Satterthwaite",
              "runs": {
                "batter": 0,
                "extras": 0,
                "total": 0
              }
            },
            {
              "batter": "JE Duffin",
              "bowler": "A Price",
              "non_striker": "AE Satterthwaite",
              "runs": {
                "batter": 4,
                "extras": 0,
                "total": 4
              }
            },
            {
              "batter": "JE Duffin",
              "bowler": "A Price",
              "non_striker": "AE Satterthwaite",
              "runs": {
                "batter": 1,
                "extras": 0,
                "total": 1
              }
            },
            {
              "batter": "AE Satterthwaite",
              "bowler": "A Price",
              "non_striker": "JE Duffin",
              "runs": {
                "batter": 1,
                "extras": 0,
                "total": 1
              }
            },
            {
              "batter": "JE Duffin",
              "bowler": "A Price",
              "non_striker": "AE Satterthwaite",
              "runs": {
                "batter": 6,
                "extras": 0,
                "total": 6
              }
            },
            {
              "batter": "JE Duffin",
              "bowler": "A Price",
              "non_striker": "AE Satterthwaite",
              "runs": {
                "batter": 1,
                "extras": 0,
                "total": 1
              }
            }
          ]
        },
        {
          "over": 11,
          "deliveries": [
            {
              "batter": "JE Duffin",
              "bowler": "A Wellington",
              "non_striker": "AE Satterthwaite",
              "runs": {
                "batter": 1,
                "extras": 0,
                "total": 1
              }
            },
            {
              "batter": "AE Satterthwaite",
              "bowler": "A Wellington",
              "non_striker": "JE Duffin",
              "runs": {
                "batter": 0,
                "extras": 0,
                "total": 0
              }
            },
            {
              "batter": "AE Satterthwaite",
              "bowler": "A Wellington",
              "non_striker": "JE Duffin",
              "runs": {
                "batter": 1,
                "extras": 0,
                "total": 1
              }
            },
            {
              "batter": "JE Duffin",
              "bowler": "A Wellington",
              "non_striker": "AE Satterthwaite",
              "runs": {
                "batter": 0,
                "extras": 0,
                "total": 0
              }
            },
            {
              "batter": "JE Duffin",
              "bowler": "A Wellington",
              "non_striker": "AE Satterthwaite",
              "runs": {
                "batter": 1,
                "extras": 0,
                "total": 1
              }
            },
            {
              "batter": "AE Satterthwaite",
              "bowler": "A Wellington",
              "non_striker": "JE Duffin",
              "runs": {
                "batter": 4,
                "extras": 0,
                "total": 4
              }
            }
          ]
        },
        {
          "over": 12,
          "deliveries": [
            {
              "batter": "JE Duffin",
              "bowler": "ML Schutt",
              "non_striker": "AE Satterthwaite",
              "runs": {
                "batter": 1,
                "extras": 0,
                "total": 1
              }
            },
            {
              "batter": "AE Satterthwaite",
              "bowler": "ML Schutt",
              "non_striker": "JE Duffin",
              "runs": {
                "batter": 1,
                "extras": 0,
                "total": 1
              }
            },
            {
              "batter": "JE Duffin",
              "bowler": "ML Schutt",
              "non_striker": "AE Satterthwaite",
              "runs": {
                "batter": 1,
                "extras": 0,
                "total": 1
              }
            },
            {
              "batter": "AE Satterthwaite",
              "bowler": "ML Schutt",
              "non_striker": "JE Duffin",
              "runs": {
                "batter": 4,
                "extras": 0,
                "total": 4
              }
            },
            {
              "batter": "AE Satterthwaite",
              "bowler": "ML Schutt",
              "non_striker": "JE Duffin",
              "runs": {
                "batter": 0,
                "extras": 0,
                "total": 0
              }
            },
            {
              "batter": "AE Satterthwaite",
              "bowler": "ML Schutt",
              "non_striker": "JE Duffin",
              "runs": {
                "batter": 2,
                "extras": 0,
                "total": 2
              }
            }
          ]
        },
        {
          "over": 13,
          "deliveries": [
            {
              "batter": "JE Duffin",
              "bowler": "SFM Devine",
              "non_striker": "AE Satterthwaite",
              "runs": {
                "batter": 0,
                "extras": 0,
                "total": 0
              }
            },
            {
              "batter": "JE Duffin",
              "bowler": "SFM Devine",
              "non_striker": "AE Satterthwaite",
              "runs": {
                "batter": 0,
                "extras": 0,
                "total": 0
              },
              "wickets": [
                {
                  "player_out": "JE Duffin",
                  "fielders": [
                    {
                      "name": "ML Schutt"
                    }
                  ],
                  "kind": "caught"
                }
              ]
            },
            {
              "batter": "AE Satterthwaite",
              "bowler": "SFM Devine",
              "non_striker": "AC Jayangani",
              "runs": {
                "batter": 0,
                "extras": 0,
                "total": 0
              }
            },
            {
              "batter": "AE Satterthwaite",
              "bowler": "SFM Devine",
              "non_striker": "AC Jayangani",
              "runs": {
                "batter": 0,
                "extras": 0,
                "total": 0
              }
            },
            {
              "batter": "AE Satterthwaite",
              "bowler": "SFM Devine",
              "non_striker": "AC Jayangani",
              "runs": {
                "batter": 1,
                "extras": 0,
                "total": 1
              }
            },
            {
              "batter": "AC Jayangani",
              "bowler": "SFM Devine",
              "non_striker": "AE Satterthwaite",
              "runs": {
                "batter": 1,
                "extras": 0,
                "total": 1
              }
            }
          ]
        },
        {
          "over": 14,
          "deliveries": [
            {
              "batter": "AC Jayangani",
              "bowler": "SM Betts",
              "non_striker": "AE Satterthwaite",
              "runs": {
                "batter": 1,
                "extras": 0,
                "total": 1
              }
            },
            {
              "batter": "AE Satterthwaite",
              "bowler": "SM Betts",
              "non_striker": "AC Jayangani",
              "runs": {
                "batter": 4,
                "extras": 0,
                "total": 4
              }
            },
            {
              "batter": "AE Satterthwaite",
              "bowler": "SM Betts",
              "non_striker": "AC Jayangani",
              "runs": {
                "batter": 4,
                "extras": 0,
                "total": 4
              }
            },
            {
              "batter": "AE Satterthwaite",
              "bowler": "SM Betts",
              "extras": {
                "noballs": 1
              },
              "non_striker": "AC Jayangani",
              "runs": {
                "batter": 1,
                "extras": 1,
                "total": 2
              }
            },
            {
              "batter": "AC Jayangani",
              "bowler": "SM Betts",
              "non_striker": "AE Satterthwaite",
              "runs": {
                "batter": 1,
                "extras": 0,
                "total": 1
              }
            },
            {
              "batter": "AE Satterthwaite",
              "bowler": "SM Betts",
              "extras": {
                "legbyes": 1
              },
              "non_striker": "AC Jayangani",
              "runs": {
                "batter": 0,
                "extras": 1,
                "total": 1
              }
            },
            {
              "batter": "AC Jayangani",
              "bowler": "SM Betts",
              "non_striker": "AE Satterthwaite",
              "runs": {
                "batter": 1,
                "extras": 0,
                "total": 1
              }
            }
          ]
        },
        {
          "over": 15,
          "deliveries": [
            {
              "batter": "AC Jayangani",
              "bowler": "SFM Devine",
              "non_striker": "AE Satterthwaite",
              "runs": {
                "batter": 2,
                "extras": 0,
                "total": 2
              }
            },
            {
              "batter": "AC Jayangani",
              "bowler": "SFM Devine",
              "non_striker": "AE Satterthwaite",
              "runs": {
                "batter": 2,
                "extras": 0,
                "total": 2
              }
            },
            {
              "batter": "AC Jayangani",
              "bowler": "SFM Devine",
              "non_striker": "AE Satterthwaite",
              "runs": {
                "batter": 0,
                "extras": 0,
                "total": 0
              }
            },
            {
              "batter": "AC Jayangani",
              "bowler": "SFM Devine",
              "non_striker": "AE Satterthwaite",
              "runs": {
                "batter": 0,
                "extras": 0,
                "total": 0
              },
              "wickets": [
                {
                  "player_out": "AC Jayangani",
                  "fielders": [
                    {
                      "name": "A Price"
                    }
                  ],
                  "kind": "caught"
                }
              ]
            },
            {
              "batter": "AE Satterthwaite",
              "bowler": "SFM Devine",
              "non_striker": "EJ Inglis",
              "runs": {
                "batter": 1,
                "extras": 0,
                "total": 1
              }
            },
            {
              "batter": "EJ Inglis",
              "bowler": "SFM Devine",
              "non_striker": "AE Satterthwaite",
              "runs": {
                "batter": 1,
                "extras": 0,
                "total": 1
              }
            }
          ]
        },
        {
          "over": 16,
          "deliveries": [
            {
              "batter": "EJ Inglis",
              "bowler": "SW Bates",
              "non_striker": "AE Satterthwaite",
              "runs": {
                "batter": 1,
                "extras": 0,
                "total": 1
              }
            },
            {
              "batter": "AE Satterthwaite",
              "bowler": "SW Bates",
              "non_striker": "EJ Inglis",
              "runs": {
                "batter": 3,
                "extras": 0,
                "total": 3
              }
            },
            {
              "batter": "EJ Inglis",
              "bowler": "SW Bates",
              "non_striker": "AE Satterthwaite",
              "runs": {
                "batter": 1,
                "extras": 0,
                "total": 1
              }
            },
            {
              "batter": "AE Satterthwaite",
              "bowler": "SW Bates",
              "non_striker": "EJ Inglis",
              "runs": {
                "batter": 0,
                "extras": 0,
                "total": 0
              }
            },
            {
              "batter": "AE Satterthwaite",
              "bowler": "SW Bates",
              "non_striker": "EJ Inglis",
              "runs": {
                "batter": 1,
                "extras": 0,
                "total": 1
              }
            },
            {
              "batter": "EJ Inglis",
              "bowler": "SW Bates",
              "non_striker": "AE Satterthwaite",
              "runs": {
                "batter": 6,
                "extras": 0,
                "total": 6
              }
            }
          ]
        },
        {
          "over": 17,
          "deliveries": [
            {
              "batter": "AE Satterthwaite",
              "bowler": "SFM Devine",
              "non_striker": "EJ Inglis",
              "runs": {
                "batter": 2,
                "extras": 0,
                "total": 2
              }
            },
            {
              "batter": "AE Satterthwaite",
              "bowler": "SFM Devine",
              "non_striker": "EJ Inglis",
              "runs": {
                "batter": 1,
                "extras": 0,
                "total": 1
              }
            },
            {
              "batter": "EJ Inglis",
              "bowler": "SFM Devine",
              "non_striker": "AE Satterthwaite",
              "runs": {
                "batter": 2,
                "extras": 0,
                "total": 2
              }
            },
            {
              "batter": "EJ Inglis",
              "bowler": "SFM Devine",
              "non_striker": "AE Satterthwaite",
              "runs": {
                "batter": 0,
                "extras": 0,
                "total": 0
              }
            },
            {
              "batter": "EJ Inglis",
              "bowler": "SFM Devine",
              "non_striker": "AE Satterthwaite",
              "runs": {
                "batter": 1,
                "extras": 0,
                "total": 1
              }
            },
            {
              "batter": "AE Satterthwaite",
              "bowler": "SFM Devine",
              "non_striker": "EJ Inglis",
              "runs": {
                "batter": 1,
                "extras": 0,
                "total": 1
              }
            }
          ]
        },
        {
          "over": 18,
          "deliveries": [
            {
              "batter": "AE Satterthwaite",
              "bowler": "A Wellington",
              "non_striker": "EJ Inglis",
              "runs": {
                "batter": 1,
                "extras": 0,
                "total": 1
              }
            },
            {
              "batter": "EJ Inglis",
              "bowler": "A Wellington",
              "non_striker": "AE Satterthwaite",
              "runs": {
                "batter": 0,
                "extras": 0,
                "total": 0
              }
            },
            {
              "batter": "EJ Inglis",
              "bowler": "A Wellington",
              "extras": {
                "legbyes": 4
              },
              "non_striker": "AE Satterthwaite",
              "runs": {
                "batter": 0,
                "extras": 4,
                "total": 4
              }
            },
            {
              "batter": "EJ Inglis",
              "bowler": "A Wellington",
              "non_striker": "AE Satterthwaite",
              "runs": {
                "batter": 1,
                "extras": 0,
                "total": 1
              }
            },
            {
              "batter": "AE Satterthwaite",
              "bowler": "A Wellington",
              "non_striker": "EJ Inglis",
              "runs": {
                "batter": 0,
                "extras": 0,
                "total": 0
              },
              "wickets": [
                {
                  "player_out": "AE Satterthwaite",
                  "kind": "caught and bowled"
                }
              ]
            },
            {
              "batter": "CJ Koski",
              "bowler": "A Wellington",
              "non_striker": "EJ Inglis",
              "runs": {
                "batter": 2,
                "extras": 0,
                "total": 2
              }
            }
          ]
        },
        {
          "over": 19,
          "deliveries": [
            {
              "batter": "EJ Inglis",
              "bowler": "SFM Devine",
              "non_striker": "CJ Koski",
              "runs": {
                "batter": 1,
                "extras": 0,
                "total": 1
              }
            },
            {
              "batter": "CJ Koski",
              "bowler": "SFM Devine",
              "non_striker": "EJ Inglis",
              "runs": {
                "batter": 1,
                "extras": 0,
                "total": 1
              }
            },
            {
              "batter": "EJ Inglis",
              "bowler": "SFM Devine",
              "non_striker": "CJ Koski",
              "runs": {
                "batter": 4,
                "extras": 0,
                "total": 4
              }
            },
            {
              "batter": "EJ Inglis",
              "bowler": "SFM Devine",
              "extras": {
                "legbyes": 1
              },
              "non_striker": "CJ Koski",
              "runs": {
                "batter": 0,
                "extras": 1,
                "total": 1
              }
            },
            {
              "batter": "CJ Koski",
              "bowler": "SFM Devine",
              "non_striker": "EJ Inglis",
              "runs": {
                "batter": 2,
                "extras": 0,
                "total": 2
              }
            },
            {
              "batter": "CJ Koski",
              "bowler": "SFM Devine",
              "non_striker": "EJ Inglis",
              "runs": {
                "batter": 2,
                "extras": 0,
                "total": 2
              }
            }
          ]
        }
      ],
      "powerplays": [
        {
          "from": 0.1,
          "to": 5.6,
          "type": "mandatory"
        }
      ]
    },
    {
      "team": "Adelaide Strikers",
      "overs": [
        {
          "over": 0,
          "deliveries": [
            {
              "batter": "SW Bates",
              "bowler": "LMM Tahuhu",
              "non_striker": "TT Beaumont",
              "runs": {
                "batter": 1,
                "extras": 0,
                "total": 1
              }
            },
            {
              "batter": "TT Beaumont",
              "bowler": "LMM Tahuhu",
              "extras": {
                "wides": 1
              },
              "non_striker": "SW Bates",
              "runs": {
                "batter": 0,
                "extras": 1,
                "total": 1
              }
            },
            {
              "batter": "TT Beaumont",
              "bowler": "LMM Tahuhu",
              "non_striker": "SW Bates",
              "runs": {
                "batter": 1,
                "extras": 0,
                "total": 1
              }
            },
            {
              "batter": "SW Bates",
              "bowler": "LMM Tahuhu",
              "non_striker": "TT Beaumont",
              "runs": {
                "batter": 0,
                "extras": 0,
                "total": 0
              }
            },
            {
              "batter": "SW Bates",
              "bowler": "LMM Tahuhu",
              "non_striker": "TT Beaumont",
              "runs": {
                "batter": 0,
                "extras": 0,
                "total": 0
              }
            },
            {
              "batter": "SW Bates",
              "bowler": "LMM Tahuhu",
              "non_striker": "TT Beaumont",
              "runs": {
                "batter": 1,
                "extras": 0,
                "total": 1
              }
            },
            {
              "batter": "TT Beaumont",
              "bowler": "LMM Tahuhu",
              "non_striker": "SW Bates",
              "runs": {
                "batter": 1,
                "extras": 0,
                "total": 1
              }
            }
          ]
        },
        {
          "over": 1,
          "deliveries": [
            {
              "batter": "TT Beaumont",
              "bowler": "M Strano",
              "non_striker": "SW Bates",
              "runs": {
                "batter": 0,
                "extras": 0,
                "total": 0
              }
            },
            {
              "batter": "TT Beaumont",
              "bowler": "M Strano",
              "non_striker": "SW Bates",
              "runs": {
                "batter": 0,
                "extras": 0,
                "total": 0
              }
            },
            {
              "batter": "TT Beaumont",
              "bowler": "M Strano",
              "non_striker": "SW Bates",
              "runs": {
                "batter": 0,
                "extras": 0,
                "total": 0
              }
            },
            {
              "batter": "TT Beaumont",
              "bowler": "M Strano",
              "non_striker": "SW Bates",
              "runs": {
                "batter": 2,
                "extras": 0,
                "total": 2
              }
            },
            {
              "batter": "TT Beaumont",
              "bowler": "M Strano",
              "non_striker": "SW Bates",
              "runs": {
                "batter": 4,
                "extras": 0,
                "total": 4
              }
            },
            {
              "batter": "TT Beaumont",
              "bowler": "M Strano",
              "non_striker": "SW Bates",
              "runs": {
                "batter": 0,
                "extras": 0,
                "total": 0
              }
            }
          ]
        },
        {
          "over": 2,
          "deliveries": [
            {
              "batter": "SW Bates",
              "bowler": "LMM Tahuhu",
              "non_striker": "TT Beaumont",
              "runs": {
                "batter": 4,
                "extras": 0,
                "total": 4
              }
            },
            {
              "batter": "SW Bates",
              "bowler": "LMM Tahuhu",
              "non_striker": "TT Beaumont",
              "runs": {
                "batter": 1,
                "extras": 0,
                "total": 1
              }
            },
            {
              "batter": "TT Beaumont",
              "bowler": "LMM Tahuhu",
              "non_striker": "SW Bates",
              "runs": {
                "batter": 1,
                "extras": 0,
                "total": 1
              }
            },
            {
              "batter": "SW Bates",
              "bowler": "LMM Tahuhu",
              "non_striker": "TT Beaumont",
              "runs": {
                "batter": 1,
                "extras": 0,
                "total": 1
              }
            },
            {
              "batter": "TT Beaumont",
              "bowler": "LMM Tahuhu",
              "non_striker": "SW Bates",
              "runs": {
                "batter": 0,
                "extras": 0,
                "total": 0
              }
            },
            {
              "batter": "TT Beaumont",
              "bowler": "LMM Tahuhu",
              "non_striker": "SW Bates",
              "runs": {
                "batter": 0,
                "extras": 0,
                "total": 0
              },
              "wickets": [
                {
                  "player_out": "TT Beaumont",
                  "fielders": [
                    {
                      "name": "JE Duffin"
                    }
                  ],
                  "kind": "caught"
                }
              ]
            }
          ]
        },
        {
          "over": 3,
          "deliveries": [
            {
              "batter": "TM McGrath",
              "bowler": "AE Satterthwaite",
              "non_striker": "SW Bates",
              "runs": {
                "batter": 0,
                "extras": 0,
                "total": 0
              }
            },
            {
              "batter": "TM McGrath",
              "bowler": "AE Satterthwaite",
              "non_striker": "SW Bates",
              "runs": {
                "batter": 4,
                "extras": 0,
                "total": 4
              }
            },
            {
              "batter": "TM McGrath",
              "bowler": "AE Satterthwaite",
              "non_striker": "SW Bates",
              "runs": {
                "batter": 0,
                "extras": 0,
                "total": 0
              }
            },
            {
              "batter": "TM McGrath",
              "bowler": "AE Satterthwaite",
              "non_striker": "SW Bates",
              "runs": {
                "batter": 2,
                "extras": 0,
                "total": 2
              }
            },
            {
              "batter": "TM McGrath",
              "bowler": "AE Satterthwaite",
              "non_striker": "SW Bates",
              "runs": {
                "batter": 0,
                "extras": 0,
                "total": 0
              }
            },
            {
              "batter": "TM McGrath",
              "bowler": "AE Satterthwaite",
              "non_striker": "SW Bates",
              "runs": {
                "batter": 0,
                "extras": 0,
                "total": 0
              }
            }
          ]
        },
        {
          "over": 4,
          "deliveries": [
            {
              "batter": "SW Bates",
              "bowler": "M Brown",
              "non_striker": "TM McGrath",
              "runs": {
                "batter": 6,
                "extras": 0,
                "total": 6
              }
            },
            {
              "batter": "SW Bates",
              "bowler": "M Brown",
              "non_striker": "TM McGrath",
              "runs": {
                "batter": 0,
                "extras": 0,
                "total": 0
              }
            },
            {
              "batter": "SW Bates",
              "bowler": "M Brown",
              "non_striker": "TM McGrath",
              "runs": {
                "batter": 0,
                "extras": 0,
                "total": 0
              }
            },
            {
              "batter": "SW Bates",
              "bowler": "M Brown",
              "non_striker": "TM McGrath",
              "runs": {
                "batter": 4,
                "extras": 0,
                "total": 4
              }
            },
            {
              "batter": "SW Bates",
              "bowler": "M Brown",
              "non_striker": "TM McGrath",
              "runs": {
                "batter": 4,
                "extras": 0,
                "total": 4
              }
            },
            {
              "batter": "SW Bates",
              "bowler": "M Brown",
              "non_striker": "TM McGrath",
              "runs": {
                "batter": 0,
                "extras": 0,
                "total": 0
              }
            }
          ]
        },
        {
          "over": 5,
          "deliveries": [
            {
              "batter": "TM McGrath",
              "bowler": "M Strano",
              "non_striker": "SW Bates",
              "runs": {
                "batter": 0,
                "extras": 0,
                "total": 0
              }
            },
            {
              "batter": "TM McGrath",
              "bowler": "M Strano",
              "non_striker": "SW Bates",
              "runs": {
                "batter": 0,
                "extras": 0,
                "total": 0
              }
            },
            {
              "batter": "TM McGrath",
              "bowler": "M Strano",
              "non_striker": "SW Bates",
              "runs": {
                "batter": 4,
                "extras": 0,
                "total": 4
              }
            },
            {
              "batter": "TM McGrath",
              "bowler": "M Strano",
              "non_striker": "SW Bates",
              "runs": {
                "batter": 2,
                "extras": 0,
                "total": 2
              }
            },
            {
              "batter": "TM McGrath",
              "bowler": "M Strano",
              "non_striker": "SW Bates",
              "runs": {
                "batter": 1,
                "extras": 0,
                "total": 1
              }
            },
            {
              "batter": "SW Bates",
              "bowler": "M Strano",
              "non_striker": "TM McGrath",
              "runs": {
                "batter": 1,
                "extras": 0,
                "total": 1
              }
            }
          ]
        },
        {
          "over": 6,
          "deliveries": [
            {
              "batter": "SW Bates",
              "bowler": "LMM Tahuhu",
              "non_striker": "TM McGrath",
              "runs": {
                "batter": 1,
                "extras": 0,
                "total": 1
              }
            },
            {
              "batter": "TM McGrath",
              "bowler": "LMM Tahuhu",
              "non_striker": "SW Bates",
              "runs": {
                "batter": 0,
                "extras": 0,
                "total": 0
              },
              "wickets": [
                {
                  "player_out": "TM McGrath",
                  "fielders": [
                    {
                      "name": "EJ Inglis"
                    }
                  ],
                  "kind": "caught"
                }
              ]
            },
            {
              "batter": "SW Bates",
              "bowler": "LMM Tahuhu",
              "non_striker": "SFM Devine",
              "runs": {
                "batter": 1,
                "extras": 0,
                "total": 1
              }
            },
            {
              "batter": "SFM Devine",
              "bowler": "LMM Tahuhu",
              "non_striker": "SW Bates",
              "runs": {
                "batter": 2,
                "extras": 0,
                "total": 2
              }
            },
            {
              "batter": "SFM Devine",
              "bowler": "LMM Tahuhu",
              "non_striker": "SW Bates",
              "runs": {
                "batter": 1,
                "extras": 0,
                "total": 1
              }
            },
            {
              "batter": "SW Bates",
              "bowler": "LMM Tahuhu",
              "non_striker": "SFM Devine",
              "runs": {
                "batter": 0,
                "extras": 0,
                "total": 0
              }
            }
          ]
        },
        {
          "over": 7,
          "deliveries": [
            {
              "batter": "SFM Devine",
              "bowler": "AC Jayangani",
              "non_striker": "SW Bates",
              "runs": {
                "batter": 0,
                "extras": 0,
                "total": 0
              }
            },
            {
              "batter": "SFM Devine",
              "bowler": "AC Jayangani",
              "non_striker": "SW Bates",
              "runs": {
                "batter": 1,
                "extras": 0,
                "total": 1
              }
            },
            {
              "batter": "SW Bates",
              "bowler": "AC Jayangani",
              "non_striker": "SFM Devine",
              "runs": {
                "batter": 1,
                "extras": 0,
                "total": 1
              }
            },
            {
              "batter": "SFM Devine",
              "bowler": "AC Jayangani",
              "non_striker": "SW Bates",
              "runs": {
                "batter": 1,
                "extras": 0,
                "total": 1
              }
            },
            {
              "batter": "SW Bates",
              "bowler": "AC Jayangani",
              "extras": {
                "wides": 1
              },
              "non_striker": "SFM Devine",
              "runs": {
                "batter": 0,
                "extras": 1,
                "total": 1
              }
            },
            {
              "batter": "SW Bates",
              "bowler": "AC Jayangani",
              "non_striker": "SFM Devine",
              "runs": {
                "batter": 4,
                "extras": 0,
                "total": 4
              }
            },
            {
              "batter": "SW Bates",
              "bowler": "AC Jayangani",
              "non_striker": "SFM Devine",
              "runs": {
                "batter": 1,
                "extras": 0,
                "total": 1
              }
            }
          ]
        },
        {
          "over": 8,
          "deliveries": [
            {
              "batter": "SW Bates",
              "bowler": "CJ Koski",
              "extras": {
                "legbyes": 1
              },
              "non_striker": "SFM Devine",
              "runs": {
                "batter": 0,
                "extras": 1,
                "total": 1
              }
            },
            {
              "batter": "SFM Devine",
              "bowler": "CJ Koski",
              "non_striker": "SW Bates",
              "runs": {
                "batter": 1,
                "extras": 0,
                "total": 1
              }
            },
            {
              "batter": "SW Bates",
              "bowler": "CJ Koski",
              "extras": {
                "wides": 1
              },
              "non_striker": "SFM Devine",
              "runs": {
                "batter": 0,
                "extras": 1,
                "total": 1
              }
            },
            {
              "batter": "SW Bates",
              "bowler": "CJ Koski",
              "non_striker": "SFM Devine",
              "runs": {
                "batter": 4,
                "extras": 0,
                "total": 4
              }
            },
            {
              "batter": "SW Bates",
              "bowler": "CJ Koski",
              "extras": {
                "legbyes": 1
              },
              "non_striker": "SFM Devine",
              "runs": {
                "batter": 0,
                "extras": 1,
                "total": 1
              }
            },
            {
              "batter": "SFM Devine",
              "bowler": "CJ Koski",
              "non_striker": "SW Bates",
              "runs": {
                "batter": 4,
                "extras": 0,
                "total": 4
              }
            },
            {
              "batter": "SFM Devine",
              "bowler": "CJ Koski",
              "extras": {
                "wides": 1
              },
              "non_striker": "SW Bates",
              "runs": {
                "batter": 0,
                "extras": 1,
                "total": 1
              }
            },
            {
              "batter": "SFM Devine",
              "bowler": "CJ Koski",
              "extras": {
                "wides": 1
              },
              "non_striker": "SW Bates",
              "runs": {
                "batter": 0,
                "extras": 1,
                "total": 1
              }
            },
            {
              "batter": "SFM Devine",
              "bowler": "CJ Koski",
              "non_striker": "SW Bates",
              "runs": {
                "batter": 1,
                "extras": 0,
                "total": 1
              }
            }
          ]
        },
        {
          "over": 9,
          "deliveries": [
            {
              "batter": "SFM Devine",
              "bowler": "G Wareham",
              "non_striker": "SW Bates",
              "runs": {
                "batter": 0,
                "extras": 0,
                "total": 0
              }
            },
            {
              "batter": "SFM Devine",
              "bowler": "G Wareham",
              "non_striker": "SW Bates",
              "runs": {
                "batter": 1,
                "extras": 0,
                "total": 1
              }
            },
            {
              "batter": "SW Bates",
              "bowler": "G Wareham",
              "non_striker": "SFM Devine",
              "runs": {
                "batter": 2,
                "extras": 0,
                "total": 2
              }
            },
            {
              "batter": "SW Bates",
              "bowler": "G Wareham",
              "non_striker": "SFM Devine",
              "runs": {
                "batter": 1,
                "extras": 0,
                "total": 1
              }
            },
            {
              "batter": "SFM Devine",
              "bowler": "G Wareham",
              "non_striker": "SW Bates",
              "runs": {
                "batter": 0,
                "extras": 0,
                "total": 0
              },
              "wickets": [
                {
                  "player_out": "SFM Devine",
                  "fielders": [
                    {
                      "name": "EJ Inglis"
                    }
                  ],
                  "kind": "stumped"
                }
              ]
            },
            {
              "batter": "BE Patterson",
              "bowler": "G Wareham",
              "non_striker": "SW Bates",
              "runs": {
                "batter": 1,
                "extras": 0,
                "total": 1
              }
            }
          ]
        },
        {
          "over": 10,
          "deliveries": [
            {
              "batter": "BE Patterson",
              "bowler": "M Brown",
              "non_striker": "SW Bates",
              "runs": {
                "batter": 0,
                "extras": 0,
                "total": 0
              }
            },
            {
              "batter": "BE Patterson",
              "bowler": "M Brown",
              "non_striker": "SW Bates",
              "runs": {
                "batter": 1,
                "extras": 0,
                "total": 1
              }
            },
            {
              "batter": "SW Bates",
              "bowler": "M Brown",
              "non_striker": "BE Patterson",
              "runs": {
                "batter": 1,
                "extras": 0,
                "total": 1
              }
            },
            {
              "batter": "BE Patterson",
              "bowler": "M Brown",
              "non_striker": "SW Bates",
              "runs": {
                "batter": 0,
                "extras": 0,
                "total": 0
              }
            },
            {
              "batter": "BE Patterson",
              "bowler": "M Brown",
              "non_striker": "SW Bates",
              "runs": {
                "batter": 0,
                "extras": 0,
                "total": 0
              }
            },
            {
              "batter": "BE Patterson",
              "bowler": "M Brown",
              "non_striker": "SW Bates",
              "runs": {
                "batter": 1,
                "extras": 0,
                "total": 1
              }
            }
          ]
        },
        {
          "over": 11,
          "deliveries": [
            {
              "batter": "BE Patterson",
              "bowler": "G Wareham",
              "non_striker": "SW Bates",
              "runs": {
                "batter": 0,
                "extras": 0,
                "total": 0
              }
            },
            {
              "batter": "BE Patterson",
              "bowler": "G Wareham",
              "non_striker": "SW Bates",
              "runs": {
                "batter": 2,
                "extras": 0,
                "total": 2
              }
            },
            {
              "batter": "BE Patterson",
              "bowler": "G Wareham",
              "non_striker": "SW Bates",
              "runs": {
                "batter": 0,
                "extras": 0,
                "total": 0
              }
            },
            {
              "batter": "BE Patterson",
              "bowler": "G Wareham",
              "non_striker": "SW Bates",
              "runs": {
                "batter": 1,
                "extras": 0,
                "total": 1
              }
            },
            {
              "batter": "SW Bates",
              "bowler": "G Wareham",
              "non_striker": "BE Patterson",
              "runs": {
                "batter": 1,
                "extras": 0,
                "total": 1
              }
            },
            {
              "batter": "BE Patterson",
              "bowler": "G Wareham",
              "non_striker": "SW Bates",
              "runs": {
                "batter": 2,
                "extras": 0,
                "total": 2
              }
            }
          ]
        },
        {
          "over": 12,
          "deliveries": [
            {
              "batter": "SW Bates",
              "bowler": "M Brown",
              "non_striker": "BE Patterson",
              "runs": {
                "batter": 1,
                "extras": 0,
                "total": 1
              }
            },
            {
              "batter": "BE Patterson",
              "bowler": "M Brown",
              "non_striker": "SW Bates",
              "runs": {
                "batter": 1,
                "extras": 0,
                "total": 1
              }
            },
            {
              "batter": "SW Bates",
              "bowler": "M Brown",
              "non_striker": "BE Patterson",
              "runs": {
                "batter": 1,
                "extras": 0,
                "total": 1
              }
            },
            {
              "batter": "BE Patterson",
              "bowler": "M Brown",
              "non_striker": "SW Bates",
              "runs": {
                "batter": 0,
                "extras": 0,
                "total": 0
              }
            },
            {
              "batter": "BE Patterson",
              "bowler": "M Brown",
              "non_striker": "SW Bates",
              "runs": {
                "batter": 0,
                "extras": 0,
                "total": 0
              },
              "wickets": [
                {
                  "player_out": "BE Patterson",
                  "fielders": [
                    {
                      "name": "M Strano"
                    }
                  ],
                  "kind": "caught"
                }
              ]
            },
            {
              "batter": "SW Bates",
              "bowler": "M Brown",
              "non_striker": "T Saville",
              "runs": {
                "batter": 1,
                "extras": 0,
                "total": 1
              }
            }
          ]
        },
        {
          "over": 13,
          "deliveries": [
            {
              "batter": "SW Bates",
              "bowler": "AE Satterthwaite",
              "non_striker": "T Saville",
              "runs": {
                "batter": 2,
                "extras": 0,
                "total": 2
              }
            },
            {
              "batter": "SW Bates",
              "bowler": "AE Satterthwaite",
              "non_striker": "T Saville",
              "runs": {
                "batter": 1,
                "extras": 0,
                "total": 1
              }
            },
            {
              "batter": "T Saville",
              "bowler": "AE Satterthwaite",
              "non_striker": "SW Bates",
              "runs": {
                "batter": 1,
                "extras": 0,
                "total": 1
              }
            },
            {
              "batter": "SW Bates",
              "bowler": "AE Satterthwaite",
              "non_striker": "T Saville",
              "runs": {
                "batter": 1,
                "extras": 0,
                "total": 1
              }
            },
            {
              "batter": "T Saville",
              "bowler": "AE Satterthwaite",
              "non_striker": "SW Bates",
              "runs": {
                "batter": 1,
                "extras": 0,
                "total": 1
              }
            },
            {
              "batter": "SW Bates",
              "bowler": "AE Satterthwaite",
              "non_striker": "T Saville",
              "runs": {
                "batter": 4,
                "extras": 0,
                "total": 4
              }
            }
          ]
        },
        {
          "over": 14,
          "deliveries": [
            {
              "batter": "T Saville",
              "bowler": "G Wareham",
              "non_striker": "SW Bates",
              "runs": {
                "batter": 0,
                "extras": 0,
                "total": 0
              }
            },
            {
              "batter": "T Saville",
              "bowler": "G Wareham",
              "non_striker": "SW Bates",
              "runs": {
                "batter": 1,
                "extras": 0,
                "total": 1
              }
            },
            {
              "batter": "SW Bates",
              "bowler": "G Wareham",
              "non_striker": "T Saville",
              "runs": {
                "batter": 4,
                "extras": 0,
                "total": 4
              }
            },
            {
              "batter": "SW Bates",
              "bowler": "G Wareham",
              "non_striker": "T Saville",
              "runs": {
                "batter": 4,
                "extras": 0,
                "total": 4
              }
            },
            {
              "batter": "SW Bates",
              "bowler": "G Wareham",
              "non_striker": "T Saville",
              "runs": {
                "batter": 4,
                "extras": 0,
                "total": 4
              }
            },
            {
              "batter": "SW Bates",
              "bowler": "G Wareham",
              "non_striker": "T Saville",
              "runs": {
                "batter": 0,
                "extras": 0,
                "total": 0
              },
              "wickets": [
                {
                  "player_out": "SW Bates",
                  "kind": "bowled"
                }
              ]
            }
          ]
        },
        {
          "over": 15,
          "deliveries": [
            {
              "batter": "T Saville",
              "bowler": "AE Satterthwaite",
              "non_striker": "A Wellington",
              "runs": {
                "batter": 1,
                "extras": 0,
                "total": 1
              }
            },
            {
              "batter": "A Wellington",
              "bowler": "AE Satterthwaite",
              "non_striker": "T Saville",
              "runs": {
                "batter": 0,
                "extras": 0,
                "total": 0
              }
            },
            {
              "batter": "A Wellington",
              "bowler": "AE Satterthwaite",
              "non_striker": "T Saville",
              "runs": {
                "batter": 2,
                "extras": 0,
                "total": 2
              }
            },
            {
              "batter": "A Wellington",
              "bowler": "AE Satterthwaite",
              "non_striker": "T Saville",
              "runs": {
                "batter": 0,
                "extras": 0,
                "total": 0
              },
              "wickets": [
                {
                  "player_out": "A Wellington",
                  "fielders": [
                    {
                      "name": "JE Duffin"
                    }
                  ],
                  "kind": "caught"
                }
              ]
            },
            {
              "batter": "T Saville",
              "bowler": "AE Satterthwaite",
              "non_striker": "TJ McPharlin",
              "runs": {
                "batter": 1,
                "extras": 0,
                "total": 1
              }
            },
            {
              "batter": "TJ McPharlin",
              "bowler": "AE Satterthwaite",
              "non_striker": "T Saville",
              "runs": {
                "batter": 1,
                "extras": 0,
                "total": 1
              }
            }
          ]
        },
        {
          "over": 16,
          "deliveries": [
            {
              "batter": "TJ McPharlin",
              "bowler": "LMM Tahuhu",
              "non_striker": "T Saville",
              "runs": {
                "batter": 1,
                "extras": 0,
                "total": 1
              }
            },
            {
              "batter": "T Saville",
              "bowler": "LMM Tahuhu",
              "non_striker": "TJ McPharlin",
              "runs": {
                "batter": 0,
                "extras": 0,
                "total": 0
              }
            },
            {
              "batter": "T Saville",
              "bowler": "LMM Tahuhu",
              "non_striker": "TJ McPharlin",
              "runs": {
                "batter": 1,
                "extras": 0,
                "total": 1
              }
            },
            {
              "batter": "TJ McPharlin",
              "bowler": "LMM Tahuhu",
              "non_striker": "T Saville",
              "runs": {
                "batter": 0,
                "extras": 0,
                "total": 0
              }
            },
            {
              "batter": "TJ McPharlin",
              "bowler": "LMM Tahuhu",
              "non_striker": "T Saville",
              "runs": {
                "batter": 0,
                "extras": 0,
                "total": 0
              }
            },
            {
              "batter": "TJ McPharlin",
              "bowler": "LMM Tahuhu",
              "non_striker": "T Saville",
              "runs": {
                "batter": 1,
                "extras": 0,
                "total": 1
              }
            }
          ]
        },
        {
          "over": 17,
          "deliveries": [
            {
              "batter": "TJ McPharlin",
              "bowler": "M Strano",
              "non_striker": "T Saville",
              "runs": {
                "batter": 2,
                "extras": 0,
                "total": 2
              }
            },
            {
              "batter": "TJ McPharlin",
              "bowler": "M Strano",
              "non_striker": "T Saville",
              "runs": {
                "batter": 0,
                "extras": 0,
                "total": 0
              },
              "wickets": [
                {
                  "player_out": "TJ McPharlin",
                  "fielders": [
                    {
                      "name": "AC Jayangani"
                    }
                  ],
                  "kind": "caught"
                }
              ]
            },
            {
              "batter": "T Saville",
              "bowler": "M Strano",
              "non_striker": "ML Schutt",
              "runs": {
                "batter": 0,
                "extras": 0,
                "total": 0
              }
            },
            {
              "batter": "T Saville",
              "bowler": "M Strano",
              "non_striker": "ML Schutt",
              "runs": {
                "batter": 1,
                "extras": 0,
                "total": 1
              }
            },
            {
              "batter": "ML Schutt",
              "bowler": "M Strano",
              "non_striker": "T Saville",
              "runs": {
                "batter": 2,
                "extras": 0,
                "total": 2
              }
            },
            {
              "batter": "ML Schutt",
              "bowler": "M Strano",
              "non_striker": "T Saville",
              "runs": {
                "batter": 1,
                "extras": 0,
                "total": 1
              }
            }
          ]
        },
        {
          "over": 18,
          "deliveries": [
            {
              "batter": "ML Schutt",
              "bowler": "AE Satterthwaite",
              "extras": {
                "wides": 1
              },
              "non_striker": "T Saville",
              "runs": {
                "batter": 0,
                "extras": 1,
                "total": 1
              }
            },
            {
              "batter": "ML Schutt",
              "bowler": "AE Satterthwaite",
              "non_striker": "T Saville",
              "runs": {
                "batter": 4,
                "extras": 0,
                "total": 4
              }
            },
            {
              "batter": "ML Schutt",
              "bowler": "AE Satterthwaite",
              "non_striker": "T Saville",
              "runs": {
                "batter": 0,
                "extras": 0,
                "total": 0
              },
              "wickets": [
                {
                  "player_out": "ML Schutt",
                  "fielders": [
                    {
                      "name": "S Molineux"
                    }
                  ],
                  "kind": "caught"
                }
              ]
            },
            {
              "batter": "T Saville",
              "bowler": "AE Satterthwaite",
              "non_striker": "A Price",
              "runs": {
                "batter": 4,
                "extras": 0,
                "total": 4
              }
            },
            {
              "batter": "T Saville",
              "bowler": "AE Satterthwaite",
              "non_striker": "A Price",
              "runs": {
                "batter": 1,
                "extras": 0,
                "total": 1
              }
            },
            {
              "batter": "A Price",
              "bowler": "AE Satterthwaite",
              "non_striker": "T Saville",
              "runs": {
                "batter": 0,
                "extras": 0,
                "total": 0
              }
            },
            {
              "batter": "A Price",
              "bowler": "AE Satterthwaite",
              "non_striker": "T Saville",
              "runs": {
                "batter": 2,
                "extras": 0,
                "total": 2
              }
            }
          ]
        },
        {
          "over": 19,
          "deliveries": [
            {
              "batter": "T Saville",
              "bowler": "M Strano",
              "non_striker": "A Price",
              "runs": {
                "batter": 2,
                "extras": 0,
                "total": 2
              }
            },
            {
              "batter": "T Saville",
              "bowler": "M Strano",
              "non_striker": "A Price",
              "runs": {
                "batter": 1,
                "extras": 0,
                "total": 1
              },
              "wickets": [
                {
                  "player_out": "A Price",
                  "kind": "run out"
                }
              ]
            },
            {
              "batter": "SM Betts",
              "bowler": "M Strano",
              "non_striker": "T Saville",
              "runs": {
                "batter": 1,
                "extras": 0,
                "total": 1
              }
            },
            {
              "batter": "T Saville",
              "bowler": "M Strano",
              "non_striker": "SM Betts",
              "runs": {
                "batter": 1,
                "extras": 0,
                "total": 1
              }
            },
            {
              "batter": "SM Betts",
              "bowler": "M Strano",
              "non_striker": "T Saville",
              "runs": {
                "batter": 2,
                "extras": 0,
                "total": 2
              }
            },
            {
              "batter": "SM Betts",
              "bowler": "M Strano",
              "non_striker": "T Saville",
              "runs": {
                "batter": 2,
                "extras": 0,
                "total": 2
              }
            }
          ]
        }
      ],
      "powerplays": [
        {
          "from": 0.1,
          "to": 5.6,
          "type": "mandatory"
        }
      ],
      "target": {
        "overs": 20,
        "runs": 161
      }
    }
  ]
}