{
  "meta": {
    "data_version": "1.0.0",
    "created": "2020-06-15",
    "revision": 1
  },
  "info": {
    "balls_per_over": 6,
    "city": "Sydney",
    "dates": [
      "2017-12-09"
    ],
    "event": {
      "name": "Women's Big Bash League",
      "match_number": 3
    },
    "gender": "female",
    "match_type": "T20",
    "officials": {
      "match_referees": [
        "Tim Donahoo"
      ],
      "umpires": [
        "BC Treloar",
        "Marc Nickl"
      ]
    },
    "outcome": {
      "winner": "Sydney Sixers",
      "by": {
        "runs": 86
      }
    },
    "overs": 20,
    "player_of_match": [
      "A Gardner"
    ],
    "players": {
      "Sydney Sixers": [
        "AJ Healy",
        "EA Perry",
        "A Gardner",
        "EA Burns",
        "SJ McGlashan",
        "D van Niekerk",
        "M Kapp",
        "AR Reakes",
        "SE Aley",
        "LG Smith",
        "J Hicks"
      ],
      "Melbourne Stars": [
        "L Lee",
        "A King",
        "M du Preez",
        "A Lanning",
        "KM Mack",
        "EA Osborne",
        "E Kearney",
        "HM Brennan",
        "M Blows",
        "KM Beams",
        "GL Triscari"
      ]
    },
    "registry": {
      "people": {
        "A Gardner": "bc969efb",
        "A King": "83558266",
        "A Lanning": "ba0a8d88",
        "AJ Healy": "321644de",
        "AR Reakes": "13781d43",
        "BC Treloar": "f7e8ee52",
        "D van Niekerk": "8c5775f3",
        "E Kearney": "437068a1",
        "EA Burns": "2e0b6638",
        "EA Osborne": "fe731c62",
        "EA Perry": "be150fc8",
        "GL Triscari": "207ba61e",
        "HM Brennan": "22fad2b6",
        "J Hicks": "38970358",
        "KM Beams": "fa8f9dc3",
        "KM Mack": "ef13bd20",
        "L Lee": "7b01ce83",
        "LG Smith": "9c515112",
        "M Blows": "72e3d89d",
        "M Kapp": "63e3b6b3",
        "M du Preez": "e219f17a",
        "Marc Nickl": "97e5350a",
        "SE Aley": "5be043df",
        "SJ McGlashan": "af71535d",
        "Tim Donahoo": "b62cf656"
      }
    },
    "season": "2017/18",
    "team_type": "club",
    "teams": [
      "Sydney Sixers",
      "Melbourne Stars"
    ],
    "toss": {
      "decision": "field",
      "winner": "Melbourne Stars"
    },
    "venue": "North Sydney Oval"
  },
  "innings": [
    {
      "team": "Sydney Sixers",
      "overs": [
        {
          "over": 0,
          "deliveries": [
            {
              "batter": "AJ Healy",
              "bowler": "E Kearney",
              "extras": {
                "noballs": 1
              },
              "non_striker": "EA Perry",
              "runs": {
                "batter": 1,
                "extras": 1,
                "total": 2
              }
            },
            {
              "batter": "EA Perry",
              "bowler": "E Kearney",
              "non_striker": "AJ Healy",
              "runs": {
                "batter": 1,
                "extras": 0,
                "total": 1
              }
            },
            {
              "batter": "AJ Healy",
              "bowler": "E Kearney",
              "non_striker": "EA Perry",
              "runs": {
                "batter": 0,
                "extras": 0,
                "total": 0
              }
            },
            {
              "batter": "AJ Healy",
              "bowler": "E Kearney",
              "non_striker": "EA Perry",
              "runs": {
                "batter": 1,
                "extras": 0,
                "total": 1
              }
            },
            {
              "batter": "EA Perry",
              "bowler": "E Kearney",
              "non_striker": "AJ Healy",
              "runs": {
                "batter": 1,
                "extras": 0,
                "total": 1
              }
            },
            {
              "batter": "AJ Healy",
              "bowler": "E Kearney",
              "extras": {
                "wides": 1
              },
              "non_striker": "EA Perry",
              "runs": {
                "batter": 0,
                "extras": 1,
                "total": 1
              }
            },
            {
              "batter": "AJ Healy",
              "bowler": "E Kearney",
              "non_striker": "EA Perry",
              "runs": {
                "batter": 2,
                "extras": 0,
                "total": 2
              }
            },
            {
              "batter": "AJ Healy",
              "bowler": "E Kearney",
              "non_striker": "EA Perry",
              "runs": {
                "batter": 0,
                "extras": 0,
                "total": 0
              }
            }
          ]
        },
        {
          "over": 1,
          "deliveries": [
            {
              "batter": "EA Perry",
              "bowler": "EA Osborne",
              "non_striker": "AJ Healy",
              "runs": {
                "batter": 0,
                "extras": 0,
                "total": 0
              }
            },
            {
              "batter": "EA Perry",
              "bowler": "EA Osborne",
              "extras": {
                "wides": 1
              },
              "non_striker": "AJ Healy",
              "runs": {
                "batter": 0,
                "extras": 1,
                "total": 1
              }
            },
            {
              "batter": "EA Perry",
              "bowler": "EA Osborne",
              "non_striker": "AJ Healy",
              "runs": {
                "batter": 1,
                "extras": 0,
                "total": 1
              }
            },
            {
              "batter": "AJ Healy",
              "bowler": "EA Osborne",
              "non_striker": "EA Perry",
              "runs": {
                "batter": 0,
                "extras": 0,
                "total": 0
              },
              "wickets": [
                {
                  "player_out": "AJ Healy",
                  "fielders": [
                    {
                      "name": "KM Mack"
                    }
                  ],
                  "kind": "caught"
                }
              ]
            },
            {
              "batter": "EA Perry",
              "bowler": "EA Osborne",
              "non_striker": "A Gardner",
              "runs": {
                "batter": 1,
                "extras": 0,
                "total": 1
              }
            },
            {
              "batter": "A Gardner",
              "bowler": "EA Osborne",
              "non_striker": "EA Perry",
              "runs": {
                "batter": 4,
                "extras": 0,
                "total": 4
              }
            },
            {
              "batter": "A Gardner",
              "bowler": "EA Osborne",
              "non_striker": "EA Perry",
              "runs": {
                "batter": 1,
                "extras": 0,
                "total": 1
              }
            }
          ]
        },
        {
          "over": 2,
          "deliveries": [
            {
              "batter": "A Gardner",
              "bowler": "HM Brennan",
              "non_striker": "EA Perry",
              "runs": {
                "batter": 4,
                "extras": 0,
                "total": 4
              }
            },
            {
              "batter": "A Gardner",
              "bowler": "HM Brennan",
              "non_striker": "EA Perry",
              "runs": {
                "batter": 6,
                "extras": 0,
                "total": 6
              }
            },
            {
              "batter": "A Gardner",
              "bowler": "HM Brennan",
              "non_striker": "EA Perry",
              "runs": {
                "batter": 4,
                "extras": 0,
                "total": 4
              }
            },
            {
              "batter": "A Gardner",
              "bowler": "HM Brennan",
              "non_striker": "EA Perry",
              "runs": {
                "batter": 0,
                "extras": 0,
                "total": 0
              }
            },
            {
              "batter": "A Gardner",
              "bowler": "HM Brennan",
              "non_striker": "EA Perry",
              "runs": {
                "batter": 4,
                "extras": 0,
                "total": 4
              }
            },
            {
              "batter": "A Gardner",
              "bowler": "HM Brennan",
              "non_striker": "EA Perry",
              "runs": {
                "batter": 4,
                "extras": 0,
                "total": 4
              }
            }
          ]
        },
        {
          "over": 3,
          "deliveries": [
            {
              "batter": "EA Perry",
              "bowler": "KM Beams",
              "non_striker": "A Gardner",
              "runs": {
                "batter": 1,
                "extras": 0,
                "total": 1
              }
            },
            {
              "batter": "A Gardner",
              "bowler": "KM Beams",
              "non_striker": "EA Perry",
              "runs": {
                "batter": 0,
                "extras": 0,
                "total": 0
              }
            },
            {
              "batter": "A Gardner",
              "bowler": "KM Beams",
              "non_striker": "EA Perry",
              "runs": {
                "batter": 4,
                "extras": 0,
                "total": 4
              }
            },
            {
              "batter": "A Gardner",
              "bowler": "KM Beams",
              "non_striker": "EA Perry",
              "runs": {
                "batter": 0,
                "extras": 0,
                "total": 0
              }
            },
            {
              "batter": "A Gardner",
              "bowler": "KM Beams",
              "non_striker": "EA Perry",
              "runs": {
                "batter": 0,
                "extras": 0,
                "total": 0
              }
            },
            {
              "batter": "A Gardner",
              "bowler": "KM Beams",
              "non_striker": "EA Perry",
              "runs": {
                "batter": 1,
                "extras": 0,
                "total": 1
              }
            }
          ]
        },
        {
          "over": 4,
          "deliveries": [
            {
              "batter": "A Gardner",
              "bowler": "EA Osborne",
              "non_striker": "EA Perry",
              "runs": {
                "batter": 0,
                "extras": 0,
                "total": 0
              }
            },
            {
              "batter": "A Gardner",
              "bowler": "EA Osborne",
              "non_striker": "EA Perry",
              "runs": {
                "batter": 4,
                "extras": 0,
                "total": 4
              }
            },
            {
              "batter": "A Gardner",
              "bowler": "EA Osborne",
              "non_striker": "EA Perry",
              "runs": {
                "batter": 1,
                "extras": 0,
                "total": 1
              }
            },
            {
              "batter": "EA Perry",
              "bowler": "EA Osborne",
              "non_striker": "A Gardner",
              "runs": {
                "batter": 0,
                "extras": 0,
                "total": 0
              }
            },
            {
              "batter": "EA Perry",
              "bowler": "EA Osborne",
              "non_striker": "A Gardner",
              "runs": {
                "batter": 0,
                "extras": 0,
                "total": 0
              }
            },
            {
              "batter": "EA Perry",
              "bowler": "EA Osborne",
              "non_striker": "A Gardner",
              "runs": {
                "batter": 0,
                "extras": 0,
                "total": 0
              }
            }
          ]
        },
        {
          "over": 5,
          "deliveries": [
            {
              "batter": "A Gardner",
              "bowler": "KM Beams",
              "non_striker": "EA Perry",
              "runs": {
                "batter": 0,
                "extras": 0,
                "total": 0
              }
            },
            {
              "batter": "A Gardner",
              "bowler": "KM Beams",
              "non_striker": "EA Perry",
              "runs": {
                "batter": 6,
                "extras": 0,
                "total": 6
              }
            },
            {
              "batter": "A Gardner",
              "bowler": "KM Beams",
              "non_striker": "EA Perry",
              "runs": {
                "batter": 1,
                "extras": 0,
                "total": 1
              }
            },
            {
              "batter": "EA Perry",
              "bowler": "KM Beams",
              "extras": {
                "legbyes": 4
              },
              "non_striker": "A Gardner",
              "runs": {
                "batter": 0,
                "extras": 4,
                "total": 4
              }
            },
            {
              "batter": "EA Perry",
              "bowler": "KM Beams",
              "non_striker": "A Gardner",
              "runs": {
                "batter": 4,
                "extras": 0,
                "total": 4
              }
            },
            {
              "batter": "EA Perry",
              "bowler": "KM Beams",
              "non_striker": "A Gardner",
              "runs": {
                "batter": 0,
                "extras": 0,
                "total": 0
              }
            }
          ]
        },
        {
          "over": 6,
          "deliveries": [
            {
              "batter": "A Gardner",
              "bowler": "A King",
              "non_striker": "EA Perry",
              "runs": {
                "batter": 0,
                "extras": 0,
                "total": 0
              }
            },
            {
              "batter": "A Gardner",
              "bowler": "A King",
              "non_striker": "EA Perry",
              "runs": {
                "batter": 0,
                "extras": 0,
                "total": 0
              }
            },
            {
              "batter": "A Gardner",
              "bowler": "A King",
              "non_striker": "EA Perry",
              "runs": {
                "batter": 6,
                "extras": 0,
                "total": 6
              }
            },
            {
              "batter": "A Gardner",
              "bowler": "A King",
              "non_striker": "EA Perry",
              "runs": {
                "batter": 1,
                "extras": 0,
                "total": 1
              }
            },
            {
              "batter": "EA Perry",
              "bowler": "A King",
              "non_striker": "A Gardner",
              "runs": {
                "batter": 0,
                "extras": 0,
                "total": 0
              }
            },
            {
              "batter": "EA Perry",
              "bowler": "A King",
              "non_striker": "A Gardner",
              "runs": {
                "batter": 0,
                "extras": 0,
                "total": 0
              }
            }
          ]
        },
        {
          "over": 7,
          "deliveries": [
            {
              "batter": "A Gardner",
              "bowler": "E Kearney",
              "non_striker": "EA Perry",
              "runs": {
                "batter": 2,
                "extras": 0,
                "total": 2
              }
            },
            {
              "batter": "A Gardner",
              "bowler": "E Kearney",
              "non_striker": "EA Perry",
              "runs": {
                "batter": 0,
                "extras": 0,
                "total": 0
              }
            },
            {
              "batter": "A Gardner",
              "bowler": "E Kearney",
              "non_striker": "EA Perry",
              "runs": {
                "batter": 6,
                "extras": 0,
                "total": 6
              }
            },
            {
              "batter": "A Gardner",
              "bowler": "E Kearney",
              "non_striker": "EA Perry",
              "runs": {
                "batter": 0,
                "extras": 0,
                "total": 0
              }
            },
            {
              "batter": "A Gardner",
              "bowler": "E Kearney",
              "non_striker": "EA Perry",
              "runs": {
                "batter": 1,
                "extras": 0,
                "total": 1
              }
            },
            {
              "batter": "EA Perry",
              "bowler": "E Kearney",
              "non_striker": "A Gardner",
              "runs": {
                "batter": 1,
                "extras": 0,
                "total": 1
              }
            }
          ]
        },
        {
          "over": 8,
          "deliveries": [
            {
              "batter": "EA Perry",
              "bowler": "A King",
              "non_striker": "A Gardner",
              "runs": {
                "batter": 1,
                "extras": 0,
                "total": 1
              }
            },
            {
              "batter": "A Gardner",
              "bowler": "A King",
              "non_striker": "EA Perry",
              "runs": {
                "batter": 2,
                "extras": 0,
                "total": 2
              }
            },
            {
              "batter": "A Gardner",
              "bowler": "A King",
              "non_striker": "EA Perry",
              "runs": {
                "batter": 0,
                "extras": 0,
                "total": 0
              }
            },
            {
              "batter": "A Gardner",
              "bowler": "A King",
              "non_striker": "EA Perry",
              "runs": {
                "batter": 6,
                "extras": 0,
                "total": 6
              }
            },
            {
              "batter": "A Gardner",
              "bowler": "A King",
              "non_striker": "EA Perry",
              "runs": {
                "batter": 2,
                "extras": 0,
                "total": 2
              }
            },
            {
              "batter": "A Gardner",
              "bowler": "A King",
              "non_striker": "EA Perry",
              "runs": {
                "batter": 0,
                "extras": 0,
                "total": 0
              }
            }
          ]
        },
        {
          "over": 9,
          "deliveries": [
            {
              "batter": "EA Perry",
              "bowler": "EA Osborne",
              "non_striker": "A Gardner",
              "runs": {
                "batter": 0,
                "extras": 0,
                "total": 0
              }
            },
            {
              "batter": "EA Perry",
              "bowler": "EA Osborne",
              "non_striker": "A Gardner",
              "runs": {
                "batter": 1,
                "extras": 0,
                "total": 1
              }
            },
            {
              "batter": "A Gardner",
              "bowler": "EA Osborne",
              "non_striker": "EA Perry",
              "runs": {
                "batter": 0,
                "extras": 0,
                "total": 0
              }
            },
            {
              "batter": "A Gardner",
              "bowler": "EA Osborne",
              "non_striker": "EA Perry",
              "runs": {
                "batter": 4,
                "extras": 0,
                "total": 4
              }
            },
            {
              "batter": "A Gardner",
              "bowler": "EA Osborne",
              "non_striker": "EA Perry",
              "runs": {
                "batter": 6,
                "extras": 0,
                "total": 6
              }
            },
            {
              "batter": "A Gardner",
              "bowler": "EA Osborne",
              "non_striker": "EA Perry",
              "runs": {
                "batter": 1,
                "extras": 0,
                "total": 1
              }
            }
          ]
        },
        {
          "over": 10,
          "deliveries": [
            {
              "batter": "A Gardner",
              "bowler": "GL Triscari",
              "non_striker": "EA Perry",
              "runs": {
                "batter": 1,
                "extras": 0,
                "total": 1
              }
            },
            {
              "batter": "EA Perry",
              "bowler": "GL Triscari",
              "non_striker": "A Gardner",
              "runs": {
                "batter": 4,
                "extras": 0,
                "total": 4
              }
            },
            {
              "batter": "EA Perry",
              "bowler": "GL Triscari",
              "non_striker": "A Gardner",
              "runs": {
                "batter": 4,
                "extras": 0,
                "total": 4
              }
            },
            {
              "batter": "EA Perry",
              "bowler": "GL Triscari",
              "non_striker": "A Gardner",
              "runs": {
                "batter": 2,
                "extras": 0,
                "total": 2
              }
            },
            {
              "batter": "EA Perry",
              "bowler": "GL Triscari",
              "non_striker": "A Gardner",
              "runs": {
                "batter": 5,
                "extras": 0,
                "total": 5
              }
            },
            {
              "batter": "A Gardner",
              "bowler": "GL Triscari",
              "non_striker": "EA Perry",
              "runs": {
                "batter": 0,
                "extras": 0,
                "total": 0
              }
            }
          ]
        },
        {
          "over": 11,
          "deliveries": [
            {
              "batter": "EA Perry",
              "bowler": "KM Beams",
              "non_striker": "A Gardner",
              "runs": {
                "batter": 1,
                "extras": 0,
                "total": 1
              }
            },
            {
              "batter": "A Gardner",
              "bowler": "KM Beams",
              "non_striker": "EA Perry",
              "runs": {
                "batter": 6,
                "extras": 0,
                "total": 6
              }
            },
            {
              "batter": "A Gardner",
              "bowler": "KM Beams",
              "non_striker": "EA Perry",
              "runs": {
                "batter": 1,
                "extras": 0,
                "total": 1
              }
            },
            {
              "batter": "EA Perry",
              "bowler": "KM Beams",
              "extras": {
                "wides": 3
              },
              "non_striker": "A Gardner",
              "runs": {
                "batter": 0,
                "extras": 3,
                "total": 3
              }
            },
            {
              "batter": "EA Perry",
              "bowler": "KM Beams",
              "non_striker": "A Gardner",
              "runs": {
                "batter": 1,
                "extras": 0,
                "total": 1
              }
            },
            {
              "batter": "A Gardner",
              "bowler": "KM Beams",
              "non_striker": "EA Perry",
              "runs": {
                "batter": 0,
                "extras": 0,
                "total": 0
              }
            },
            {
              "batter": "A Gardner",
              "bowler": "KM Beams",
              "non_striker": "EA Perry",
              "runs": {
                "batter": 1,
                "extras": 0,
                "total": 1
              }
            }
          ]
        },
        {
          "over": 12,
          "deliveries": [
            {
              "batter": "A Gardner",
              "bowler": "GL Triscari",
              "non_striker": "EA Perry",
              "runs": {
                "batter": 0,
                "extras": 0,
                "total": 0
              }
            },
            {
              "batter": "A Gardner",
              "bowler": "GL Triscari",
              "non_striker": "EA Perry",
              "runs": {
                "batter": 1,
                "extras": 0,
                "total": 1
              }
            },
            {
              "batter": "EA Perry",
              "bowler": "GL Triscari",
              "non_striker": "A Gardner",
              "runs": {
                "batter": 1,
                "extras": 0,
                "total": 1
              }
            },
            {
              "batter": "A Gardner",
              "bowler": "GL Triscari",
              "non_striker": "EA Perry",
              "runs": {
                "batter": 4,
                "extras": 0,
                "total": 4
              }
            },
            {
              "batter": "A Gardner",
              "bowler": "GL Triscari",
              "non_striker": "EA Perry",
              "runs": {
                "batter": 6,
                "extras": 0,
                "total": 6
              }
            },
            {
              "batter": "A Gardner",
              "bowler": "GL Triscari",
              "non_striker": "EA Perry",
              "runs": {
                "batter": 0,
                "extras": 0,
                "total": 0
              }
            }
          ]
        },
        {
          "over": 13,
          "deliveries": [
            {
              "batter": "EA Perry",
              "bowler": "E Kearney",
              "non_striker": "A Gardner",
              "runs": {
                "batter": 1,
                "extras": 0,
                "total": 1
              }
            },
            {
              "batter": "A Gardner",
              "bowler": "E Kearney",
              "non_striker": "EA Perry",
              "runs": {
                "batter": 6,
                "extras": 0,
                "total": 6
              }
            },
            {
              "batter": "A Gardner",
              "bowler": "E Kearney",
              "non_striker": "EA Perry",
              "runs": {
                "batter": 6,
                "extras": 0,
                "total": 6
              }
            },
            {
              "batter": "A Gardner",
              "bowler": "E Kearney",
              "non_striker": "EA Perry",
              "runs": {
                "batter": 1,
                "extras": 0,
                "total": 1
              }
            },
            {
              "batter": "EA Perry",
              "bowler": "E Kearney",
              "non_striker": "A Gardner",
              "runs": {
                "batter": 1,
                "extras": 0,
                "total": 1
              }
            },
            {
              "batter": "A Gardner",
              "bowler": "E Kearney",
              "non_striker": "EA Perry",
              "runs": {
                "batter": 0,
                "extras": 0,
                "total": 0
              },
              "wickets": [
                {
                  "player_out": "A Gardner",
                  "fielders": [
                    {
                      "name": "A King"
                    }
                  ],
                  "kind": "caught"
                }
              ]
            }
          ]
        },
        {
          "over": 14,
          "deliveries": [
            {
              "batter": "EA Perry",
              "bowler": "A King",
              "non_striker": "EA Burns",
              "runs": {
                "batter": 1,
                "extras": 0,
                "total": 1
              }
            },
            {
              "batter": "EA Burns",
              "bowler": "A King",
              "non_striker": "EA Perry",
              "runs": {
                "batter": 1,
                "extras": 0,
                "total": 1
              }
            },
            {
              "batter": "EA Perry",
              "bowler": "A King",
              "non_striker": "EA Burns",
              "runs": {
                "batter": 6,
                "extras": 0,
                "total": 6
              }
            },
            {
              "batter": "EA Perry",
              "bowler": "A King",
              "non_striker": "EA Burns",
              "runs": {
                "batter": 1,
                "extras": 0,
                "total": 1
              }
            },
            {
              "batter": "EA Burns",
              "bowler": "A King",
              "non_striker": "EA Perry",
              "runs": {
                "batter": 1,
                "extras": 0,
                "total": 1
              }
            },
            {
              "batter": "EA Perry",
              "bowler": "A King",
              "extras": {
                "noballs": 1
              },
              "non_striker": "EA Burns",
              "runs": {
                "batter": 6,
                "extras": 1,
                "total": 7
              }
            },
            {
              "batter": "EA Perry",
              "bowler": "A King",
              "non_striker": "EA Burns",
              "runs": {
                "batter": 6,
                "extras": 0,
                "total": 6
              }
            }
          ]
        },
        {
          "over": 15,
          "deliveries": [
            {
              "batter": "EA Burns",
              "bowler": "E Kearney",
              "non_striker": "EA Perry",
              "runs": {
                "batter": 0,
                "extras": 0,
                "total": 0
              }
            },
            {
              "batter": "EA Burns",
              "bowler": "E Kearney",
              "non_striker": "EA Perry",
              "runs": {
                "batter": 1,
                "extras": 0,
                "total": 1
              }
            },
            {
              "batter": "EA Perry",
              "bowler": "E Kearney",
              "non_striker": "EA Burns",
              "runs": {
                "batter": 4,
                "extras": 0,
                "total": 4
              }
            },
            {
              "batter": "EA Perry",
              "bowler": "E Kearney",
              "non_striker": "EA Burns",
              "runs": {
                "batter": 0,
                "extras": 0,
                "total": 0
              }
            },
            {
              "batter": "EA Perry",
              "bowler": "E Kearney",
              "non_striker": "EA Burns",
              "runs": {
                "batter": 1,
                "extras": 0,
                "total": 1
              }
            },
            {
              "batter": "EA Burns",
              "bowler": "E Kearney",
              "non_striker": "EA Perry",
              "runs": {
                "batter": 1,
                "extras": 0,
                "total": 1
              }
            }
          ]
        },
        {
          "over": 16,
          "deliveries": [
            {
              "batter": "EA Burns",
              "bowler": "HM Brennan",
              "non_striker": "EA Perry",
              "runs": {
                "batter": 1,
                "extras": 0,
                "total": 1
              }
            },
            {
              "batter": "EA Perry",
              "bowler": "HM Brennan",
              "non_striker": "EA Burns",
              "runs": {
                "batter": 4,
                "extras": 0,
                "total": 4
              }
            },
            {
              "batter": "EA Perry",
              "bowler": "HM Brennan",
              "non_striker": "EA Burns",
              "runs": {
                "batter": 0,
                "extras": 0,
                "total": 0
              }
            },
            {
              "batter": "EA Perry",
              "bowler": "HM Brennan",
              "non_striker": "EA Burns",
              "runs": {
                "batter": 1,
                "extras": 0,
                "total": 1
              }
            },
            {
              "batter": "EA Burns",
              "bowler": "HM Brennan",
              "non_striker": "EA Perry",
              "runs": {
                "batter": 4,
                "extras": 0,
                "total": 4
              }
            },
            {
              "batter": "EA Burns",
              "bowler": "HM Brennan",
              "non_striker": "EA Perry",
              "runs": {
                "batter": 4,
                "extras": 0,
                "total": 4
              }
            }
          ]
        },
        {
          "over": 17,
          "deliveries": [
            {
              "batter": "EA Perry",
              "bowler": "EA Osborne",
              "non_striker": "EA Burns",
              "runs": {
                "batter": 1,
                "extras": 0,
                "total": 1
              }
            },
            {
              "batter": "EA Burns",
              "bowler": "EA Osborne",
              "non_striker": "EA Perry",
              "runs": {
                "batter": 4,
                "extras": 0,
                "total": 4
              }
            },
            {
              "batter": "EA Burns",
              "bowler": "EA Osborne",
              "non_striker": "EA Perry",
              "runs": {
                "batter": 1,
                "extras": 0,
                "total": 1
              }
            },
            {
              "batter": "EA Perry",
              "bowler": "EA Osborne",
              "non_striker": "EA Burns",
              "runs": {
                "batter": 1,
                "extras": 0,
                "total": 1
              }
            },
            {
              "batter": "EA Burns",
              "bowler": "EA Osborne",
              "non_striker": "EA Perry",
              "runs": {
                "batter": 0,
                "extras": 0,
                "total": 0
              },
              "wickets": [
                {
                  "player_out": "EA Burns",
                  "kind": "bowled"
                }
              ]
            },
            {
              "batter": "SJ McGlashan",
              "bowler": "EA Osborne",
              "non_striker": "EA Perry",
              "runs": {
                "batter": 1,
                "extras": 0,
                "total": 1
              }
            }
          ]
        },
        {
          "over": 18,
          "deliveries": [
            {
              "batter": "SJ McGlashan",
              "bowler": "GL Triscari",
              "non_striker": "EA Perry",
              "runs": {
                "batter": 1,
                "extras": 0,
                "total": 1
              }
            },
            {
              "batter": "EA Perry",
              "bowler": "GL Triscari",
              "non_striker": "SJ McGlashan",
              "runs": {
                "batter": 4,
                "extras": 0,
                "total": 4
              }
            },
            {
              "batter": "EA Perry",
              "bowler": "GL Triscari",
              "non_striker": "SJ McGlashan",
              "runs": {
                "batter": 1,
                "extras": 0,
                "total": 1
              }
            },
            {
              "batter": "SJ McGlashan",
              "bowler": "GL Triscari",
              "non_striker": "EA Perry",
              "runs": {
                "batter": 1,
                "extras": 0,
                "total": 1
              }
            },
            {
              "batter": "EA Perry",
              "bowler": "GL Triscari",
              "non_striker": "SJ McGlashan",
              "runs": {
                "batter": 1,
                "extras": 0,
                "total": 1
              }
            },
            {
              "batter": "SJ McGlashan",
              "bowler": "GL Triscari",
              "non_striker": "EA Perry",
              "runs": {
                "batter": 1,
                "extras": 0,
                "total": 1
              },
              "wickets": [
                {
                  "player_out": "SJ McGlashan",
                  "kind": "run out"
                }
              ]
            }
          ]
        },
        {
          "over": 19,
          "deliveries": [
            {
              "batter": "EA Perry",
              "bowler": "KM Beams",
              "non_striker": "D van Niekerk",
              "runs": {
                "batter": 4,
                "extras": 0,
                "total": 4
              }
            },
            {
              "batter": "EA Perry",
              "bowler": "KM Beams",
              "non_striker": "D van Niekerk",
              "runs": {
                "batter": 4,
                "extras": 0,
                "total": 4
              }
            },
            {
              "batter": "EA Perry",
              "bowler": "KM Beams",
              "non_striker": "D van Niekerk",
              "runs": {
                "batter": 6,
                "extras": 0,
                "total": 6
              }
            },
            {
              "batter": "EA Perry",
              "bowler": "KM Beams",
              "non_striker": "D van Niekerk",
              "runs": {
                "batter": 2,
                "extras": 0,
                "total": 2
              }
            },
            {
              "batter": "EA Perry",
              "bowler": "KM Beams",
              "non_striker": "D van Niekerk",
              "runs": {
                "batter": 4,
                "extras": 0,
                "total": 4
              }
            },
            {
              "batter": "EA Perry",
              "bowler": "KM Beams",
              "non_striker": "D van Niekerk",
              "runs": {
                "batter": 1,
                "extras": 0,
                "total": 1
              }
            }
          ]
        }
      ],
      "powerplays": [
        {
          "from": 0.1,
          "to": 5.6,
          "type": "mandatory"
        }
      ]
    },
    {
      "team": "Melbourne Stars",
      "overs": [
        {
          "over": 0,
          "deliveries": [
            {
              "batter": "L Lee",
              "bowler": "A Gardner",
              "non_striker": "A King",
              "runs": {
                "batter": 0,
                "extras": 0,
                "total": 0
              }
            },
            {
              "batter": "L Lee",
              "bowler": "A Gardner",
              "non_striker": "A King",
              "runs": {
                "batter": 4,
                "extras": 0,
                "total": 4
              }
            },
            {
              "batter": "L Lee",
              "bowler": "A Gardner",
              "non_striker": "A King",
              "runs": {
                "batter": 6,
                "extras": 0,
                "total": 6
              }
            },
            {
              "batter": "L Lee",
              "bowler": "A Gardner",
              "non_striker": "A King",
              "runs": {
                "batter": 0,
                "extras": 0,
                "total": 0
              }
            },
            {
              "batter": "L Lee",
              "bowler": "A Gardner",
              "non_striker": "A King",
              "runs": {
                "batter": 4,
                "extras": 0,
                "total": 4
              }
            },
            {
              "batter": "L Lee",
              "bowler": "A Gardner",
              "non_striker": "A King",
              "runs": {
                "batter": 6,
                "extras": 0,
                "total": 6
              }
            }
          ]
        },
        {
          "over": 1,
          "deliveries": [
            {
              "batter": "A King",
              "bowler": "M Kapp",
              "non_striker": "L Lee",
              "runs": {
                "batter": 0,
                "extras": 0,
                "total": 0
              }
            },
            {
              "batter": "A King",
              "bowler": "M Kapp",
              "non_striker": "L Lee",
              "runs": {
                "batter": 0,
                "extras": 0,
                "total": 0
              }
            },
            {
              "batter": "A King",
              "bowler": "M Kapp",
              "non_striker": "L Lee",
              "runs": {
                "batter": 1,
                "extras": 0,
                "total": 1
              }
            },
            {
              "batter": "L Lee",
              "bowler": "M Kapp",
              "extras": {
                "wides": 1
              },
              "non_striker": "A King",
              "runs": {
                "batter": 0,
                "extras": 1,
                "total": 1
              }
            },
            {
              "batter": "L Lee",
              "bowler": "M Kapp",
              "non_striker": "A King",
              "runs": {
                "batter": 6,
                "extras": 0,
                "total": 6
              }
            },
            {
              "batter": "L Lee",
              "bowler": "M Kapp",
              "non_striker": "A King",
              "runs": {
                "batter": 4,
                "extras": 0,
                "total": 4
              }
            },
            {
              "batter": "L Lee",
              "bowler": "M Kapp",
              "non_striker": "A King",
              "runs": {
                "batter": 0,
                "extras": 0,
                "total": 0
              }
            }
          ]
        },
        {
          "over": 2,
          "deliveries": [
            {
              "batter": "A King",
              "bowler": "EA Perry",
              "extras": {
                "wides": 1
              },
              "non_striker": "L Lee",
              "runs": {
                "batter": 0,
                "extras": 1,
                "total": 1
              }
            },
            {
              "batter": "A King",
              "bowler": "EA Perry",
              "non_striker": "L Lee",
              "runs": {
                "batter": 0,
                "extras": 0,
                "total": 0
              }
            },
            {
              "batter": "A King",
              "bowler": "EA Perry",
              "non_striker": "L Lee",
              "runs": {
                "batter": 0,
                "extras": 0,
                "total": 0
              }
            },
            {
              "batter": "A King",
              "bowler": "EA Perry",
              "non_striker": "L Lee",
              "runs": {
                "batter": 1,
                "extras": 0,
                "total": 1
              }
            },
            {
              "batter": "L Lee",
              "bowler": "EA Perry",
              "non_striker": "A King",
              "runs": {
                "batter": 0,
                "extras": 0,
                "total": 0
              }
            },
            {
              "batter": "L Lee",
              "bowler": "EA Perry",
              "extras": {
                "wides": 1
              },
              "non_striker": "A King",
              "runs": {
                "batter": 0,
                "extras": 1,
                "total": 1
              }
            },
            {
              "batter": "L Lee",
              "bowler": "EA Perry",
              "non_striker": "A King",
              "runs": {
                "batter": 0,
                "extras": 0,
                "total": 0
              }
            },
            {
              "batter": "L Lee",
              "bowler": "EA Perry",
              "non_striker": "A King",
              "runs": {
                "batter": 0,
                "extras": 0,
                "total": 0
              }
            }
          ]
        },
        {
          "over": 3,
          "deliveries": [
            {
              "batter": "A King",
              "bowler": "M Kapp",
              "non_striker": "L Lee",
              "runs": {
                "batter": 4,
                "extras": 0,
                "total": 4
              }
            },
            {
              "batter": "A King",
              "bowler": "M Kapp",
              "non_striker": "L Lee",
              "runs": {
                "batter": 0,
                "extras": 0,
                "total": 0
              }
            },
            {
              "batter": "A King",
              "bowler": "M Kapp",
              "non_striker": "L Lee",
              "runs": {
                "batter": 0,
                "extras": 0,
                "total": 0
              }
            },
            {
              "batter": "A King",
              "bowler": "M Kapp",
              "non_striker": "L Lee",
              "runs": {
                "batter": 0,
                "extras": 0,
                "total": 0
              }
            },
            {
              "batter": "A King",
              "bowler": "M Kapp",
              "non_striker": "L Lee",
              "runs": {
                "batter": 0,
                "extras": 0,
                "total": 0
              }
            },
            {
              "batter": "A King",
              "bowler": "M Kapp",
              "non_striker": "L Lee",
              "runs": {
                "batter": 0,
                "extras": 0,
                "total": 0
              }
            }
          ]
        },
        {
          "over": 4,
          "deliveries": [
            {
              "batter": "L Lee",
              "bowler": "EA Perry",
              "non_striker": "A King",
              "runs": {
                "batter": 4,
                "extras": 0,
                "total": 4
              }
            },
            {
              "batter": "L Lee",
              "bowler": "EA Perry",
              "non_striker": "A King",
              "runs": {
                "batter": 0,
                "extras": 0,
                "total": 0
              }
            },
            {
              "batter": "L Lee",
              "bowler": "EA Perry",
              "non_striker": "A King",
              "runs": {
                "batter": 6,
                "extras": 0,
                "total": 6
              }
            },
            {
              "batter": "L Lee",
              "bowler": "EA Perry",
              "extras": {
                "wides": 1
              },
              "non_striker": "A King",
              "runs": {
                "batter": 0,
                "extras": 1,
                "total": 1
              }
            },
            {
              "batter": "L Lee",
              "bowler": "EA Perry",
              "non_striker": "A King",
              "runs": {
                "batter": 4,
                "extras": 0,
                "total": 4
              }
            },
            {
              "batter": "L Lee",
              "bowler": "EA Perry",
              "non_striker": "A King",
              "runs": {
                "batter": 2,
                "extras": 0,
                "total": 2
              }
            },
            {
              "batter": "L Lee",
              "bowler": "EA Perry",
              "extras": {
                "wides": 1
              },
              "non_striker": "A King",
              "runs": {
                "batter": 0,
                "extras": 1,
                "total": 1
              }
            },
            {
              "batter": "L Lee",
              "bowler": "EA Perry",
              "non_striker": "A King",
              "runs": {
                "batter": 0,
                "extras": 0,
                "total": 0
              }
            }
          ]
        },
        {
          "over": 5,
          "deliveries": [
            {
              "batter": "A King",
              "bowler": "SE Aley",
              "non_striker": "L Lee",
              "runs": {
                "batter": 4,
                "extras": 0,
                "total": 4
              }
            },
            {
              "batter": "A King",
              "bowler": "SE Aley",
              "non_striker": "L Lee",
              "runs": {
                "batter": 0,
                "extras": 0,
                "total": 0
              }
            },
            {
              "batter": "A King",
              "bowler": "SE Aley",
              "non_striker": "L Lee",
              "runs": {
                "batter": 0,
                "extras": 0,
                "total": 0
              },
              "wickets": [
                {
                  "player_out": "A King",
                  "fielders": [
                    {
                      "name": "LG Smith"
                    }
                  ],
                  "kind": "caught"
                }
              ]
            },
            {
              "batter": "L Lee",
              "bowler": "SE Aley",
              "non_striker": "M du Preez",
              "runs": {
                "batter": 1,
                "extras": 0,
                "total": 1
              }
            },
            {
              "batter": "M du Preez",
              "bowler": "SE Aley",
              "non_striker": "L Lee",
              "runs": {
                "batter": 4,
                "extras": 0,
                "total": 4
              }
            },
            {
              "batter": "M du Preez",
              "bowler": "SE Aley",
              "non_striker": "L Lee",
              "runs": {
                "batter": 0,
                "extras": 0,
                "total": 0
              }
            }
          ]
        },
        {
          "over": 6,
          "deliveries": [
            {
              "batter": "L Lee",
              "bowler": "D van Niekerk",
              "non_striker": "M du Preez",
              "runs": {
                "batter": 0,
                "extras": 0,
                "total": 0
              }
            },
            {
              "batter": "L Lee",
              "bowler": "D van Niekerk",
              "non_striker": "M du Preez",
              "runs": {
                "batter": 0,
                "extras": 0,
                "total": 0
              }
            },
            {
              "batter": "L Lee",
              "bowler": "D van Niekerk",
              "non_striker": "M du Preez",
              "runs": {
                "batter": 4,
                "extras": 0,
                "total": 4
              }
            },
            {
              "batter": "L Lee",
              "bowler": "D van Niekerk",
              "non_striker": "M du Preez",
              "runs": {
                "batter": 1,
                "extras": 0,
                "total": 1
              }
            },
            {
              "batter": "M du Preez",
              "bowler": "D van Niekerk",
              "non_striker": "L Lee",
              "runs": {
                "batter": 0,
                "extras": 0,
                "total": 0
              },
              "wickets": [
                {
                  "player_out": "M du Preez",
                  "kind": "run out"
                }
              ]
            },
            {
              "batter": "A Lanning",
              "bowler": "D van Niekerk",
              "non_striker": "L Lee",
              "runs": {
                "batter": 0,
                "extras": 0,
                "total": 0
              }
            }
          ]
        },
        {
          "over": 7,
          "deliveries": [
            {
              "batter": "L Lee",
              "bowler": "SE Aley",
              "extras": {
                "wides": 1
              },
              "non_striker": "A Lanning",
              "runs": {
                "batter": 0,
                "extras": 1,
                "total": 1
              }
            },
            {
              "batter": "L Lee",
              "bowler": "SE Aley",
              "non_striker": "A Lanning",
              "runs": {
                "batter": 0,
                "extras": 0,
                "total": 0
              }
            },
            {
              "batter": "L Lee",
              "bowler": "SE Aley",
              "non_striker": "A Lanning",
              "runs": {
                "batter": 1,
                "extras": 0,
                "total": 1
              }
            },
            {
              "batter": "A Lanning",
              "bowler": "SE Aley",
              "non_striker": "L Lee",
              "runs": {
                "batter": 0,
                "extras": 0,
                "total": 0
              }
            },
            {
              "batter": "A Lanning",
              "bowler": "SE Aley",
              "non_striker": "L Lee",
              "runs": {
                "batter": 0,
                "extras": 0,
                "total": 0
              }
            },
            {
              "batter": "A Lanning",
              "bowler": "SE Aley",
              "non_striker": "L Lee",
              "runs": {
                "batter": 0,
                "extras": 0,
                "total": 0
              }
            },
            {
              "batter": "A Lanning",
              "bowler": "SE Aley",
              "extras": {
                "wides": 1
              },
              "non_striker": "L Lee",
              "runs": {
                "batter": 0,
                "extras": 1,
                "total": 1
              }
            },
            {
              "batter": "A Lanning",
              "bowler": "SE Aley",
              "non_striker": "L Lee",
              "runs": {
                "batter": 1,
                "extras": 0,
                "total": 1
              }
            }
          ]
        },
        {
          "over": 8,
          "deliveries": [
            {
              "batter": "A Lanning",
              "bowler": "D van Niekerk",
              "non_striker": "L Lee",
              "runs": {
                "batter": 0,
                "extras": 0,
                "total": 0
              }
            },
            {
              "batter": "A Lanning",
              "bowler": "D van Niekerk",
              "non_striker": "L Lee",
              "runs": {
                "batter": 1,
                "extras": 0,
                "total": 1
              }
            },
            {
              "batter": "L Lee",
              "bowler": "D van Niekerk",
              "non_striker": "A Lanning",
              "runs": {
                "batter": 0,
                "extras": 0,
                "total": 0
              }
            },
            {
              "batter": "L Lee",
              "bowler": "D van Niekerk",
              "non_striker": "A Lanning",
              "runs": {
                "batter": 0,
                "extras": 0,
                "total": 0
              }
            },
            {
              "batter": "L Lee",
              "bowler": "D van Niekerk",
              "non_striker": "A Lanning",
              "runs": {
                "batter": 1,
                "extras": 0,
                "total": 1
              }
            },
            {
              "batter": "A Lanning",
              "bowler": "D van Niekerk",
              "non_striker": "L Lee",
              "runs": {
                "batter": 1,
                "extras": 0,
                "total": 1
              }
            }
          ]
        },
        {
          "over": 9,
          "deliveries": [
            {
              "batter": "A Lanning",
              "bowler": "LG Smith",
              "non_striker": "L Lee",
              "runs": {
                "batter": 0,
                "extras": 0,
                "total": 0
              }
            },
            {
              "batter": "A Lanning",
              "bowler": "LG Smith",
              "non_striker": "L Lee",
              "runs": {
                "batter": 1,
                "extras": 0,
                "total": 1
              }
            },
            {
              "batter": "L Lee",
              "bowler": "LG Smith",
              "non_striker": "A Lanning",
              "runs": {
                "batter": 0,
                "extras": 0,
                "total": 0
              }
            },
            {
              "batter": "L Lee",
              "bowler": "LG Smith",
              "non_striker": "A Lanning",
              "runs": {
                "batter": 0,
                "extras": 0,
                "total": 0
              }
            },
            {
              "batter": "L Lee",
              "bowler": "LG Smith",
              "non_striker": "A Lanning",
              "runs": {
                "batter": 1,
                "extras": 0,
                "total": 1
              }
            },
            {
              "batter": "A Lanning",
              "bowler": "LG Smith",
              "non_striker": "L Lee",
              "runs": {
                "batter": 0,
                "extras": 0,
                "total": 0
              }
            }
          ]
        },
        {
          "over": 10,
          "deliveries": [
            {
              "batter": "L Lee",
              "bowler": "D van Niekerk",
              "non_striker": "A Lanning",
              "runs": {
                "batter": 4,
                "extras": 0,
                "total": 4
              }
            },
            {
              "batter": "L Lee",
              "bowler": "D van Niekerk",
              "non_striker": "A Lanning",
              "runs": {
                "batter": 0,
                "extras": 0,
                "total": 0
              }
            },
            {
              "batter": "L Lee",
              "bowler": "D van Niekerk",
              "non_striker": "A Lanning",
              "runs": {
                "batter": 1,
                "extras": 0,
                "total": 1
              }
            },
            {
              "batter": "A Lanning",
              "bowler": "D van Niekerk",
              "non_striker": "L Lee",
              "runs": {
                "batter": 4,
                "extras": 0,
                "total": 4
              }
            },
            {
              "batter": "A Lanning",
              "bowler": "D van Niekerk",
              "non_striker": "L Lee",
              "runs": {
                "batter": 0,
                "extras": 0,
                "total": 0
              },
              "wickets": [
                {
                  "player_out": "A Lanning",
                  "kind": "lbw"
                }
              ]
            },
            {
              "batter": "KM Mack",
              "bowler": "D van Niekerk",
              "non_striker": "L Lee",
              "runs": {
                "batter": 0,
                "extras": 0,
                "total": 0
              }
            }
          ]
        },
        {
          "over": 11,
          "deliveries": [
            {
              "batter": "L Lee",
              "bowler": "LG Smith",
              "non_striker": "KM Mack",
              "runs": {
                "batter": 4,
                "extras": 0,
                "total": 4
              }
            },
            {
              "batter": "L Lee",
              "bowler": "LG Smith",
              "non_striker": "KM Mack",
              "runs": {
                "batter": 0,
                "extras": 0,
                "total": 0
              },
              "wickets": [
                {
                  "player_out": "L Lee",
                  "kind": "lbw"
                }
              ]
            },
            {
              "batter": "EA Osborne",
              "bowler": "LG Smith",
              "non_striker": "KM Mack",
              "runs": {
                "batter": 0,
                "extras": 0,
                "total": 0
              }
            },
            {
              "batter": "EA Osborne",
              "bowler": "LG Smith",
              "non_striker": "KM Mack",
              "runs": {
                "batter": 1,
                "extras": 0,
                "total": 1
              }
            },
            {
              "batter": "KM Mack",
              "bowler": "LG Smith",
              "non_striker": "EA Osborne",
              "runs": {
                "batter": 1,
                "extras": 0,
                "total": 1
              }
            },
            {
              "batter": "EA Osborne",
              "bowler": "LG Smith",
              "non_striker": "KM Mack",
              "runs": {
                "batter": 1,
                "extras": 0,
                "total": 1
              }
            }
          ]
        },
        {
          "over": 12,
          "deliveries": [
            {
              "batter": "EA Osborne",
              "bowler": "M Kapp",
              "non_striker": "KM Mack",
              "runs": {
                "batter": 0,
                "extras": 0,
                "total": 0
              }
            },
            {
              "batter": "EA Osborne",
              "bowler": "M Kapp",
              "non_striker": "KM Mack",
              "runs": {
                "batter": 1,
                "extras": 0,
                "total": 1
              }
            },
            {
              "batter": "KM Mack",
              "bowler": "M Kapp",
              "non_striker": "EA Osborne",
              "runs": {
                "batter": 1,
                "extras": 0,
                "total": 1
              }
            },
            {
              "batter": "EA Osborne",
              "bowler": "M Kapp",
              "non_striker": "KM Mack",
              "runs": {
                "batter": 4,
                "extras": 0,
                "total": 4
              }
            },
            {
              "batter": "EA Osborne",
              "bowler": "M Kapp",
              "non_striker": "KM Mack",
              "runs": {
                "batter": 0,
                "extras": 0,
                "total": 0
              }
            },
            {
              "batter": "EA Osborne",
              "bowler": "M Kapp",
              "non_striker": "KM Mack",
              "runs": {
                "batter": 0,
                "extras": 0,
                "total": 0
              }
            }
          ]
        },
        {
          "over": 13,
          "deliveries": [
            {
              "batter": "KM Mack",
              "bowler": "LG Smith",
              "non_striker": "EA Osborne",
              "runs": {
                "batter": 1,
                "extras": 0,
                "total": 1
              }
            },
            {
              "batter": "EA Osborne",
              "bowler": "LG Smith",
              "non_striker": "KM Mack",
              "runs": {
                "batter": 1,
                "extras": 0,
                "total": 1
              }
            },
            {
              "batter": "KM Mack",
              "bowler": "LG Smith",
              "non_striker": "EA Osborne",
              "runs": {
                "batter": 1,
                "extras": 0,
                "total": 1
              }
            },
            {
              "batter": "EA Osborne",
              "bowler": "LG Smith",
              "non_striker": "KM Mack",
              "runs": {
                "batter": 0,
                "extras": 0,
                "total": 0
              }
            },
            {
              "batter": "EA Osborne",
              "bowler": "LG Smith",
              "non_striker": "KM Mack",
              "runs": {
                "batter": 1,
                "extras": 0,
                "total": 1
              }
            },
            {
              "batter": "KM Mack",
              "bowler": "LG Smith",
              "non_striker": "EA Osborne",
              "runs": {
                "batter": 1,
                "extras": 0,
                "total": 1
              }
            }
          ]
        },
        {
          "over": 14,
          "deliveries": [
            {
              "batter": "KM Mack",
              "bowler": "D van Niekerk",
              "non_striker": "EA Osborne",
              "runs": {
                "batter": 0,
                "extras": 0,
                "total": 0
              }
            },
            {
              "batter": "KM Mack",
              "bowler": "D van Niekerk",
              "non_striker": "EA Osborne",
              "runs": {
                "batter": 0,
                "extras": 0,
                "total": 0
              }
            },
            {
              "batter": "KM Mack",
              "bowler": "D van Niekerk",
              "non_striker": "EA Osborne",
              "runs": {
                "batter": 1,
                "extras": 0,
                "total": 1
              }
            },
            {
              "batter": "EA Osborne",
              "bowler": "D van Niekerk",
              "non_striker": "KM Mack",
              "runs": {
                "batter": 0,
                "extras": 0,
                "total": 0
              }
            },
            {
              "batter": "EA Osborne",
              "bowler": "D van Niekerk",
              "non_striker": "KM Mack",
              "runs": {
                "batter": 1,
                "extras": 0,
                "total": 1
              }
            },
            {
              "batter": "KM Mack",
              "bowler": "D van Niekerk",
              "non_striker": "EA Osborne",
              "runs": {
                "batter": 1,
                "extras": 0,
                "total": 1
              }
            }
          ]
        },
        {
          "over": 15,
          "deliveries": [
            {
              "batter": "KM Mack",
              "bowler": "LG Smith",
              "extras": {
                "wides": 1
              },
              "non_striker": "EA Osborne",
              "runs": {
                "batter": 0,
                "extras": 1,
                "total": 1
              }
            },
            {
              "batter": "KM Mack",
              "bowler": "LG Smith",
              "non_striker": "EA Osborne",
              "runs": {
                "batter": 1,
                "extras": 0,
                "total": 1
              }
            },
            {
              "batter": "EA Osborne",
              "bowler": "LG Smith",
              "non_striker": "KM Mack",
              "runs": {
                "batter": 2,
                "extras": 0,
                "total": 2
              }
            },
            {
              "batter": "EA Osborne",
              "bowler": "LG Smith",
              "non_striker": "KM Mack",
              "runs": {
                "batter": 1,
                "extras": 0,
                "total": 1
              }
            },
            {
              "batter": "KM Mack",
              "bowler": "LG Smith",
              "extras": {
                "legbyes": 1
              },
              "non_striker": "EA Osborne",
              "runs": {
                "batter": 0,
                "extras": 1,
                "total": 1
              }
            },
            {
              "batter": "EA Osborne",
              "bowler": "LG Smith",
              "non_striker": "KM Mack",
              "runs": {
                "batter": 0,
                "extras": 0,
                "total": 0
              }
            },
            {
              "batter": "EA Osborne",
              "bowler": "LG Smith",
              "non_striker": "KM Mack",
              "runs": {
                "batter": 1,
                "extras": 0,
                "total": 1
              }
            }
          ]
        },
        {
          "over": 16,
          "deliveries": [
            {
              "batter": "EA Osborne",
              "bowler": "SE Aley",
              "extras": {
                "wides": 1
              },
              "non_striker": "KM Mack",
              "runs": {
                "batter": 0,
                "extras": 1,
                "total": 1
              }
            },
            {
              "batter": "EA Osborne",
              "bowler": "SE Aley",
              "non_striker": "KM Mack",
              "runs": {
                "batter": 4,
                "extras": 0,
                "total": 4
              }
            },
            {
              "batter": "EA Osborne",
              "bowler": "SE Aley",
              "non_striker": "KM Mack",
              "runs": {
                "batter": 1,
                "extras": 0,
                "total": 1
              }
            },
            {
              "batter": "KM Mack",
              "bowler": "SE Aley",
              "non_striker": "EA Osborne",
              "runs": {
                "batter": 1,
                "extras": 0,
                "total": 1
              }
            },
            {
              "batter": "EA Osborne",
              "bowler": "SE Aley",
              "non_striker": "KM Mack",
              "runs": {
                "batter": 0,
                "extras": 0,
                "total": 0
              },
              "wickets": [
                {
                  "player_out": "EA Osborne",
                  "fielders": [
                    {
                      "name": "EA Burns"
                    }
                  ],
                  "kind": "caught"
                }
              ]
            },
            {
              "batter": "KM Mack",
              "bowler": "SE Aley",
              "non_striker": "E Kearney",
              "runs": {
                "batter": 0,
                "extras": 0,
                "total": 0
              }
            },
            {
              "batter": "KM Mack",
              "bowler": "SE Aley",
              "non_striker": "E Kearney",
              "runs": {
                "batter": 1,
                "extras": 0,
                "total": 1
              }
            }
          ]
        },
        {
          "over": 17,
          "deliveries": [
            {
              "batter": "KM Mack",
              "bowler": "EA Burns",
              "non_striker": "E Kearney",
              "runs": {
                "batter": 6,
                "extras": 0,
                "total": 6
              }
            },
            {
              "batter": "KM Mack",
              "bowler": "EA Burns",
              "non_striker": "E Kearney",
              "runs": {
                "batter": 1,
                "extras": 0,
                "total": 1
              }
            },
            {
              "batter": "E Kearney",
              "bowler": "EA Burns",
              "non_striker": "KM Mack",
              "runs": {
                "batter": 1,
                "extras": 0,
                "total": 1
              }
            },
            {
              "batter": "KM Mack",
              "bowler": "EA Burns",
              "non_striker": "E Kearney",
              "runs": {
                "batter": 0,
                "extras": 0,
                "total": 0
              }
            },
            {
              "batter": "KM Mack",
              "bowler": "EA Burns",
              "non_striker": "E Kearney",
              "runs": {
                "batter": 4,
                "extras": 0,
                "total": 4
              }
            },
            {
              "batter": "KM Mack",
              "bowler": "EA Burns",
              "non_striker": "E Kearney",
              "runs": {
                "batter": 1,
                "extras": 0,
                "total": 1
              }
            }
          ]
        },
        {
          "over": 18,
          "deliveries": [
            {
              "batter": "KM Mack",
              "bowler": "SE Aley",
              "non_striker": "E Kearney",
              "runs": {
                "batter": 1,
                "extras": 0,
                "total": 1
              }
            },
            {
              "batter": "E Kearney",
              "bowler": "SE Aley",
              "extras": {
                "wides": 1
              },
              "non_striker": "KM Mack",
              "runs": {
                "batter": 0,
                "extras": 1,
                "total": 1
              }
            },
            {
              "batter": "E Kearney",
              "bowler": "SE Aley",
              "extras": {
                "wides": 1
              },
              "non_striker": "KM Mack",
              "runs": {
                "batter": 0,
                "extras": 1,
                "total": 1
              }
            },
            {
              "batter": "E Kearney",
              "bowler": "SE Aley",
              "non_striker": "KM Mack",
              "runs": {
                "batter": 1,
                "extras": 0,
                "total": 1
              }
            },
            {
              "batter": "KM Mack",
              "bowler": "SE Aley",
              "non_striker": "E Kearney",
              "runs": {
                "batter": 1,
                "extras": 0,
                "total": 1
              }
            },
            {
              "batter": "E Kearney",
              "bowler": "SE Aley",
              "non_striker": "KM Mack",
              "runs": {
                "batter": 2,
                "extras": 0,
                "total": 2
              }
            },
            {
              "batter": "E Kearney",
              "bowler": "SE Aley",
              "non_striker": "KM Mack",
              "runs": {
                "batter": 1,
                "extras": 0,
                "total": 1
              }
            },
            {
              "batter": "KM Mack",
              "bowler": "SE Aley",
              "non_striker": "E Kearney",
              "runs": {
                "batter": 1,
                "extras": 0,
                "total": 1
              }
            }
          ]
        },
        {
          "over": 19,
          "deliveries": [
            {
              "batter": "KM Mack",
              "bowler": "M Kapp",
              "non_striker": "E Kearney",
              "runs": {
                "batter": 0,
                "extras": 0,
                "total": 0
              },
              "wickets": [
                {
                  "player_out": "KM Mack",
                  "kind": "bowled"
                }
              ]
            },
            {
              "batter": "HM Brennan",
              "bowler": "M Kapp",
              "non_striker": "E Kearney",
              "runs": {
                "batter": 0,
                "extras": 0,
                "total": 0
              }
            },
            {
              "batter": "HM Brennan",
              "bowler": "M Kapp",
              "non_striker": "E Kearney",
              "runs": {
                "batter": 1,
                "extras": 0,
                "total": 1
              }
            },
            {
              "batter": "E Kearney",
              "bowler": "M Kapp",
              "extras": {
                "wides": 1
              },
              "non_striker": "HM Brennan",
              "runs": {
                "batter": 0,
                "extras": 1,
                "total": 1
              }
            },
            {
              "batter": "E Kearney",
              "bowler": "M Kapp",
              "non_striker": "HM Brennan",
              "runs": {
                "batter": 2,
                "extras": 0,
                "total": 2
              }
            },
            {
              "batter": "E Kearney",
              "bowler": "M Kapp",
              "extras": {
                "wides": 1
              },
              "non_striker": "HM Brennan",
              "runs": {
                "batter": 0,
                "extras": 1,
                "total": 1
              }
            },
            {
              "batter": "E Kearney",
              "bowler": "M Kapp",
              "non_striker": "HM Brennan",
              "runs": {
                "batter": 4,
                "extras": 0,
                "total": 4
              }
            },
            {
              "batter": "E Kearney",
              "bowler": "M Kapp",
              "non_striker": "HM Brennan",
              "runs": {
                "batter": 0,
                "extras": 0,
                "total": 0
              },
              "wickets": [
                {
                  "player_out": "E Kearney",
                  "kind": "bowled"
                }
              ]
            }
          ]
        }
      ],
      "powerplays": [
        {
          "from": 0.1,
          "to": 5.6,
          "type": "mandatory"
        }
      ],
      "target": {
        "overs": 20,
        "runs": 243
      }
    }
  ]
}