{
  "meta": {
    "data_version": "1.0.0",
    "created": "2020-06-13",
    "revision": 1
  },
  "info": {
    "balls_per_over": 6,
    "city": "Melbourne",
    "dates": [
      "2018-01-21"
    ],
    "event": {
      "name": "Women's Big Bash League",
      "match_number": 46
    },
    "gender": "female",
    "match_type": "T20",
    "officials": {
      "match_referees": [
        "Damien Herft"
      ],
      "umpires": [
        "D Ireland",
        "S Brne"
      ]
    },
    "outcome": {
      "winner": "Sydney Sixers",
      "by": {
        "wickets": 5
      }
    },
    "overs": 20,
    "player_of_match": [
      "EA Perry"
    ],
    "players": {
      "Melbourne Stars": [
        "L Lee",
        "KM Mack",
        "M du Preez",
        "GA Elwiss",
        "EA Osborne",
        "A Lanning",
        "A King",
        "A Sutherland",
        "M Blows",
        "KM Beams",
        "N Faltum"
      ],
      "Sydney Sixers": [
        "AJ Healy",
        "AR Reakes",
        "A Gardner",
        "EA Perry",
        "EA Burns",
        "SJ McGlashan",
        "D van Niekerk",
        "M Kapp",
        "SE Aley",
        "LG Smith",
        "KJ Garth"
      ]
    },
    "registry": {
      "people": {
        "A Gardner": "bc969efb",
        "A King": "83558266",
        "A Lanning": "ba0a8d88",
        "A Sutherland": "65d9b6b6",
        "AJ Healy": "321644de",
        "AR Reakes": "13781d43",
        "D Ireland": "9b4fc7b9",
        "D van Niekerk": "8c5775f3",
        "Damien Herft": "aa489c6e",
        "EA Burns": "2e0b6638",
        "EA Osborne": "fe731c62",
        "EA Perry": "be150fc8",
        "GA Elwiss": "287ed3a0",
        "KJ Garth": "0b69a844",
        "KM Beams": "fa8f9dc3",
        "KM Mack": "ef13bd20",
        "L Lee": "7b01ce83",
        "LG Smith": "9c515112",
        "M Blows": "72e3d89d",
        "M Kapp": "63e3b6b3",
        "M du Preez": "e219f17a",
        "N Faltum": "9a56c670",
        "S Brne": "f552dfcb",
        "SE Aley": "5be043df",
        "SJ McGlashan": "af71535d"
      }
    },
    "season": "2017/18",
    "team_type": "club",
    "teams": [
      "Melbourne Stars",
      "Sydney Sixers"
    ],
    "toss": {
      "decision": "bat",
      "winner": "Melbourne Stars"
    },
    "venue": "Casey Fields No. 4"
  },
  "innings": [
    {
      "team": "Melbourne Stars",
      "overs": [
        {
          "over": 0,
          "deliveries": [
            {
              "batter": "L Lee",
              "bowler": "M Kapp",
              "non_striker": "KM Mack",
              "runs": {
                "batter": 0,
                "extras": 0,
                "total": 0
              }
            },
            {
              "batter": "L Lee",
              "bowler": "M Kapp",
              "non_striker": "KM Mack",
              "runs": {
                "batter": 0,
                "extras": 0,
                "total": 0
              }
            },
            {
              "batter": "L Lee",
              "bowler": "M Kapp",
              "non_striker": "KM Mack",
              "runs": {
                "batter": 0,
                "extras": 0,
                "total": 0
              }
            },
            {
              "batter": "L Lee",
              "bowler": "M Kapp",
              "non_striker": "KM Mack",
              "runs": {
                "batter": 0,
                "extras": 0,
                "total": 0
              }
            },
            {
              "batter": "L Lee",
              "bowler": "M Kapp",
              "non_striker": "KM Mack",
              "runs": {
                "batter": 0,
                "extras": 0,
                "total": 0
              }
            },
            {
              "batter": "L Lee",
              "bowler": "M Kapp",
              "non_striker": "KM Mack",
              "runs": {
                "batter": 0,
                "extras": 0,
                "total": 0
              }
            }
          ]
        },
        {
          "over": 1,
          "deliveries": [
            {
              "batter": "KM Mack",
              "bowler": "KJ Garth",
              "non_striker": "L Lee",
              "runs": {
                "batter": 0,
                "extras": 0,
                "total": 0
              }
            },
            {
              "batter": "KM Mack",
              "bowler": "KJ Garth",
              "non_striker": "L Lee",
              "runs": {
                "batter": 0,
                "extras": 0,
                "total": 0
              }
            },
            {
              "batter": "KM Mack",
              "bowler": "KJ Garth",
              "non_striker": "L Lee",
              "runs": {
                "batter": 0,
                "extras": 0,
                "total": 0
              }
            },
            {
              "batter": "KM Mack",
              "bowler": "KJ Garth",
              "non_striker": "L Lee",
              "runs": {
                "batter": 2,
                "extras": 0,
                "total": 2
              }
            },
            {
              "batter": "KM Mack",
              "bowler": "KJ Garth",
              "non_striker": "L Lee",
              "runs": {
                "batter": 0,
                "extras": 0,
                "total": 0
              }
            },
            {
              "batter": "KM Mack",
              "bowler": "KJ Garth",
              "non_striker": "L Lee",
              "runs": {
                "batter": 0,
                "extras": 0,
                "total": 0
              },
              "wickets": [
                {
                  "player_out": "KM Mack",
                  "kind": "bowled"
                }
              ]
            }
          ]
        },
        {
          "over": 2,
          "deliveries": [
            {
              "batter": "L Lee",
              "bowler": "M Kapp",
              "non_striker": "M du Preez",
              "runs": {
                "batter": 0,
                "extras": 0,
                "total": 0
              }
            },
            {
              "batter": "L Lee",
              "bowler": "M Kapp",
              "non_striker": "M du Preez",
              "runs": {
                "batter": 2,
                "extras": 0,
                "total": 2
              }
            },
            {
              "batter": "L Lee",
              "bowler": "M Kapp",
              "non_striker": "M du Preez",
              "runs": {
                "batter": 0,
                "extras": 0,
                "total": 0
              }
            },
            {
              "batter": "L Lee",
              "bowler": "M Kapp",
              "non_striker": "M du Preez",
              "runs": {
                "batter": 0,
                "extras": 0,
                "total": 0
              },
              "wickets": [
                {
                  "player_out": "L Lee",
                  "fielders": [
                    {
                      "name": "AR Reakes"
                    }
                  ],
                  "kind": "caught"
                }
              ]
            },
            {
              "batter": "M du Preez",
              "bowler": "M Kapp",
              "non_striker": "GA Elwiss",
              "runs": {
                "batter": 0,
                "extras": 0,
                "total": 0
              }
            },
            {
              "batter": "M du Preez",
              "bowler": "M Kapp",
              "non_striker": "GA Elwiss",
              "runs": {
                "batter": 0,
                "extras": 0,
                "total": 0
              }
            }
          ]
        },
        {
          "over": 3,
          "deliveries": [
            {
              "batter": "GA Elwiss",
              "bowler": "KJ Garth",
              "extras": {
                "legbyes": 2
              },
              "non_striker": "M du Preez",
              "runs": {
                "batter": 0,
                "extras": 2,
                "total": 2
              }
            },
            {
              "batter": "GA Elwiss",
              "bowler": "KJ Garth",
              "extras": {
                "legbyes": 4
              },
              "non_striker": "M du Preez",
              "runs": {
                "batter": 0,
                "extras": 4,
                "total": 4
              }
            },
            {
              "batter": "GA Elwiss",
              "bowler": "KJ Garth",
              "non_striker": "M du Preez",
              "runs": {
                "batter": 1,
                "extras": 0,
                "total": 1
              }
            },
            {
              "batter": "M du Preez",
              "bowler": "KJ Garth",
              "non_striker": "GA Elwiss",
              "runs": {
                "batter": 0,
                "extras": 0,
                "total": 0
              }
            },
            {
              "batter": "M du Preez",
              "bowler": "KJ Garth",
              "non_striker": "GA Elwiss",
              "runs": {
                "batter": 4,
                "extras": 0,
                "total": 4
              }
            },
            {
              "batter": "M du Preez",
              "bowler": "KJ Garth",
              "non_striker": "GA Elwiss",
              "runs": {
                "batter": 0,
                "extras": 0,
                "total": 0
              },
              "wickets": [
                {
                  "player_out": "M du Preez",
                  "fielders": [
                    {
                      "name": "AJ Healy"
                    }
                  ],
                  "kind": "caught"
                }
              ]
            }
          ]
        },
        {
          "over": 4,
          "deliveries": [
            {
              "batter": "GA Elwiss",
              "bowler": "M Kapp",
              "non_striker": "EA Osborne",
              "runs": {
                "batter": 0,
                "extras": 0,
                "total": 0
              }
            },
            {
              "batter": "GA Elwiss",
              "bowler": "M Kapp",
              "non_striker": "EA Osborne",
              "runs": {
                "batter": 2,
                "extras": 0,
                "total": 2
              }
            },
            {
              "batter": "GA Elwiss",
              "bowler": "M Kapp",
              "non_striker": "EA Osborne",
              "runs": {
                "batter": 0,
                "extras": 0,
                "total": 0
              }
            },
            {
              "batter": "GA Elwiss",
              "bowler": "M Kapp",
              "non_striker": "EA Osborne",
              "runs": {
                "batter": 2,
                "extras": 0,
                "total": 2
              }
            },
            {
              "batter": "GA Elwiss",
              "bowler": "M Kapp",
              "non_striker": "EA Osborne",
              "runs": {
                "batter": 0,
                "extras": 0,
                "total": 0
              }
            },
            {
              "batter": "GA Elwiss",
              "bowler": "M Kapp",
              "non_striker": "EA Osborne",
              "runs": {
                "batter": 1,
                "extras": 0,
                "total": 1
              }
            }
          ]
        },
        {
          "over": 5,
          "deliveries": [
            {
              "batter": "GA Elwiss",
              "bowler": "SE Aley",
              "non_striker": "EA Osborne",
              "runs": {
                "batter": 1,
                "extras": 0,
                "total": 1
              }
            },
            {
              "batter": "EA Osborne",
              "bowler": "SE Aley",
              "non_striker": "GA Elwiss",
              "runs": {
                "batter": 1,
                "extras": 0,
                "total": 1
              }
            },
            {
              "batter": "GA Elwiss",
              "bowler": "SE Aley",
              "non_striker": "EA Osborne",
              "runs": {
                "batter": 0,
                "extras": 0,
                "total": 0
              }
            },
            {
              "batter": "GA Elwiss",
              "bowler": "SE Aley",
              "non_striker": "EA Osborne",
              "runs": {
                "batter": 0,
                "extras": 0,
                "total": 0
              },
              "wickets": [
                {
                  "player_out": "GA Elwiss",
                  "fielders": [
                    {
                      "name": "SJ McGlashan"
                    }
                  ],
                  "kind": "caught"
                }
              ]
            },
            {
              "batter": "A Lanning",
              "bowler": "SE Aley",
              "non_striker": "EA Osborne",
              "runs": {
                "batter": 0,
                "extras": 0,
                "total": 0
              }
            },
            {
              "batter": "A Lanning",
              "bowler": "SE Aley",
              "non_striker": "EA Osborne",
              "runs": {
                "batter": 1,
                "extras": 0,
                "total": 1
              }
            }
          ]
        },
        {
          "over": 6,
          "deliveries": [
            {
              "batter": "A Lanning",
              "bowler": "A Gardner",
              "extras": {
                "wides": 1
              },
              "non_striker": "EA Osborne",
              "runs": {
                "batter": 0,
                "extras": 1,
                "total": 1
              }
            },
            {
              "batter": "A Lanning",
              "bowler": "A Gardner",
              "non_striker": "EA Osborne",
              "runs": {
                "batter": 0,
                "extras": 0,
                "total": 0
              }
            },
            {
              "batter": "A Lanning",
              "bowler": "A Gardner",
              "non_striker": "EA Osborne",
              "runs": {
                "batter": 1,
                "extras": 0,
                "total": 1
              }
            },
            {
              "batter": "EA Osborne",
              "bowler": "A Gardner",
              "non_striker": "A Lanning",
              "runs": {
                "batter": 0,
                "extras": 0,
                "total": 0
              }
            },
            {
              "batter": "EA Osborne",
              "bowler": "A Gardner",
              "extras": {
                "legbyes": 1
              },
              "non_striker": "A Lanning",
              "runs": {
                "batter": 0,
                "extras": 1,
                "total": 1
              }
            },
            {
              "batter": "A Lanning",
              "bowler": "A Gardner",
              "non_striker": "EA Osborne",
              "runs": {
                "batter": 0,
                "extras": 0,
                "total": 0
              }
            },
            {
              "batter": "A Lanning",
              "bowler": "A Gardner",
              "non_striker": "EA Osborne",
              "runs": {
                "batter": 1,
                "extras": 0,
                "total": 1
              }
            }
          ]
        },
        {
          "over": 7,
          "deliveries": [
            {
              "batter": "A Lanning",
              "bowler": "SE Aley",
              "non_striker": "EA Osborne",
              "runs": {
                "batter": 0,
                "extras": 0,
                "total": 0
              }
            },
            {
              "batter": "A Lanning",
              "bowler": "SE Aley",
              "non_striker": "EA Osborne",
              "runs": {
                "batter": 1,
                "extras": 0,
                "total": 1
              }
            },
            {
              "batter": "EA Osborne",
              "bowler": "SE Aley",
              "non_striker": "A Lanning",
              "runs": {
                "batter": 0,
                "extras": 0,
                "total": 0
              }
            },
            {
              "batter": "EA Osborne",
              "bowler": "SE Aley",
              "extras": {
                "legbyes": 2
              },
              "non_striker": "A Lanning",
              "runs": {
                "batter": 0,
                "extras": 2,
                "total": 2
              }
            },
            {
              "batter": "EA Osborne",
              "bowler": "SE Aley",
              "non_striker": "A Lanning",
              "runs": {
                "batter": 0,
                "extras": 0,
                "total": 0
              }
            },
            {
              "batter": "EA Osborne",
              "bowler": "SE Aley",
              "non_striker": "A Lanning",
              "runs": {
                "batter": 1,
                "extras": 0,
                "total": 1
              }
            }
          ]
        },
        {
          "over": 8,
          "deliveries": [
            {
              "batter": "EA Osborne",
              "bowler": "A Gardner",
              "non_striker": "A Lanning",
              "runs": {
                "batter": 1,
                "extras": 0,
                "total": 1
              }
            },
            {
              "batter": "A Lanning",
              "bowler": "A Gardner",
              "non_striker": "EA Osborne",
              "runs": {
                "batter": 4,
                "extras": 0,
                "total": 4
              }
            },
            {
              "batter": "A Lanning",
              "bowler": "A Gardner",
              "non_striker": "EA Osborne",
              "runs": {
                "batter": 1,
                "extras": 0,
                "total": 1
              }
            },
            {
              "batter": "EA Osborne",
              "bowler": "A Gardner",
              "non_striker": "A Lanning",
              "runs": {
                "batter": 0,
                "extras": 0,
                "total": 0
              }
            },
            {
              "batter": "EA Osborne",
              "bowler": "A Gardner",
              "non_striker": "A Lanning",
              "runs": {
                "batter": 4,
                "extras": 0,
                "total": 4
              }
            },
            {
              "batter": "EA Osborne",
              "bowler": "A Gardner",
              "non_striker": "A Lanning",
              "runs": {
                "batter": 0,
                "extras": 0,
                "total": 0
              }
            }
          ]
        },
        {
          "over": 9,
          "deliveries": [
            {
              "batter": "A Lanning",
              "bowler": "SE Aley",
              "non_striker": "EA Osborne",
              "runs": {
                "batter": 1,
                "extras": 0,
                "total": 1
              }
            },
            {
              "batter": "EA Osborne",
              "bowler": "SE Aley",
              "non_striker": "A Lanning",
              "runs": {
                "batter": 2,
                "extras": 0,
                "total": 2
              }
            },
            {
              "batter": "EA Osborne",
              "bowler": "SE Aley",
              "non_striker": "A Lanning",
              "runs": {
                "batter": 1,
                "extras": 0,
                "total": 1
              }
            },
            {
              "batter": "A Lanning",
              "bowler": "SE Aley",
              "non_striker": "EA Osborne",
              "runs": {
                "batter": 2,
                "extras": 0,
                "total": 2
              }
            },
            {
              "batter": "A Lanning",
              "bowler": "SE Aley",
              "non_striker": "EA Osborne",
              "runs": {
                "batter": 1,
                "extras": 0,
                "total": 1
              }
            },
            {
              "batter": "EA Osborne",
              "bowler": "SE Aley",
              "non_striker": "A Lanning",
              "runs": {
                "batter": 2,
                "extras": 0,
                "total": 2
              }
            }
          ]
        },
        {
          "over": 10,
          "deliveries": [
            {
              "batter": "A Lanning",
              "bowler": "D van Niekerk",
              "non_striker": "EA Osborne",
              "runs": {
                "batter": 0,
                "extras": 0,
                "total": 0
              }
            },
            {
              "batter": "A Lanning",
              "bowler": "D van Niekerk",
              "non_striker": "EA Osborne",
              "runs": {
                "batter": 0,
                "extras": 0,
                "total": 0
              }
            },
            {
              "batter": "A Lanning",
              "bowler": "D van Niekerk",
              "non_striker": "EA Osborne",
              "runs": {
                "batter": 1,
                "extras": 0,
                "total": 1
              }
            },
            {
              "batter": "EA Osborne",
              "bowler": "D van Niekerk",
              "non_striker": "A Lanning",
              "runs": {
                "batter": 0,
                "extras": 0,
                "total": 0
              }
            },
            {
              "batter": "EA Osborne",
              "bowler": "D van Niekerk",
              "non_striker": "A Lanning",
              "runs": {
                "batter": 1,
                "extras": 0,
                "total": 1
              }
            },
            {
              "batter": "A Lanning",
              "bowler": "D van Niekerk",
              "non_striker": "EA Osborne",
              "runs": {
                "batter": 0,
                "extras": 0,
                "total": 0
              }
            }
          ]
        },
        {
          "over": 11,
          "deliveries": [
            {
              "batter": "EA Osborne",
              "bowler": "LG Smith",
              "non_striker": "A Lanning",
              "runs": {
                "batter": 1,
                "extras": 0,
                "total": 1
              }
            },
            {
              "batter": "A Lanning",
              "bowler": "LG Smith",
              "non_striker": "EA Osborne",
              "runs": {
                "batter": 1,
                "extras": 0,
                "total": 1
              }
            },
            {
              "batter": "EA Osborne",
              "bowler": "LG Smith",
              "non_striker": "A Lanning",
              "runs": {
                "batter": 0,
                "extras": 0,
                "total": 0
              }
            },
            {
              "batter": "EA Osborne",
              "bowler": "LG Smith",
              "non_striker": "A Lanning",
              "runs": {
                "batter": 0,
                "extras": 0,
                "total": 0
              }
            },
            {
              "batter": "EA Osborne",
              "bowler": "LG Smith",
              "non_striker": "A Lanning",
              "runs": {
                "batter": 1,
                "extras": 0,
                "total": 1
              }
            },
            {
              "batter": "A Lanning",
              "bowler": "LG Smith",
              "non_striker": "EA Osborne",
              "runs": {
                "batter": 1,
                "extras": 0,
                "total": 1
              }
            }
          ]
        },
        {
          "over": 12,
          "deliveries": [
            {
              "batter": "A Lanning",
              "bowler": "D van Niekerk",
              "non_striker": "EA Osborne",
              "runs": {
                "batter": 0,
                "extras": 0,
                "total": 0
              }
            },
            {
              "batter": "A Lanning",
              "bowler": "D van Niekerk",
              "non_striker": "EA Osborne",
              "runs": {
                "batter": 1,
                "extras": 0,
                "total": 1
              }
            },
            {
              "batter": "EA Osborne",
              "bowler": "D van Niekerk",
              "non_striker": "A Lanning",
              "runs": {
                "batter": 2,
                "extras": 0,
                "total": 2
              }
            },
            {
              "batter": "EA Osborne",
              "bowler": "D van Niekerk",
              "non_striker": "A Lanning",
              "runs": {
                "batter": 1,
                "extras": 0,
                "total": 1
              }
            },
            {
              "batter": "A Lanning",
              "bowler": "D van Niekerk",
              "non_striker": "EA Osborne",
              "runs": {
                "batter": 1,
                "extras": 0,
                "total": 1
              }
            },
            {
              "batter": "EA Osborne",
              "bowler": "D van Niekerk",
              "non_striker": "A Lanning",
              "runs": {
                "batter": 1,
                "extras": 0,
                "total": 1
              }
            }
          ]
        },
        {
          "over": 13,
          "deliveries": [
            {
              "batter": "EA Osborne",
              "bowler": "LG Smith",
              "non_striker": "A Lanning",
              "runs": {
                "batter": 1,
                "extras": 0,
                "total": 1
              }
            },
            {
              "batter": "A Lanning",
              "bowler": "LG Smith",
              "non_striker": "EA Osborne",
              "runs": {
                "batter": 0,
                "extras": 0,
                "total": 0
              },
              "wickets": [
                {
                  "player_out": "A Lanning",
                  "fielders": [
                    {
                      "name": "EA Burns"
                    }
                  ],
                  "kind": "caught"
                }
              ]
            },
            {
              "batter": "EA Osborne",
              "bowler": "LG Smith",
              "non_striker": "A King",
              "runs": {
                "batter": 0,
                "extras": 0,
                "total": 0
              }
            },
            {
              "batter": "EA Osborne",
              "bowler": "LG Smith",
              "non_striker": "A King",
              "runs": {
                "batter": 1,
                "extras": 0,
                "total": 1
              }
            },
            {
              "batter": "A King",
              "bowler": "LG Smith",
              "non_striker": "EA Osborne",
              "runs": {
                "batter": 1,
                "extras": 0,
                "total": 1
              }
            },
            {
              "batter": "EA Osborne",
              "bowler": "LG Smith",
              "non_striker": "A King",
              "runs": {
                "batter": 1,
                "extras": 0,
                "total": 1
              }
            }
          ]
        },
        {
          "over": 14,
          "deliveries": [
            {
              "batter": "EA Osborne",
              "bowler": "KJ Garth",
              "non_striker": "A King",
              "runs": {
                "batter": 4,
                "extras": 0,
                "total": 4
              }
            },
            {
              "batter": "EA Osborne",
              "bowler": "KJ Garth",
              "non_striker": "A King",
              "runs": {
                "batter": 1,
                "extras": 0,
                "total": 1
              }
            },
            {
              "batter": "A King",
              "bowler": "KJ Garth",
              "non_striker": "EA Osborne",
              "runs": {
                "batter": 0,
                "extras": 0,
                "total": 0
              }
            },
            {
              "batter": "A King",
              "bowler": "KJ Garth",
              "non_striker": "EA Osborne",
              "runs": {
                "batter": 1,
                "extras": 0,
                "total": 1
              }
            },
            {
              "batter": "EA Osborne",
              "bowler": "KJ Garth",
              "extras": {
                "wides": 1
              },
              "non_striker": "A King",
              "runs": {
                "batter": 0,
                "extras": 1,
                "total": 1
              }
            },
            {
              "batter": "EA Osborne",
              "bowler": "KJ Garth",
              "non_striker": "A King",
              "runs": {
                "batter": 1,
                "extras": 0,
                "total": 1
              }
            },
            {
              "batter": "A King",
              "bowler": "KJ Garth",
              "non_striker": "EA Osborne",
              "runs": {
                "batter": 0,
                "extras": 0,
                "total": 0
              }
            }
          ]
        },
        {
          "over": 15,
          "deliveries": [
            {
              "batter": "EA Osborne",
              "bowler": "LG Smith",
              "non_striker": "A King",
              "runs": {
                "batter": 1,
                "extras": 0,
                "total": 1
              }
            },
            {
              "batter": "A King",
              "bowler": "LG Smith",
              "non_striker": "EA Osborne",
              "runs": {
                "batter": 6,
                "extras": 0,
                "total": 6
              }
            },
            {
              "batter": "A King",
              "bowler": "LG Smith",
              "non_striker": "EA Osborne",
              "runs": {
                "batter": 1,
                "extras": 0,
                "total": 1
              }
            },
            {
              "batter": "EA Osborne",
              "bowler": "LG Smith",
              "non_striker": "A King",
              "runs": {
                "batter": 1,
                "extras": 0,
                "total": 1
              }
            },
            {
              "batter": "A King",
              "bowler": "LG Smith",
              "non_striker": "EA Osborne",
              "runs": {
                "batter": 1,
                "extras": 0,
                "total": 1
              }
            },
            {
              "batter": "EA Osborne",
              "bowler": "LG Smith",
              "non_striker": "A King",
              "runs": {
                "batter": 1,
                "extras": 0,
                "total": 1
              }
            }
          ]
        },
        {
          "over": 16,
          "deliveries": [
            {
              "batter": "EA Osborne",
              "bowler": "D van Niekerk",
              "non_striker": "A King",
              "runs": {
                "batter": 1,
                "extras": 0,
                "total": 1
              }
            },
            {
              "batter": "A King",
              "bowler": "D van Niekerk",
              "non_striker": "EA Osborne",
              "runs": {
                "batter": 0,
                "extras": 0,
                "total": 0
              }
            },
            {
              "batter": "A King",
              "bowler": "D van Niekerk",
              "non_striker": "EA Osborne",
              "runs": {
                "batter": 0,
                "extras": 0,
                "total": 0
              },
              "wickets": [
                {
                  "player_out": "A King",
                  "fielders": [
                    {
                      "name": "AJ Healy"
                    }
                  ],
                  "kind": "stumped"
                }
              ]
            },
            {
              "batter": "A Sutherland",
              "bowler": "D van Niekerk",
              "non_striker": "EA Osborne",
              "runs": {
                "batter": 1,
                "extras": 0,
                "total": 1
              }
            },
            {
              "batter": "EA Osborne",
              "bowler": "D van Niekerk",
              "non_striker": "A Sutherland",
              "runs": {
                "batter": 0,
                "extras": 0,
                "total": 0
              }
            },
            {
              "batter": "EA Osborne",
              "bowler": "D van Niekerk",
              "non_striker": "A Sutherland",
              "runs": {
                "batter": 0,
                "extras": 0,
                "total": 0
              }
            }
          ]
        },
        {
          "over": 17,
          "deliveries": [
            {
              "batter": "A Sutherland",
              "bowler": "SE Aley",
              "non_striker": "EA Osborne",
              "runs": {
                "batter": 0,
                "extras": 0,
                "total": 0
              }
            },
            {
              "batter": "A Sutherland",
              "bowler": "SE Aley",
              "non_striker": "EA Osborne",
              "runs": {
                "batter": 1,
                "extras": 0,
                "total": 1
              }
            },
            {
              "batter": "EA Osborne",
              "bowler": "SE Aley",
              "non_striker": "A Sutherland",
              "runs": {
                "batter": 1,
                "extras": 0,
                "total": 1
              }
            },
            {
              "batter": "A Sutherland",
              "bowler": "SE Aley",
              "non_striker": "EA Osborne",
              "runs": {
                "batter": 2,
                "extras": 0,
                "total": 2
              }
            },
            {
              "batter": "A Sutherland",
              "bowler": "SE Aley",
              "non_striker": "EA Osborne",
              "runs": {
                "batter": 1,
                "extras": 0,
                "total": 1
              }
            },
            {
              "batter": "EA Osborne",
              "bowler": "SE Aley",
              "non_striker": "A Sutherland",
              "runs": {
                "batter": 2,
                "extras": 0,
                "total": 2
              }
            }
          ]
        },
        {
          "over": 18,
          "deliveries": [
            {
              "batter": "A Sutherland",
              "bowler": "D van Niekerk",
              "non_striker": "EA Osborne",
              "runs": {
                "batter": 0,
                "extras": 0,
                "total": 0
              }
            },
            {
              "batter": "A Sutherland",
              "bowler": "D van Niekerk",
              "non_striker": "EA Osborne",
              "runs": {
                "batter": 1,
                "extras": 0,
                "total": 1
              }
            },
            {
              "batter": "EA Osborne",
              "bowler": "D van Niekerk",
              "non_striker": "A Sutherland",
              "runs": {
                "batter": 1,
                "extras": 0,
                "total": 1
              }
            },
            {
              "batter": "A Sutherland",
              "bowler": "D van Niekerk",
              "non_striker": "EA Osborne",
              "runs": {
                "batter": 1,
                "extras": 0,
                "total": 1
              }
            },
            {
              "batter": "EA Osborne",
              "bowler": "D van Niekerk",
              "non_striker": "A Sutherland",
              "runs": {
                "batter": 1,
                "extras": 0,
                "total": 1
              }
            },
            {
              "batter": "A Sutherland",
              "bowler": "D van Niekerk",
              "non_striker": "EA Osborne",
              "runs": {
                "batter": 2,
                "extras": 0,
                "total": 2
              }
            }
          ]
        },
        {
          "over": 19,
          "deliveries": [
            {
              "batter": "EA Osborne",
              "bowler": "M Kapp",
              "non_striker": "A Sutherland",
              "runs": {
                "batter": 1,
                "extras": 0,
                "total": 1
              }
            },
            {
              "batter": "A Sutherland",
              "bowler": "M Kapp",
              "non_striker": "EA Osborne",
              "runs": {
                "batter": 1,
                "extras": 0,
                "total": 1
              }
            },
            {
              "batter": "EA Osborne",
              "bowler": "M Kapp",
              "non_striker": "A Sutherland",
              "runs": {
                "batter": 1,
                "extras": 0,
                "total": 1
              }
            },
            {
              "batter": "A Sutherland",
              "bowler": "M Kapp",
              "non_striker": "EA Osborne",
              "runs": {
                "batter": 2,
                "extras": 0,
                "total": 2
              }
            },
            {
              "batter": "A Sutherland",
              "bowler": "M Kapp",
              "non_striker": "EA Osborne",
              "runs": {
                "batter": 1,
                "extras": 0,
                "total": 1
              }
            },
            {
              "batter": "EA Osborne",
              "bowler": "M Kapp",
              "non_striker": "A Sutherland",
              "runs": {
                "batter": 0,
                "extras": 0,
                "total": 0
              },
              "wickets": [
                {
                  "player_out": "EA Osborne",
                  "fielders": [
                    {
                      "name": "AR Reakes"
                    }
                  ],
                  "kind": "caught"
                }
              ]
            }
          ]
        }
      ],
      "powerplays": [
        {
          "from": 0.1,
          "to": 5.6,
          "type": "mandatory"
        }
      ]
    },
    {
      "team": "Sydney Sixers",
      "overs": [
        {
          "over": 0,
          "deliveries": [
            {
              "batter": "AJ Healy",
              "bowler": "EA Osborne",
              "non_striker": "AR Reakes",
              "runs": {
                "batter": 0,
                "extras": 0,
                "total": 0
              }
            },
            {
              "batter": "AJ Healy",
              "bowler": "EA Osborne",
              "non_striker": "AR Reakes",
              "runs": {
                "batter": 4,
                "extras": 0,
                "total": 4
              }
            },
            {
              "batter": "AJ Healy",
              "bowler": "EA Osborne",
              "non_striker": "AR Reakes",
              "runs": {
                "batter": 0,
                "extras": 0,
                "total": 0
              }
            },
            {
              "batter": "AJ Healy",
              "bowler": "EA Osborne",
              "non_striker": "AR Reakes",
              "runs": {
                "batter": 1,
                "extras": 0,
                "total": 1
              }
            },
            {
              "batter": "AR Reakes",
              "bowler": "EA Osborne",
              "non_striker": "AJ Healy",
              "runs": {
                "batter": 4,
                "extras": 0,
                "total": 4
              }
            },
            {
              "batter": "AR Reakes",
              "bowler": "EA Osborne",
              "non_striker": "AJ Healy",
              "runs": {
                "batter": 0,
                "extras": 0,
                "total": 0
              }
            }
          ]
        },
        {
          "over": 1,
          "deliveries": [
            {
              "batter": "AJ Healy",
              "bowler": "A Sutherland",
              "non_striker": "AR Reakes",
              "runs": {
                "batter": 1,
                "extras": 0,
                "total": 1
              }
            },
            {
              "batter": "AR Reakes",
              "bowler": "A Sutherland",
              "non_striker": "AJ Healy",
              "runs": {
                "batter": 0,
                "extras": 0,
                "total": 0
              }
            },
            {
              "batter": "AR Reakes",
              "bowler": "A Sutherland",
              "non_striker": "AJ Healy",
              "runs": {
                "batter": 0,
                "extras": 0,
                "total": 0
              }
            },
            {
              "batter": "AR Reakes",
              "bowler": "A Sutherland",
              "non_striker": "AJ Healy",
              "runs": {
                "batter": 0,
                "extras": 0,
                "total": 0
              }
            },
            {
              "batter": "AR Reakes",
              "bowler": "A Sutherland",
              "non_striker": "AJ Healy",
              "runs": {
                "batter": 0,
                "extras": 0,
                "total": 0
              }
            },
            {
              "batter": "AR Reakes",
              "bowler": "A Sutherland",
              "non_striker": "AJ Healy",
              "runs": {
                "batter": 0,
                "extras": 0,
                "total": 0
              }
            }
          ]
        },
        {
          "over": 2,
          "deliveries": [
            {
              "batter": "AJ Healy",
              "bowler": "EA Osborne",
              "non_striker": "AR Reakes",
              "runs": {
                "batter": 1,
                "extras": 0,
                "total": 1
              }
            },
            {
              "batter": "AR Reakes",
              "bowler": "EA Osborne",
              "non_striker": "AJ Healy",
              "runs": {
                "batter": 4,
                "extras": 0,
                "total": 4
              }
            },
            {
              "batter": "AR Reakes",
              "bowler": "EA Osborne",
              "non_striker": "AJ Healy",
              "runs": {
                "batter": 0,
                "extras": 0,
                "total": 0
              },
              "wickets": [
                {
                  "player_out": "AR Reakes",
                  "kind": "bowled"
                }
              ]
            },
            {
              "batter": "A Gardner",
              "bowler": "EA Osborne",
              "non_striker": "AJ Healy",
              "runs": {
                "batter": 0,
                "extras": 0,
                "total": 0
              }
            },
            {
              "batter": "A Gardner",
              "bowler": "EA Osborne",
              "non_striker": "AJ Healy",
              "runs": {
                "batter": 4,
                "extras": 0,
                "total": 4
              }
            },
            {
              "batter": "A Gardner",
              "bowler": "EA Osborne",
              "non_striker": "AJ Healy",
              "runs": {
                "batter": 0,
                "extras": 0,
                "total": 0
              }
            }
          ]
        },
        {
          "over": 3,
          "deliveries": [
            {
              "batter": "AJ Healy",
              "bowler": "A Sutherland",
              "non_striker": "A Gardner",
              "runs": {
                "batter": 4,
                "extras": 0,
                "total": 4
              }
            },
            {
              "batter": "AJ Healy",
              "bowler": "A Sutherland",
              "non_striker": "A Gardner",
              "runs": {
                "batter": 1,
                "extras": 0,
                "total": 1
              }
            },
            {
              "batter": "A Gardner",
              "bowler": "A Sutherland",
              "non_striker": "AJ Healy",
              "runs": {
                "batter": 0,
                "extras": 0,
                "total": 0
              },
              "wickets": [
                {
                  "player_out": "A Gardner",
                  "fielders": [
                    {
                      "name": "EA Osborne"
                    }
                  ],
                  "kind": "caught"
                }
              ]
            },
            {
              "batter": "AJ Healy",
              "bowler": "A Sutherland",
              "non_striker": "EA Perry",
              "runs": {
                "batter": 4,
                "extras": 0,
                "total": 4
              }
            },
            {
              "batter": "AJ Healy",
              "bowler": "A Sutherland",
              "non_striker": "EA Perry",
              "runs": {
                "batter": 0,
                "extras": 0,
                "total": 0
              }
            },
            {
              "batter": "AJ Healy",
              "bowler": "A Sutherland",
              "non_striker": "EA Perry",
              "runs": {
                "batter": 2,
                "extras": 0,
                "total": 2
              }
            }
          ]
        },
        {
          "over": 4,
          "deliveries": [
            {
              "batter": "EA Perry",
              "bowler": "KM Beams",
              "non_striker": "AJ Healy",
              "runs": {
                "batter": 1,
                "extras": 0,
                "total": 1
              }
            },
            {
              "batter": "AJ Healy",
              "bowler": "KM Beams",
              "non_striker": "EA Perry",
              "runs": {
                "batter": 0,
                "extras": 0,
                "total": 0
              }
            },
            {
              "batter": "AJ Healy",
              "bowler": "KM Beams",
              "non_striker": "EA Perry",
              "runs": {
                "batter": 2,
                "extras": 0,
                "total": 2
              }
            },
            {
              "batter": "AJ Healy",
              "bowler": "KM Beams",
              "non_striker": "EA Perry",
              "runs": {
                "batter": 1,
                "extras": 0,
                "total": 1
              }
            },
            {
              "batter": "EA Perry",
              "bowler": "KM Beams",
              "non_striker": "AJ Healy",
              "runs": {
                "batter": 0,
                "extras": 0,
                "total": 0
              }
            },
            {
              "batter": "EA Perry",
              "bowler": "KM Beams",
              "non_striker": "AJ Healy",
              "runs": {
                "batter": 0,
                "extras": 0,
                "total": 0
              }
            }
          ]
        },
        {
          "over": 5,
          "deliveries": [
            {
              "batter": "AJ Healy",
              "bowler": "GA Elwiss",
              "non_striker": "EA Perry",
              "runs": {
                "batter": 0,
                "extras": 0,
                "total": 0
              }
            },
            {
              "batter": "AJ Healy",
              "bowler": "GA Elwiss",
              "non_striker": "EA Perry",
              "runs": {
                "batter": 0,
                "extras": 0,
                "total": 0
              },
              "wickets": [
                {
                  "player_out": "AJ Healy",
                  "fielders": [
                    {
                      "name": "KM Beams"
                    }
                  ],
                  "kind": "caught"
                }
              ]
            },
            {
              "batter": "EA Burns",
              "bowler": "GA Elwiss",
              "non_striker": "EA Perry",
              "runs": {
                "batter": 4,
                "extras": 0,
                "total": 4
              }
            },
            {
              "batter": "EA Burns",
              "bowler": "GA Elwiss",
              "non_striker": "EA Perry",
              "runs": {
                "batter": 0,
                "extras": 0,
                "total": 0
              }
            },
            {
              "batter": "EA Burns",
              "bowler": "GA Elwiss",
              "non_striker": "EA Perry",
              "runs": {
                "batter": 1,
                "extras": 0,
                "total": 1
              }
            },
            {
              "batter": "EA Perry",
              "bowler": "GA Elwiss",
              "extras": {
                "wides": 1
              },
              "non_striker": "EA Burns",
              "runs": {
                "batter": 0,
                "extras": 1,
                "total": 1
              }
            },
            {
              "batter": "EA Perry",
              "bowler": "GA Elwiss",
              "non_striker": "EA Burns",
              "runs": {
                "batter": 4,
                "extras": 0,
                "total": 4
              }
            }
          ]
        },
        {
          "over": 6,
          "deliveries": [
            {
              "batter": "EA Burns",
              "bowler": "A King",
              "non_striker": "EA Perry",
              "runs": {
                "batter": 1,
                "extras": 0,
                "total": 1
              }
            },
            {
              "batter": "EA Perry",
              "bowler": "A King",
              "non_striker": "EA Burns",
              "runs": {
                "batter": 0,
                "extras": 0,
                "total": 0
              }
            },
            {
              "batter": "EA Perry",
              "bowler": "A King",
              "non_striker": "EA Burns",
              "runs": {
                "batter": 0,
                "extras": 0,
                "total": 0
              }
            },
            {
              "batter": "EA Perry",
              "bowler": "A King",
              "non_striker": "EA Burns",
              "runs": {
                "batter": 4,
                "extras": 0,
                "total": 4
              }
            },
            {
              "batter": "EA Perry",
              "bowler": "A King",
              "non_striker": "EA Burns",
              "runs": {
                "batter": 1,
                "extras": 0,
                "total": 1
              }
            },
            {
              "batter": "EA Burns",
              "bowler": "A King",
              "non_striker": "EA Perry",
              "runs": {
                "batter": 4,
                "extras": 0,
                "total": 4
              }
            }
          ]
        },
        {
          "over": 7,
          "deliveries": [
            {
              "batter": "EA Perry",
              "bowler": "A Sutherland",
              "non_striker": "EA Burns",
              "runs": {
                "batter": 0,
                "extras": 0,
                "total": 0
              }
            },
            {
              "batter": "EA Perry",
              "bowler": "A Sutherland",
              "non_striker": "EA Burns",
              "runs": {
                "batter": 0,
                "extras": 0,
                "total": 0
              }
            },
            {
              "batter": "EA Perry",
              "bowler": "A Sutherland",
              "non_striker": "EA Burns",
              "runs": {
                "batter": 0,
                "extras": 0,
                "total": 0
              }
            },
            {
              "batter": "EA Perry",
              "bowler": "A Sutherland",
              "non_striker": "EA Burns",
              "runs": {
                "batter": 1,
                "extras": 0,
                "total": 1
              }
            },
            {
              "batter": "EA Burns",
              "bowler": "A Sutherland",
              "non_striker": "EA Perry",
              "runs": {
                "batter": 0,
                "extras": 0,
                "total": 0
              }
            },
            {
              "batter": "EA Burns",
              "bowler": "A Sutherland",
              "non_striker": "EA Perry",
              "runs": {
                "batter": 0,
                "extras": 0,
                "total": 0
              }
            }
          ]
        },
        {
          "over": 8,
          "deliveries": [
            {
              "batter": "EA Perry",
              "bowler": "KM Beams",
              "non_striker": "EA Burns",
              "runs": {
                "batter": 0,
                "extras": 0,
                "total": 0
              }
            },
            {
              "batter": "EA Perry",
              "bowler": "KM Beams",
              "non_striker": "EA Burns",
              "runs": {
                "batter": 0,
                "extras": 0,
                "total": 0
              }
            },
            {
              "batter": "EA Perry",
              "bowler": "KM Beams",
              "non_striker": "EA Burns",
              "runs": {
                "batter": 1,
                "extras": 0,
                "total": 1
              }
            },
            {
              "batter": "EA Burns",
              "bowler": "KM Beams",
              "non_striker": "EA Perry",
              "runs": {
                "batter": 0,
                "extras": 0,
                "total": 0
              }
            },
            {
              "batter": "EA Burns",
              "bowler": "KM Beams",
              "non_striker": "EA Perry",
              "runs": {
                "batter": 1,
                "extras": 0,
                "total": 1
              }
            },
            {
              "batter": "EA Perry",
              "bowler": "KM Beams",
              "non_striker": "EA Burns",
              "runs": {
                "batter": 1,
                "extras": 0,
                "total": 1
              }
            }
          ]
        },
        {
          "over": 9,
          "deliveries": [
            {
              "batter": "EA Perry",
              "bowler": "GA Elwiss",
              "non_striker": "EA Burns",
              "runs": {
                "batter": 0,
                "extras": 0,
                "total": 0
              }
            },
            {
              "batter": "EA Perry",
              "bowler": "GA Elwiss",
              "non_striker": "EA Burns",
              "runs": {
                "batter": 1,
                "extras": 0,
                "total": 1
              }
            },
            {
              "batter": "EA Burns",
              "bowler": "GA Elwiss",
              "non_striker": "EA Perry",
              "runs": {
                "batter": 0,
                "extras": 0,
                "total": 0
              }
            },
            {
              "batter": "EA Burns",
              "bowler": "GA Elwiss",
              "non_striker": "EA Perry",
              "runs": {
                "batter": 2,
                "extras": 0,
                "total": 2
              }
            },
            {
              "batter": "EA Burns",
              "bowler": "GA Elwiss",
              "non_striker": "EA Perry",
              "runs": {
                "batter": 0,
                "extras": 0,
                "total": 0
              }
            },
            {
              "batter": "EA Burns",
              "bowler": "GA Elwiss",
              "non_striker": "EA Perry",
              "runs": {
                "batter": 1,
                "extras": 0,
                "total": 1
              }
            }
          ]
        },
        {
          "over": 10,
          "deliveries": [
            {
              "batter": "EA Burns",
              "bowler": "A King",
              "non_striker": "EA Perry",
              "runs": {
                "batter": 0,
                "extras": 0,
                "total": 0
              },
              "wickets": [
                {
                  "player_out": "EA Burns",
                  "fielders": [
                    {
                      "name": "N Faltum"
                    }
                  ],
                  "kind": "stumped"
                }
              ]
            },
            {
              "batter": "SJ McGlashan",
              "bowler": "A King",
              "non_striker": "EA Perry",
              "runs": {
                "batter": 0,
                "extras": 0,
                "total": 0
              }
            },
            {
              "batter": "SJ McGlashan",
              "bowler": "A King",
              "non_striker": "EA Perry",
              "runs": {
                "batter": 1,
                "extras": 0,
                "total": 1
              }
            },
            {
              "batter": "EA Perry",
              "bowler": "A King",
              "non_striker": "SJ McGlashan",
              "runs": {
                "batter": 0,
                "extras": 0,
                "total": 0
              }
            },
            {
              "batter": "EA Perry",
              "bowler": "A King",
              "non_striker": "SJ McGlashan",
              "runs": {
                "batter": 0,
                "extras": 0,
                "total": 0
              }
            },
            {
              "batter": "EA Perry",
              "bowler": "A King",
              "non_striker": "SJ McGlashan",
              "runs": {
                "batter": 1,
                "extras": 0,
                "total": 1
              }
            }
          ]
        },
        {
          "over": 11,
          "deliveries": [
            {
              "batter": "EA Perry",
              "bowler": "EA Osborne",
              "non_striker": "SJ McGlashan",
              "runs": {
                "batter": 6,
                "extras": 0,
                "total": 6
              }
            },
            {
              "batter": "EA Perry",
              "bowler": "EA Osborne",
              "non_striker": "SJ McGlashan",
              "runs": {
                "batter": 0,
                "extras": 0,
                "total": 0
              }
            },
            {
              "batter": "EA Perry",
              "bowler": "EA Osborne",
              "non_striker": "SJ McGlashan",
              "runs": {
                "batter": 1,
                "extras": 0,
                "total": 1
              }
            },
            {
              "batter": "SJ McGlashan",
              "bowler": "EA Osborne",
              "non_striker": "EA Perry",
              "runs": {
                "batter": 2,
                "extras": 0,
                "total": 2
              }
            },
            {
              "batter": "SJ McGlashan",
              "bowler": "EA Osborne",
              "non_striker": "EA Perry",
              "runs": {
                "batter": 1,
                "extras": 0,
                "total": 1
              }
            },
            {
              "batter": "EA Perry",
              "bowler": "EA Osborne",
              "non_striker": "SJ McGlashan",
              "runs": {
                "batter": 0,
                "extras": 0,
                "total": 0
              }
            }
          ]
        },
        {
          "over": 12,
          "deliveries": [
            {
              "batter": "SJ McGlashan",
              "bowler": "KM Beams",
              "non_striker": "EA Perry",
              "runs": {
                "batter": 0,
                "extras": 0,
                "total": 0
              }
            },
            {
              "batter": "SJ McGlashan",
              "bowler": "KM Beams",
              "non_striker": "EA Perry",
              "runs": {
                "batter": 1,
                "extras": 0,
                "total": 1
              }
            },
            {
              "batter": "EA Perry",
              "bowler": "KM Beams",
              "non_striker": "SJ McGlashan",
              "runs": {
                "batter": 0,
                "extras": 0,
                "total": 0
              }
            },
            {
              "batter": "EA Perry",
              "bowler": "KM Beams",
              "non_striker": "SJ McGlashan",
              "runs": {
                "batter": 1,
                "extras": 0,
                "total": 1
              }
            },
            {
              "batter": "SJ McGlashan",
              "bowler": "KM Beams",
              "non_striker": "EA Perry",
              "runs": {
                "batter": 1,
                "extras": 0,
                "total": 1
              }
            },
            {
              "batter": "EA Perry",
              "bowler": "KM Beams",
              "non_striker": "SJ McGlashan",
              "runs": {
                "batter": 1,
                "extras": 0,
                "total": 1
              }
            }
          ]
        },
        {
          "over": 13,
          "deliveries": [
            {
              "batter": "EA Perry",
              "bowler": "M Blows",
              "non_striker": "SJ McGlashan",
              "runs": {
                "batter": 0,
                "extras": 0,
                "total": 0
              }
            },
            {
              "batter": "EA Perry",
              "bowler": "M Blows",
              "non_striker": "SJ McGlashan",
              "runs": {
                "batter": 2,
                "extras": 0,
                "total": 2
              }
            },
            {
              "batter": "EA Perry",
              "bowler": "M Blows",
              "non_striker": "SJ McGlashan",
              "runs": {
                "batter": 0,
                "extras": 0,
                "total": 0
              }
            },
            {
              "batter": "EA Perry",
              "bowler": "M Blows",
              "non_striker": "SJ McGlashan",
              "runs": {
                "batter": 1,
                "extras": 0,
                "total": 1
              }
            },
            {
              "batter": "SJ McGlashan",
              "bowler": "M Blows",
              "extras": {
                "wides": 1
              },
              "non_striker": "EA Perry",
              "runs": {
                "batter": 0,
                "extras": 1,
                "total": 1
              }
            },
            {
              "batter": "SJ McGlashan",
              "bowler": "M Blows",
              "non_striker": "EA Perry",
              "runs": {
                "batter": 1,
                "extras": 0,
                "total": 1
              }
            },
            {
              "batter": "EA Perry",
              "bowler": "M Blows",
              "non_striker": "SJ McGlashan",
              "runs": {
                "batter": 1,
                "extras": 0,
                "total": 1
              }
            }
          ]
        },
        {
          "over": 14,
          "deliveries": [
            {
              "batter": "EA Perry",
              "bowler": "A King",
              "non_striker": "SJ McGlashan",
              "runs": {
                "batter": 0,
                "extras": 0,
                "total": 0
              }
            },
            {
              "batter": "EA Perry",
              "bowler": "A King",
              "non_striker": "SJ McGlashan",
              "runs": {
                "batter": 0,
                "extras": 0,
                "total": 0
              }
            },
            {
              "batter": "EA Perry",
              "bowler": "A King",
              "non_striker": "SJ McGlashan",
              "runs": {
                "batter": 0,
                "extras": 0,
                "total": 0
              }
            },
            {
              "batter": "EA Perry",
              "bowler": "A King",
              "non_striker": "SJ McGlashan",
              "runs": {
                "batter": 1,
                "extras": 0,
                "total": 1
              }
            },
            {
              "batter": "SJ McGlashan",
              "bowler": "A King",
              "non_striker": "EA Perry",
              "runs": {
                "batter": 0,
                "extras": 0,
                "total": 0
              }
            },
            {
              "batter": "SJ McGlashan",
              "bowler": "A King",
              "non_striker": "EA Perry",
              "runs": {
                "batter": 2,
                "extras": 0,
                "total": 2
              }
            }
          ]
        },
        {
          "over": 15,
          "deliveries": [
            {
              "batter": "EA Perry",
              "bowler": "GA Elwiss",
              "non_striker": "SJ McGlashan",
              "runs": {
                "batter": 0,
                "extras": 0,
                "total": 0
              }
            },
            {
              "batter": "EA Perry",
              "bowler": "GA Elwiss",
              "non_striker": "SJ McGlashan",
              "runs": {
                "batter": 0,
                "extras": 0,
                "total": 0
              },
              "wickets": [
                {
                  "player_out": "SJ McGlashan",
                  "kind": "run out"
                }
              ]
            },
            {
              "batter": "D van Niekerk",
              "bowler": "GA Elwiss",
              "non_striker": "EA Perry",
              "runs": {
                "batter": 0,
                "extras": 0,
                "total": 0
              }
            },
            {
              "batter": "D van Niekerk",
              "bowler": "GA Elwiss",
              "non_striker": "EA Perry",
              "runs": {
                "batter": 0,
                "extras": 0,
                "total": 0
              }
            },
            {
              "batter": "D van Niekerk",
              "bowler": "GA Elwiss",
              "non_striker": "EA Perry",
              "runs": {
                "batter": 0,
                "extras": 0,
                "total": 0
              }
            },
            {
              "batter": "D van Niekerk",
              "bowler": "GA Elwiss",
              "non_striker": "EA Perry",
              "runs": {
                "batter": 0,
                "extras": 0,
                "total": 0
              }
            }
          ]
        },
        {
          "over": 16,
          "deliveries": [
            {
              "batter": "EA Perry",
              "bowler": "KM Beams",
              "non_striker": "D van Niekerk",
              "runs": {
                "batter": 0,
                "extras": 0,
                "total": 0
              }
            },
            {
              "batter": "EA Perry",
              "bowler": "KM Beams",
              "non_striker": "D van Niekerk",
              "runs": {
                "batter": 4,
                "extras": 0,
                "total": 4
              }
            },
            {
              "batter": "EA Perry",
              "bowler": "KM Beams",
              "non_striker": "D van Niekerk",
              "runs": {
                "batter": 0,
                "extras": 0,
                "total": 0
              }
            },
            {
              "batter": "EA Perry",
              "bowler": "KM Beams",
              "non_striker": "D van Niekerk",
              "runs": {
                "batter": 1,
                "extras": 0,
                "total": 1
              }
            },
            {
              "batter": "D van Niekerk",
              "bowler": "KM Beams",
              "non_striker": "EA Perry",
              "runs": {
                "batter": 0,
                "extras": 0,
                "total": 0
              }
            },
            {
              "batter": "D van Niekerk",
              "bowler": "KM Beams",
              "non_striker": "EA Perry",
              "runs": {
                "batter": 1,
                "extras": 0,
                "total": 1
              }
            }
          ]
        },
        {
          "over": 17,
          "deliveries": [
            {
              "batter": "D van Niekerk",
              "bowler": "GA Elwiss",
              "non_striker": "EA Perry",
              "runs": {
                "batter": 4,
                "extras": 0,
                "total": 4
              }
            },
            {
              "batter": "D van Niekerk",
              "bowler": "GA Elwiss",
              "extras": {
                "legbyes": 1
              },
              "non_striker": "EA Perry",
              "runs": {
                "batter": 0,
                "extras": 1,
                "total": 1
              }
            },
            {
              "batter": "EA Perry",
              "bowler": "GA Elwiss",
              "non_striker": "D van Niekerk",
              "runs": {
                "batter": 4,
                "extras": 0,
                "total": 4
              }
            },
            {
              "batter": "EA Perry",
              "bowler": "GA Elwiss",
              "non_striker": "D van Niekerk",
              "runs": {
                "batter": 1,
                "extras": 0,
                "total": 1
              }
            },
            {
              "batter": "D van Niekerk",
              "bowler": "GA Elwiss",
              "non_striker": "EA Perry",
              "runs": {
                "batter": 0,
                "extras": 0,
                "total": 0
              }
            },
            {
              "batter": "D van Niekerk",
              "bowler": "GA Elwiss",
              "non_striker": "EA Perry",
              "runs": {
                "batter": 4,
                "extras": 0,
                "total": 4
              }
            }
          ]
        }
      ],
      "powerplays": [
        {
          "from": 0.1,
          "to": 5.7,
          "type": "mandatory"
        }
      ],
      "target": {
        "overs": 20,
        "runs": 107
      }
    }
  ]
}