{
  "meta": {
    "data_version": "1.0.0",
    "created": "2019-11-08",
    "revision": 2
  },
  "info": {
    "balls_per_over": 6,
    "city": "Melbourne",
    "dates": [
      "2019-10-19"
    ],
    "event": {
      "name": "Women's Big Bash League",
      "match_number": 4
    },
    "gender": "female",
    "match_type": "T20",
    "officials": {
      "match_referees": [
        "Damien Herft"
      ],
      "umpires": [
        "Greg Azzopardi",
        "D Brigham"
      ]
    },
    "outcome": {
      "winner": "Hobart Hurricanes",
      "by": {
        "runs": 20
      }
    },
    "overs": 20,
    "player_of_match": [
      "B Vakarewa"
    ],
    "players": {
      "Hobart Hurricanes": [
        "S Daffara",
        "EG Fazackerley",
        "HC Knight",
        "NJ Carey",
        "FC Wilson",
        "CL Hall",
        "CL Tryon",
        "ML Gibson",
        "EJ Smith",
        "TJ Vlaeminck",
        "B Vakarewa"
      ],
      "Melbourne Stars": [
        "L Lee",
        "EJ Villani",
        "EJ Inglis",
        "M du Preez",
        "KJ Martin",
        "EA Osborne",
        "A Sutherland",
        "T Flintoff",
        "NM Hancock",
        "CL Rafferty",
        "KM Beams"
      ]
    },
    "registry": {
      "people": {
        "A Sutherland": "65d9b6b6",
        "B Vakarewa": "06f988b8",
        "CL Hall": "6026e2ae",
        "CL Rafferty": "14a760dc",
        "CL Tryon": "4d4605e6",
        "D Brigham": "464daf41",
        "Damien Herft": "aa489c6e",
        "EA Osborne": "fe731c62",
        "EG Fazackerley": "caaf2219",
        "EJ Inglis": "b0ca6975",
        "EJ Smith": "05911fef",
        "EJ Villani": "cde96d97",
        "FC Wilson": "a28132bd",
        "Greg Azzopardi": "e950350e",
        "HC Knight": "4ba0289e",
        "KJ Martin": "cf75a839",
        "KM Beams": "fa8f9dc3",
        "L Lee": "7b01ce83",
        "M du Preez": "e219f17a",
        "ML Gibson": "27fa592f",
        "NJ Carey": "dff806f4",
        "NM Hancock": "af8c3a85",
        "S Daffara": "893e440c",
        "T Flintoff": "5471b94a",
        "TJ Vlaeminck": "ef70a34b"
      }
    },
    "season": "2019/20",
    "team_type": "club",
    "teams": [
      "Melbourne Stars",
      "Hobart Hurricanes"
    ],
    "toss": {
      "decision": "field",
      "winner": "Melbourne Stars"
    },
    "venue": "Junction Oval"
  },
  "innings": [
    {
      "team": "Hobart Hurricanes",
      "overs": [
        {
          "over": 0,
          "deliveries": [
            {
              "batter": "S Daffara",
              "bowler": "A Sutherland",
              "non_striker": "EG Fazackerley",
              "runs": {
                "batter": 0,
                "extras": 0,
                "total": 0
              }
            },
            {
              "batter": "S Daffara",
              "bowler": "A Sutherland",
              "non_striker": "EG Fazackerley",
              "runs": {
                "batter": 0,
                "extras": 0,
                "total": 0
              }
            },
            {
              "batter": "S Daffara",
              "bowler": "A Sutherland",
              "non_striker": "EG Fazackerley",
              "runs": {
                "batter": 0,
                "extras": 0,
                "total": 0
              }
            },
            {
              "batter": "S Daffara",
              "bowler": "A Sutherland",
              "non_striker": "EG Fazackerley",
              "runs": {
                "batter": 2,
                "extras": 0,
                "total": 2
              }
            },
            {
              "batter": "S Daffara",
              "bowler": "A Sutherland",
              "non_striker": "EG Fazackerley",
              "runs": {
                "batter": 0,
                "extras": 0,
                "total": 0
              }
            },
            {
              "batter": "S Daffara",
              "bowler": "A Sutherland",
              "non_striker": "EG Fazackerley",
              "runs": {
                "batter": 4,
                "extras": 0,
                "total": 4
              }
            }
          ]
        },
        {
          "over": 1,
          "deliveries": [
            {
              "batter": "EG Fazackerley",
              "bowler": "EA Osborne",
              "non_striker": "S Daffara",
              "runs": {
                "batter": 2,
                "extras": 0,
                "total": 2
              }
            },
            {
              "batter": "EG Fazackerley",
              "bowler": "EA Osborne",
              "non_striker": "S Daffara",
              "runs": {
                "batter": 4,
                "extras": 0,
                "total": 4
              }
            },
            {
              "batter": "EG Fazackerley",
              "bowler": "EA Osborne",
              "non_striker": "S Daffara",
              "runs": {
                "batter": 1,
                "extras": 0,
                "total": 1
              }
            },
            {
              "batter": "S Daffara",
              "bowler": "EA Osborne",
              "non_striker": "EG Fazackerley",
              "runs": {
                "batter": 1,
                "extras": 0,
                "total": 1
              }
            },
            {
              "batter": "EG Fazackerley",
              "bowler": "EA Osborne",
              "non_striker": "S Daffara",
              "runs": {
                "batter": 6,
                "extras": 0,
                "total": 6
              }
            },
            {
              "batter": "EG Fazackerley",
              "bowler": "EA Osborne",
              "non_striker": "S Daffara",
              "runs": {
                "batter": 0,
                "extras": 0,
                "total": 0
              }
            }
          ]
        },
        {
          "over": 2,
          "deliveries": [
            {
              "batter": "S Daffara",
              "bowler": "A Sutherland",
              "non_striker": "EG Fazackerley",
              "runs": {
                "batter": 0,
                "extras": 0,
                "total": 0
              }
            },
            {
              "batter": "S Daffara",
              "bowler": "A Sutherland",
              "non_striker": "EG Fazackerley",
              "runs": {
                "batter": 0,
                "extras": 0,
                "total": 0
              },
              "wickets": [
                {
                  "kind": "bowled",
                  "player_out": "S Daffara"
                }
              ]
            },
            {
              "batter": "HC Knight",
              "bowler": "A Sutherland",
              "non_striker": "EG Fazackerley",
              "runs": {
                "batter": 4,
                "extras": 0,
                "total": 4
              }
            },
            {
              "batter": "HC Knight",
              "bowler": "A Sutherland",
              "non_striker": "EG Fazackerley",
              "runs": {
                "batter": 1,
                "extras": 0,
                "total": 1
              }
            },
            {
              "batter": "EG Fazackerley",
              "bowler": "A Sutherland",
              "non_striker": "HC Knight",
              "runs": {
                "batter": 4,
                "extras": 0,
                "total": 4
              }
            },
            {
              "batter": "EG Fazackerley",
              "bowler": "A Sutherland",
              "non_striker": "HC Knight",
              "runs": {
                "batter": 0,
                "extras": 0,
                "total": 0
              }
            }
          ]
        },
        {
          "over": 3,
          "deliveries": [
            {
              "batter": "HC Knight",
              "bowler": "NM Hancock",
              "non_striker": "EG Fazackerley",
              "runs": {
                "batter": 0,
                "extras": 0,
                "total": 0
              }
            },
            {
              "batter": "HC Knight",
              "bowler": "NM Hancock",
              "non_striker": "EG Fazackerley",
              "runs": {
                "batter": 0,
                "extras": 0,
                "total": 0
              }
            },
            {
              "batter": "HC Knight",
              "bowler": "NM Hancock",
              "non_striker": "EG Fazackerley",
              "runs": {
                "batter": 0,
                "extras": 0,
                "total": 0
              }
            },
            {
              "batter": "HC Knight",
              "bowler": "NM Hancock",
              "non_striker": "EG Fazackerley",
              "runs": {
                "batter": 0,
                "extras": 0,
                "total": 0
              }
            },
            {
              "batter": "HC Knight",
              "bowler": "NM Hancock",
              "non_striker": "EG Fazackerley",
              "runs": {
                "batter": 0,
                "extras": 0,
                "total": 0
              }
            },
            {
              "batter": "HC Knight",
              "bowler": "NM Hancock",
              "non_striker": "EG Fazackerley",
              "runs": {
                "batter": 2,
                "extras": 0,
                "total": 2
              }
            }
          ]
        },
        {
          "over": 4,
          "deliveries": [
            {
              "batter": "EG Fazackerley",
              "bowler": "A Sutherland",
              "non_striker": "HC Knight",
              "runs": {
                "batter": 0,
                "extras": 0,
                "total": 0
              }
            },
            {
              "batter": "EG Fazackerley",
              "bowler": "A Sutherland",
              "non_striker": "HC Knight",
              "runs": {
                "batter": 0,
                "extras": 0,
                "total": 0
              }
            },
            {
              "batter": "EG Fazackerley",
              "bowler": "A Sutherland",
              "non_striker": "HC Knight",
              "runs": {
                "batter": 1,
                "extras": 0,
                "total": 1
              }
            },
            {
              "batter": "HC Knight",
              "bowler": "A Sutherland",
              "non_striker": "EG Fazackerley",
              "runs": {
                "batter": 1,
                "extras": 0,
                "total": 1
              }
            },
            {
              "batter": "EG Fazackerley",
              "bowler": "A Sutherland",
              "non_striker": "HC Knight",
              "runs": {
                "batter": 4,
                "extras": 0,
                "total": 4
              }
            },
            {
              "batter": "EG Fazackerley",
              "bowler": "A Sutherland",
              "non_striker": "HC Knight",
              "runs": {
                "batter": 1,
                "extras": 0,
                "total": 1
              }
            }
          ]
        },
        {
          "over": 5,
          "deliveries": [
            {
              "batter": "EG Fazackerley",
              "bowler": "NM Hancock",
              "non_striker": "HC Knight",
              "runs": {
                "batter": 0,
                "extras": 0,
                "total": 0
              }
            },
            {
              "batter": "EG Fazackerley",
              "bowler": "NM Hancock",
              "non_striker": "HC Knight",
              "runs": {
                "batter": 1,
                "extras": 0,
                "total": 1
              }
            },
            {
              "batter": "HC Knight",
              "bowler": "NM Hancock",
              "non_striker": "EG Fazackerley",
              "runs": {
                "batter": 1,
                "extras": 0,
                "total": 1
              }
            },
            {
              "batter": "EG Fazackerley",
              "bowler": "NM Hancock",
              "non_striker": "HC Knight",
              "runs": {
                "batter": 0,
                "extras": 0,
                "total": 0
              }
            },
            {
              "batter": "EG Fazackerley",
              "bowler": "NM Hancock",
              "non_striker": "HC Knight",
              "runs": {
                "batter": 0,
                "extras": 0,
                "total": 0
              }
            },
            {
              "batter": "EG Fazackerley",
              "bowler": "NM Hancock",
              "non_striker": "HC Knight",
              "runs": {
                "batter": 4,
                "extras": 0,
                "total": 4
              }
            }
          ]
        },
        {
          "over": 6,
          "deliveries": [
            {
              "batter": "HC Knight",
              "bowler": "KM Beams",
              "non_striker": "EG Fazackerley",
              "runs": {
                "batter": 1,
                "extras": 0,
                "total": 1
              }
            },
            {
              "batter": "EG Fazackerley",
              "bowler": "KM Beams",
              "non_striker": "HC Knight",
              "runs": {
                "batter": 0,
                "extras": 0,
                "total": 0
              }
            },
            {
              "batter": "EG Fazackerley",
              "bowler": "KM Beams",
              "non_striker": "HC Knight",
              "runs": {
                "batter": 4,
                "extras": 0,
                "total": 4
              }
            },
            {
              "batter": "EG Fazackerley",
              "bowler": "KM Beams",
              "non_striker": "HC Knight",
              "runs": {
                "batter": 1,
                "extras": 0,
                "total": 1
              }
            },
            {
              "batter": "HC Knight",
              "bowler": "KM Beams",
              "non_striker": "EG Fazackerley",
              "runs": {
                "batter": 0,
                "extras": 0,
                "total": 0
              },
              "wickets": [
                {
                  "kind": "run out",
                  "player_out": "HC Knight"
                }
              ]
            },
            {
              "batter": "NJ Carey",
              "bowler": "KM Beams",
              "non_striker": "EG Fazackerley",
              "runs": {
                "batter": 0,
                "extras": 0,
                "total": 0
              }
            }
          ]
        },
        {
          "over": 7,
          "deliveries": [
            {
              "batter": "EG Fazackerley",
              "bowler": "EA Osborne",
              "non_striker": "NJ Carey",
              "runs": {
                "batter": 1,
                "extras": 0,
                "total": 1
              }
            },
            {
              "batter": "NJ Carey",
              "bowler": "EA Osborne",
              "non_striker": "EG Fazackerley",
              "runs": {
                "batter": 0,
                "extras": 0,
                "total": 0
              }
            },
            {
              "batter": "NJ Carey",
              "bowler": "EA Osborne",
              "non_striker": "EG Fazackerley",
              "runs": {
                "batter": 1,
                "extras": 0,
                "total": 1
              }
            },
            {
              "batter": "EG Fazackerley",
              "bowler": "EA Osborne",
              "non_striker": "NJ Carey",
              "runs": {
                "batter": 1,
                "extras": 0,
                "total": 1
              }
            },
            {
              "batter": "NJ Carey",
              "bowler": "EA Osborne",
              "non_striker": "EG Fazackerley",
              "runs": {
                "batter": 1,
                "extras": 0,
                "total": 1
              }
            },
            {
              "batter": "EG Fazackerley",
              "bowler": "EA Osborne",
              "non_striker": "NJ Carey",
              "runs": {
                "batter": 4,
                "extras": 0,
                "total": 4
              }
            }
          ]
        },
        {
          "over": 8,
          "deliveries": [
            {
              "batter": "NJ Carey",
              "bowler": "T Flintoff",
              "non_striker": "EG Fazackerley",
              "runs": {
                "batter": 0,
                "extras": 0,
                "total": 0
              }
            },
            {
              "batter": "NJ Carey",
              "bowler": "T Flintoff",
              "non_striker": "EG Fazackerley",
              "runs": {
                "batter": 1,
                "extras": 0,
                "total": 1
              }
            },
            {
              "batter": "EG Fazackerley",
              "bowler": "T Flintoff",
              "non_striker": "NJ Carey",
              "runs": {
                "batter": 0,
                "extras": 0,
                "total": 0
              }
            },
            {
              "batter": "EG Fazackerley",
              "bowler": "T Flintoff",
              "non_striker": "NJ Carey",
              "runs": {
                "batter": 0,
                "extras": 0,
                "total": 0
              }
            },
            {
              "batter": "EG Fazackerley",
              "bowler": "T Flintoff",
              "non_striker": "NJ Carey",
              "runs": {
                "batter": 0,
                "extras": 0,
                "total": 0
              }
            },
            {
              "batter": "EG Fazackerley",
              "bowler": "T Flintoff",
              "non_striker": "NJ Carey",
              "runs": {
                "batter": 0,
                "extras": 0,
                "total": 0
              }
            }
          ]
        },
        {
          "over": 9,
          "deliveries": [
            {
              "batter": "NJ Carey",
              "bowler": "NM Hancock",
              "non_striker": "EG Fazackerley",
              "runs": {
                "batter": 0,
                "extras": 0,
                "total": 0
              }
            },
            {
              "batter": "NJ Carey",
              "bowler": "NM Hancock",
              "non_striker": "EG Fazackerley",
              "runs": {
                "batter": 0,
                "extras": 0,
                "total": 0
              }
            },
            {
              "batter": "NJ Carey",
              "bowler": "NM Hancock",
              "non_striker": "EG Fazackerley",
              "runs": {
                "batter": 0,
                "extras": 0,
                "total": 0
              }
            },
            {
              "batter": "NJ Carey",
              "bowler": "NM Hancock",
              "non_striker": "EG Fazackerley",
              "runs": {
                "batter": 0,
                "extras": 0,
                "total": 0
              }
            },
            {
              "batter": "NJ Carey",
              "bowler": "NM Hancock",
              "extras": {
                "noballs": 1
              },
              "non_striker": "EG Fazackerley",
              "runs": {
                "batter": 4,
                "extras": 1,
                "total": 5
              }
            },
            {
              "batter": "NJ Carey",
              "bowler": "NM Hancock",
              "non_striker": "EG Fazackerley",
              "runs": {
                "batter": 0,
                "extras": 0,
                "total": 0
              }
            },
            {
              "batter": "NJ Carey",
              "bowler": "NM Hancock",
              "non_striker": "EG Fazackerley",
              "runs": {
                "batter": 0,
                "extras": 0,
                "total": 0
              }
            }
          ]
        },
        {
          "over": 10,
          "deliveries": [
            {
              "batter": "EG Fazackerley",
              "bowler": "T Flintoff",
              "non_striker": "NJ Carey",
              "runs": {
                "batter": 0,
                "extras": 0,
                "total": 0
              }
            },
            {
              "batter": "EG Fazackerley",
              "bowler": "T Flintoff",
              "non_striker": "NJ Carey",
              "runs": {
                "batter": 4,
                "extras": 0,
                "total": 4
              }
            },
            {
              "batter": "EG Fazackerley",
              "bowler": "T Flintoff",
              "extras": {
                "wides": 1
              },
              "non_striker": "NJ Carey",
              "runs": {
                "batter": 0,
                "extras": 1,
                "total": 1
              }
            },
            {
              "batter": "EG Fazackerley",
              "bowler": "T Flintoff",
              "non_striker": "NJ Carey",
              "runs": {
                "batter": 1,
                "extras": 0,
                "total": 1
              }
            },
            {
              "batter": "NJ Carey",
              "bowler": "T Flintoff",
              "non_striker": "EG Fazackerley",
              "runs": {
                "batter": 0,
                "extras": 0,
                "total": 0
              }
            },
            {
              "batter": "NJ Carey",
              "bowler": "T Flintoff",
              "non_striker": "EG Fazackerley",
              "runs": {
                "batter": 1,
                "extras": 0,
                "total": 1
              }
            },
            {
              "batter": "EG Fazackerley",
              "bowler": "T Flintoff",
              "non_striker": "NJ Carey",
              "runs": {
                "batter": 1,
                "extras": 0,
                "total": 1
              }
            }
          ]
        },
        {
          "over": 11,
          "deliveries": [
            {
              "batter": "EG Fazackerley",
              "bowler": "EA Osborne",
              "non_striker": "NJ Carey",
              "runs": {
                "batter": 1,
                "extras": 0,
                "total": 1
              }
            },
            {
              "batter": "NJ Carey",
              "bowler": "EA Osborne",
              "non_striker": "EG Fazackerley",
              "runs": {
                "batter": 3,
                "extras": 0,
                "total": 3
              }
            },
            {
              "batter": "EG Fazackerley",
              "bowler": "EA Osborne",
              "non_striker": "NJ Carey",
              "runs": {
                "batter": 0,
                "extras": 0,
                "total": 0
              },
              "wickets": [
                {
                  "kind": "caught",
                  "player_out": "EG Fazackerley",
                  "fielders": [
                    {
                      "name": "NM Hancock"
                    }
                  ]
                }
              ]
            },
            {
              "batter": "NJ Carey",
              "bowler": "EA Osborne",
              "non_striker": "FC Wilson",
              "runs": {
                "batter": 0,
                "extras": 0,
                "total": 0
              },
              "wickets": [
                {
                  "kind": "bowled",
                  "player_out": "NJ Carey"
                }
              ]
            },
            {
              "batter": "CL Hall",
              "bowler": "EA Osborne",
              "non_striker": "FC Wilson",
              "runs": {
                "batter": 0,
                "extras": 0,
                "total": 0
              }
            },
            {
              "batter": "CL Hall",
              "bowler": "EA Osborne",
              "non_striker": "FC Wilson",
              "runs": {
                "batter": 2,
                "extras": 0,
                "total": 2
              }
            }
          ]
        },
        {
          "over": 12,
          "deliveries": [
            {
              "batter": "FC Wilson",
              "bowler": "A Sutherland",
              "non_striker": "CL Hall",
              "runs": {
                "batter": 4,
                "extras": 0,
                "total": 4
              }
            },
            {
              "batter": "FC Wilson",
              "bowler": "A Sutherland",
              "non_striker": "CL Hall",
              "runs": {
                "batter": 0,
                "extras": 0,
                "total": 0
              }
            },
            {
              "batter": "FC Wilson",
              "bowler": "A Sutherland",
              "extras": {
                "wides": 1
              },
              "non_striker": "CL Hall",
              "runs": {
                "batter": 0,
                "extras": 1,
                "total": 1
              }
            },
            {
              "batter": "FC Wilson",
              "bowler": "A Sutherland",
              "non_striker": "CL Hall",
              "runs": {
                "batter": 0,
                "extras": 0,
                "total": 0
              }
            },
            {
              "batter": "FC Wilson",
              "bowler": "A Sutherland",
              "non_striker": "CL Hall",
              "runs": {
                "batter": 1,
                "extras": 0,
                "total": 1
              }
            },
            {
              "batter": "CL Hall",
              "bowler": "A Sutherland",
              "non_striker": "FC Wilson",
              "runs": {
                "batter": 1,
                "extras": 0,
                "total": 1
              }
            },
            {
              "batter": "FC Wilson",
              "bowler": "A Sutherland",
              "non_striker": "CL Hall",
              "runs": {
                "batter": 4,
                "extras": 0,
                "total": 4
              }
            }
          ]
        },
        {
          "over": 13,
          "deliveries": [
            {
              "batter": "CL Hall",
              "bowler": "CL Rafferty",
              "non_striker": "FC Wilson",
              "runs": {
                "batter": 1,
                "extras": 0,
                "total": 1
              }
            },
            {
              "batter": "FC Wilson",
              "bowler": "CL Rafferty",
              "non_striker": "CL Hall",
              "runs": {
                "batter": 0,
                "extras": 0,
                "total": 0
              }
            },
            {
              "batter": "FC Wilson",
              "bowler": "CL Rafferty",
              "non_striker": "CL Hall",
              "runs": {
                "batter": 0,
                "extras": 0,
                "total": 0
              }
            },
            {
              "batter": "FC Wilson",
              "bowler": "CL Rafferty",
              "non_striker": "CL Hall",
              "runs": {
                "batter": 1,
                "extras": 0,
                "total": 1
              }
            },
            {
              "batter": "CL Hall",
              "bowler": "CL Rafferty",
              "extras": {
                "legbyes": 1
              },
              "non_striker": "FC Wilson",
              "runs": {
                "batter": 0,
                "extras": 1,
                "total": 1
              }
            },
            {
              "batter": "FC Wilson",
              "bowler": "CL Rafferty",
              "non_striker": "CL Hall",
              "runs": {
                "batter": 2,
                "extras": 0,
                "total": 2
              }
            }
          ]
        },
        {
          "over": 14,
          "deliveries": [
            {
              "batter": "CL Hall",
              "bowler": "KM Beams",
              "non_striker": "FC Wilson",
              "runs": {
                "batter": 0,
                "extras": 0,
                "total": 0
              }
            },
            {
              "batter": "CL Hall",
              "bowler": "KM Beams",
              "non_striker": "FC Wilson",
              "runs": {
                "batter": 2,
                "extras": 0,
                "total": 2
              }
            },
            {
              "batter": "CL Hall",
              "bowler": "KM Beams",
              "non_striker": "FC Wilson",
              "runs": {
                "batter": 1,
                "extras": 0,
                "total": 1
              }
            },
            {
              "batter": "FC Wilson",
              "bowler": "KM Beams",
              "non_striker": "CL Hall",
              "runs": {
                "batter": 1,
                "extras": 0,
                "total": 1
              }
            },
            {
              "batter": "CL Hall",
              "bowler": "KM Beams",
              "non_striker": "FC Wilson",
              "runs": {
                "batter": 1,
                "extras": 0,
                "total": 1
              }
            },
            {
              "batter": "FC Wilson",
              "bowler": "KM Beams",
              "non_striker": "CL Hall",
              "runs": {
                "batter": 0,
                "extras": 0,
                "total": 0
              }
            }
          ]
        },
        {
          "over": 15,
          "deliveries": [
            {
              "batter": "CL Hall",
              "bowler": "CL Rafferty",
              "non_striker": "FC Wilson",
              "runs": {
                "batter": 1,
                "extras": 0,
                "total": 1
              }
            },
            {
              "batter": "FC Wilson",
              "bowler": "CL Rafferty",
              "non_striker": "CL Hall",
              "runs": {
                "batter": 1,
                "extras": 0,
                "total": 1
              }
            },
            {
              "batter": "CL Hall",
              "bowler": "CL Rafferty",
              "non_striker": "FC Wilson",
              "runs": {
                "batter": 0,
                "extras": 0,
                "total": 0
              },
              "wickets": [
                {
                  "kind": "caught",
                  "player_out": "CL Hall",
                  "fielders": [
                    {
                      "name": "A Sutherland"
                    }
                  ]
                }
              ]
            },
            {
              "batter": "FC Wilson",
              "bowler": "CL Rafferty",
              "non_striker": "CL Tryon",
              "runs": {
                "batter": 2,
                "extras": 0,
                "total": 2
              }
            },
            {
              "batter": "FC Wilson",
              "bowler": "CL Rafferty",
              "non_striker": "CL Tryon",
              "runs": {
                "batter": 1,
                "extras": 0,
                "total": 1
              }
            },
            {
              "batter": "CL Tryon",
              "bowler": "CL Rafferty",
              "non_striker": "FC Wilson",
              "runs": {
                "batter": 4,
                "extras": 0,
                "total": 4
              }
            }
          ]
        },
        {
          "over": 16,
          "deliveries": [
            {
              "batter": "FC Wilson",
              "bowler": "KM Beams",
              "non_striker": "CL Tryon",
              "runs": {
                "batter": 2,
                "extras": 0,
                "total": 2
              }
            },
            {
              "batter": "FC Wilson",
              "bowler": "KM Beams",
              "non_striker": "CL Tryon",
              "runs": {
                "batter": 1,
                "extras": 0,
                "total": 1
              }
            },
            {
              "batter": "CL Tryon",
              "bowler": "KM Beams",
              "non_striker": "FC Wilson",
              "runs": {
                "batter": 4,
                "extras": 0,
                "total": 4
              }
            },
            {
              "batter": "CL Tryon",
              "bowler": "KM Beams",
              "non_striker": "FC Wilson",
              "runs": {
                "batter": 1,
                "extras": 0,
                "total": 1
              }
            },
            {
              "batter": "FC Wilson",
              "bowler": "KM Beams",
              "non_striker": "CL Tryon",
              "runs": {
                "batter": 2,
                "extras": 0,
                "total": 2
              }
            },
            {
              "batter": "FC Wilson",
              "bowler": "KM Beams",
              "non_striker": "CL Tryon",
              "runs": {
                "batter": 2,
                "extras": 0,
                "total": 2
              }
            }
          ]
        },
        {
          "over": 17,
          "deliveries": [
            {
              "batter": "CL Tryon",
              "bowler": "EA Osborne",
              "non_striker": "FC Wilson",
              "runs": {
                "batter": 2,
                "extras": 0,
                "total": 2
              }
            },
            {
              "batter": "CL Tryon",
              "bowler": "EA Osborne",
              "non_striker": "FC Wilson",
              "runs": {
                "batter": 4,
                "extras": 0,
                "total": 4
              }
            },
            {
              "batter": "CL Tryon",
              "bowler": "EA Osborne",
              "non_striker": "FC Wilson",
              "runs": {
                "batter": 1,
                "extras": 0,
                "total": 1
              }
            },
            {
              "batter": "FC Wilson",
              "bowler": "EA Osborne",
              "non_striker": "CL Tryon",
              "runs": {
                "batter": 1,
                "extras": 0,
                "total": 1
              }
            },
            {
              "batter": "CL Tryon",
              "bowler": "EA Osborne",
              "non_striker": "FC Wilson",
              "runs": {
                "batter": 6,
                "extras": 0,
                "total": 6
              }
            },
            {
              "batter": "CL Tryon",
              "bowler": "EA Osborne",
              "non_striker": "FC Wilson",
              "runs": {
                "batter": 2,
                "extras": 0,
                "total": 2
              }
            }
          ]
        },
        {
          "over": 18,
          "deliveries": [
            {
              "batter": "FC Wilson",
              "bowler": "NM Hancock",
              "non_striker": "CL Tryon",
              "runs": {
                "batter": 1,
                "extras": 0,
                "total": 1
              }
            },
            {
              "batter": "CL Tryon",
              "bowler": "NM Hancock",
              "non_striker": "FC Wilson",
              "runs": {
                "batter": 1,
                "extras": 0,
                "total": 1
              }
            },
            {
              "batter": "FC Wilson",
              "bowler": "NM Hancock",
              "non_striker": "CL Tryon",
              "runs": {
                "batter": 1,
                "extras": 0,
                "total": 1
              }
            },
            {
              "batter": "CL Tryon",
              "bowler": "NM Hancock",
              "non_striker": "FC Wilson",
              "runs": {
                "batter": 4,
                "extras": 0,
                "total": 4
              }
            },
            {
              "batter": "CL Tryon",
              "bowler": "NM Hancock",
              "non_striker": "FC Wilson",
              "runs": {
                "batter": 0,
                "extras": 0,
                "total": 0
              }
            },
            {
              "batter": "CL Tryon",
              "bowler": "NM Hancock",
              "non_striker": "FC Wilson",
              "runs": {
                "batter": 1,
                "extras": 0,
                "total": 1
              }
            }
          ]
        },
        {
          "over": 19,
          "deliveries": [
            {
              "batter": "CL Tryon",
              "bowler": "CL Rafferty",
              "non_striker": "FC Wilson",
              "runs": {
                "batter": 1,
                "extras": 0,
                "total": 1
              }
            },
            {
              "batter": "FC Wilson",
              "bowler": "CL Rafferty",
              "non_striker": "CL Tryon",
              "runs": {
                "batter": 1,
                "extras": 0,
                "total": 1
              }
            },
            {
              "batter": "CL Tryon",
              "bowler": "CL Rafferty",
              "extras": {
                "noballs": 1
              },
              "non_striker": "FC Wilson",
              "runs": {
                "batter": 6,
                "extras": 1,
                "total": 7
              }
            },
            {
              "batter": "CL Tryon",
              "bowler": "CL Rafferty",
              "extras": {
                "noballs": 1
              },
              "non_striker": "FC Wilson",
              "runs": {
                "batter": 1,
                "extras": 1,
                "total": 2
              }
            },
            {
              "batter": "FC Wilson",
              "bowler": "CL Rafferty",
              "non_striker": "CL Tryon",
              "runs": {
                "batter": 1,
                "extras": 0,
                "total": 1
              }
            },
            {
              "batter": "CL Tryon",
              "bowler": "CL Rafferty",
              "non_striker": "FC Wilson",
              "runs": {
                "batter": 0,
                "extras": 0,
                "total": 0
              }
            },
            {
              "batter": "CL Tryon",
              "bowler": "CL Rafferty",
              "non_striker": "FC Wilson",
              "runs": {
                "batter": 6,
                "extras": 0,
                "total": 6
              }
            },
            {
              "batter": "CL Tryon",
              "bowler": "CL Rafferty",
              "non_striker": "FC Wilson",
              "runs": {
                "batter": 2,
                "extras": 0,
                "total": 2
              }
            }
          ]
        }
      ],
      "powerplays": [
        {
          "from": 0.1,
          "to": 5.6,
          "type": "mandatory"
        }
      ]
    },
    {
      "team": "Melbourne Stars",
      "overs": [
        {
          "over": 0,
          "deliveries": [
            {
              "batter": "L Lee",
              "bowler": "B Vakarewa",
              "non_striker": "EJ Villani",
              "runs": {
                "batter": 0,
                "extras": 0,
                "total": 0
              }
            },
            {
              "batter": "L Lee",
              "bowler": "B Vakarewa",
              "non_striker": "EJ Villani",
              "runs": {
                "batter": 4,
                "extras": 0,
                "total": 4
              }
            },
            {
              "batter": "L Lee",
              "bowler": "B Vakarewa",
              "extras": {
                "wides": 1
              },
              "non_striker": "EJ Villani",
              "runs": {
                "batter": 0,
                "extras": 1,
                "total": 1
              }
            },
            {
              "batter": "L Lee",
              "bowler": "B Vakarewa",
              "non_striker": "EJ Villani",
              "runs": {
                "batter": 1,
                "extras": 0,
                "total": 1
              }
            },
            {
              "batter": "EJ Villani",
              "bowler": "B Vakarewa",
              "non_striker": "L Lee",
              "runs": {
                "batter": 0,
                "extras": 0,
                "total": 0
              },
              "wickets": [
                {
                  "kind": "lbw",
                  "player_out": "EJ Villani"
                }
              ]
            },
            {
              "batter": "EJ Inglis",
              "bowler": "B Vakarewa",
              "non_striker": "L Lee",
              "runs": {
                "batter": 0,
                "extras": 0,
                "total": 0
              }
            },
            {
              "batter": "EJ Inglis",
              "bowler": "B Vakarewa",
              "non_striker": "L Lee",
              "runs": {
                "batter": 0,
                "extras": 0,
                "total": 0
              }
            }
          ]
        },
        {
          "over": 1,
          "deliveries": [
            {
              "batter": "L Lee",
              "bowler": "TJ Vlaeminck",
              "non_striker": "EJ Inglis",
              "runs": {
                "batter": 4,
                "extras": 0,
                "total": 4
              }
            },
            {
              "batter": "L Lee",
              "bowler": "TJ Vlaeminck",
              "non_striker": "EJ Inglis",
              "runs": {
                "batter": 0,
                "extras": 0,
                "total": 0
              }
            },
            {
              "batter": "L Lee",
              "bowler": "TJ Vlaeminck",
              "non_striker": "EJ Inglis",
              "runs": {
                "batter": 0,
                "extras": 0,
                "total": 0
              }
            },
            {
              "batter": "L Lee",
              "bowler": "TJ Vlaeminck",
              "extras": {
                "wides": 1
              },
              "non_striker": "EJ Inglis",
              "runs": {
                "batter": 0,
                "extras": 1,
                "total": 1
              }
            },
            {
              "batter": "L Lee",
              "bowler": "TJ Vlaeminck",
              "non_striker": "EJ Inglis",
              "runs": {
                "batter": 0,
                "extras": 0,
                "total": 0
              }
            },
            {
              "batter": "L Lee",
              "bowler": "TJ Vlaeminck",
              "non_striker": "EJ Inglis",
              "runs": {
                "batter": 0,
                "extras": 0,
                "total": 0
              }
            },
            {
              "batter": "L Lee",
              "bowler": "TJ Vlaeminck",
              "extras": {
                "wides": 1
              },
              "non_striker": "EJ Inglis",
              "runs": {
                "batter": 0,
                "extras": 1,
                "total": 1
              }
            },
            {
              "batter": "L Lee",
              "bowler": "TJ Vlaeminck",
              "non_striker": "EJ Inglis",
              "runs": {
                "batter": 2,
                "extras": 0,
                "total": 2
              }
            }
          ]
        },
        {
          "over": 2,
          "deliveries": [
            {
              "batter": "EJ Inglis",
              "bowler": "B Vakarewa",
              "non_striker": "L Lee",
              "runs": {
                "batter": 0,
                "extras": 0,
                "total": 0
              }
            },
            {
              "batter": "EJ Inglis",
              "bowler": "B Vakarewa",
              "non_striker": "L Lee",
              "runs": {
                "batter": 4,
                "extras": 0,
                "total": 4
              }
            },
            {
              "batter": "EJ Inglis",
              "bowler": "B Vakarewa",
              "non_striker": "L Lee",
              "runs": {
                "batter": 0,
                "extras": 0,
                "total": 0
              },
              "wickets": [
                {
                  "kind": "bowled",
                  "player_out": "EJ Inglis"
                }
              ]
            },
            {
              "batter": "M du Preez",
              "bowler": "B Vakarewa",
              "non_striker": "L Lee",
              "runs": {
                "batter": 0,
                "extras": 0,
                "total": 0
              }
            },
            {
              "batter": "M du Preez",
              "bowler": "B Vakarewa",
              "non_striker": "L Lee",
              "runs": {
                "batter": 0,
                "extras": 0,
                "total": 0
              }
            },
            {
              "batter": "M du Preez",
              "bowler": "B Vakarewa",
              "non_striker": "L Lee",
              "runs": {
                "batter": 4,
                "extras": 0,
                "total": 4
              }
            }
          ]
        },
        {
          "over": 3,
          "deliveries": [
            {
              "batter": "L Lee",
              "bowler": "NJ Carey",
              "non_striker": "M du Preez",
              "runs": {
                "batter": 1,
                "extras": 0,
                "total": 1
              }
            },
            {
              "batter": "M du Preez",
              "bowler": "NJ Carey",
              "extras": {
                "wides": 1
              },
              "non_striker": "L Lee",
              "runs": {
                "batter": 0,
                "extras": 1,
                "total": 1
              }
            },
            {
              "batter": "M du Preez",
              "bowler": "NJ Carey",
              "non_striker": "L Lee",
              "runs": {
                "batter": 0,
                "extras": 0,
                "total": 0
              }
            },
            {
              "batter": "M du Preez",
              "bowler": "NJ Carey",
              "extras": {
                "wides": 1
              },
              "non_striker": "L Lee",
              "runs": {
                "batter": 0,
                "extras": 1,
                "total": 1
              }
            },
            {
              "batter": "M du Preez",
              "bowler": "NJ Carey",
              "extras": {
                "wides": 1
              },
              "non_striker": "L Lee",
              "runs": {
                "batter": 0,
                "extras": 1,
                "total": 1
              }
            },
            {
              "batter": "M du Preez",
              "bowler": "NJ Carey",
              "non_striker": "L Lee",
              "runs": {
                "batter": 0,
                "extras": 0,
                "total": 0
              }
            },
            {
              "batter": "M du Preez",
              "bowler": "NJ Carey",
              "non_striker": "L Lee",
              "runs": {
                "batter": 0,
                "extras": 0,
                "total": 0
              }
            },
            {
              "batter": "M du Preez",
              "bowler": "NJ Carey",
              "extras": {
                "noballs": 1
              },
              "non_striker": "L Lee",
              "runs": {
                "batter": 4,
                "extras": 1,
                "total": 5
              }
            },
            {
              "batter": "M du Preez",
              "bowler": "NJ Carey",
              "non_striker": "L Lee",
              "runs": {
                "batter": 0,
                "extras": 0,
                "total": 0
              }
            },
            {
              "batter": "M du Preez",
              "bowler": "NJ Carey",
              "non_striker": "L Lee",
              "runs": {
                "batter": 0,
                "extras": 0,
                "total": 0
              }
            }
          ]
        },
        {
          "over": 4,
          "deliveries": [
            {
              "batter": "L Lee",
              "bowler": "ML Gibson",
              "non_striker": "M du Preez",
              "runs": {
                "batter": 1,
                "extras": 0,
                "total": 1
              }
            },
            {
              "batter": "M du Preez",
              "bowler": "ML Gibson",
              "non_striker": "L Lee",
              "runs": {
                "batter": 0,
                "extras": 0,
                "total": 0
              }
            },
            {
              "batter": "M du Preez",
              "bowler": "ML Gibson",
              "non_striker": "L Lee",
              "runs": {
                "batter": 4,
                "extras": 0,
                "total": 4
              }
            },
            {
              "batter": "M du Preez",
              "bowler": "ML Gibson",
              "non_striker": "L Lee",
              "runs": {
                "batter": 0,
                "extras": 0,
                "total": 0
              },
              "wickets": [
                {
                  "kind": "bowled",
                  "player_out": "M du Preez"
                }
              ]
            },
            {
              "batter": "KJ Martin",
              "bowler": "ML Gibson",
              "non_striker": "L Lee",
              "runs": {
                "batter": 0,
                "extras": 0,
                "total": 0
              },
              "wickets": [
                {
                  "kind": "caught",
                  "player_out": "KJ Martin",
                  "fielders": [
                    {
                      "name": "B Vakarewa"
                    }
                  ]
                }
              ]
            },
            {
              "batter": "EA Osborne",
              "bowler": "ML Gibson",
              "non_striker": "L Lee",
              "runs": {
                "batter": 0,
                "extras": 0,
                "total": 0
              }
            }
          ]
        },
        {
          "over": 5,
          "deliveries": [
            {
              "batter": "L Lee",
              "bowler": "TJ Vlaeminck",
              "non_striker": "EA Osborne",
              "runs": {
                "batter": 4,
                "extras": 0,
                "total": 4
              }
            },
            {
              "batter": "L Lee",
              "bowler": "TJ Vlaeminck",
              "extras": {
                "wides": 1
              },
              "non_striker": "EA Osborne",
              "runs": {
                "batter": 0,
                "extras": 1,
                "total": 1
              }
            },
            {
              "batter": "L Lee",
              "bowler": "TJ Vlaeminck",
              "non_striker": "EA Osborne",
              "runs": {
                "batter": 0,
                "extras": 0,
                "total": 0
              }
            },
            {
              "batter": "L Lee",
              "bowler": "TJ Vlaeminck",
              "non_striker": "EA Osborne",
              "runs": {
                "batter": 0,
                "extras": 0,
                "total": 0
              }
            },
            {
              "batter": "L Lee",
              "bowler": "TJ Vlaeminck",
              "non_striker": "EA Osborne",
              "runs": {
                "batter": 0,
                "extras": 0,
                "total": 0
              }
            },
            {
              "batter": "L Lee",
              "bowler": "TJ Vlaeminck",
              "non_striker": "EA Osborne",
              "runs": {
                "batter": 0,
                "extras": 0,
                "total": 0
              }
            },
            {
              "batter": "L Lee",
              "bowler": "TJ Vlaeminck",
              "non_striker": "EA Osborne",
              "runs": {
                "batter": 2,
                "extras": 0,
                "total": 2
              }
            }
          ]
        },
        {
          "over": 6,
          "deliveries": [
            {
              "batter": "EA Osborne",
              "bowler": "ML Gibson",
              "non_striker": "L Lee",
              "runs": {
                "batter": 0,
                "extras": 0,
                "total": 0
              }
            },
            {
              "batter": "EA Osborne",
              "bowler": "ML Gibson",
              "non_striker": "L Lee",
              "runs": {
                "batter": 0,
                "extras": 0,
                "total": 0
              }
            },
            {
              "batter": "EA Osborne",
              "bowler": "ML Gibson",
              "non_striker": "L Lee",
              "runs": {
                "batter": 1,
                "extras": 0,
                "total": 1
              }
            },
            {
              "batter": "L Lee",
              "bowler": "ML Gibson",
              "non_striker": "EA Osborne",
              "runs": {
                "batter": 1,
                "extras": 0,
                "total": 1
              }
            },
            {
              "batter": "EA Osborne",
              "bowler": "ML Gibson",
              "non_striker": "L Lee",
              "runs": {
                "batter": 0,
                "extras": 0,
                "total": 0
              }
            },
            {
              "batter": "EA Osborne",
              "bowler": "ML Gibson",
              "non_striker": "L Lee",
              "runs": {
                "batter": 1,
                "extras": 0,
                "total": 1
              }
            }
          ]
        },
        {
          "over": 7,
          "deliveries": [
            {
              "batter": "EA Osborne",
              "bowler": "HC Knight",
              "non_striker": "L Lee",
              "runs": {
                "batter": 0,
                "extras": 0,
                "total": 0
              }
            },
            {
              "batter": "EA Osborne",
              "bowler": "HC Knight",
              "non_striker": "L Lee",
              "runs": {
                "batter": 1,
                "extras": 0,
                "total": 1
              }
            },
            {
              "batter": "L Lee",
              "bowler": "HC Knight",
              "non_striker": "EA Osborne",
              "runs": {
                "batter": 0,
                "extras": 0,
                "total": 0
              }
            },
            {
              "batter": "L Lee",
              "bowler": "HC Knight",
              "non_striker": "EA Osborne",
              "runs": {
                "batter": 1,
                "extras": 0,
                "total": 1
              }
            },
            {
              "batter": "EA Osborne",
              "bowler": "HC Knight",
              "non_striker": "L Lee",
              "runs": {
                "batter": 4,
                "extras": 0,
                "total": 4
              }
            },
            {
              "batter": "EA Osborne",
              "bowler": "HC Knight",
              "non_striker": "L Lee",
              "runs": {
                "batter": 4,
                "extras": 0,
                "total": 4
              }
            }
          ]
        },
        {
          "over": 8,
          "deliveries": [
            {
              "batter": "L Lee",
              "bowler": "NJ Carey",
              "non_striker": "EA Osborne",
              "runs": {
                "batter": 4,
                "extras": 0,
                "total": 4
              }
            },
            {
              "batter": "L Lee",
              "bowler": "NJ Carey",
              "non_striker": "EA Osborne",
              "runs": {
                "batter": 1,
                "extras": 0,
                "total": 1
              }
            },
            {
              "batter": "EA Osborne",
              "bowler": "NJ Carey",
              "non_striker": "L Lee",
              "runs": {
                "batter": 1,
                "extras": 0,
                "total": 1
              }
            },
            {
              "batter": "L Lee",
              "bowler": "NJ Carey",
              "non_striker": "EA Osborne",
              "runs": {
                "batter": 0,
                "extras": 0,
                "total": 0
              }
            },
            {
              "batter": "L Lee",
              "bowler": "NJ Carey",
              "non_striker": "EA Osborne",
              "runs": {
                "batter": 0,
                "extras": 0,
                "total": 0
              }
            },
            {
              "batter": "L Lee",
              "bowler": "NJ Carey",
              "non_striker": "EA Osborne",
              "runs": {
                "batter": 2,
                "extras": 0,
                "total": 2
              }
            }
          ]
        },
        {
          "over": 9,
          "deliveries": [
            {
              "batter": "EA Osborne",
              "bowler": "HC Knight",
              "non_striker": "L Lee",
              "runs": {
                "batter": 1,
                "extras": 0,
                "total": 1
              }
            },
            {
              "batter": "L Lee",
              "bowler": "HC Knight",
              "non_striker": "EA Osborne",
              "runs": {
                "batter": 0,
                "extras": 0,
                "total": 0
              }
            },
            {
              "batter": "L Lee",
              "bowler": "HC Knight",
              "non_striker": "EA Osborne",
              "runs": {
                "batter": 0,
                "extras": 0,
                "total": 0
              },
              "wickets": [
                {
                  "kind": "caught",
                  "player_out": "L Lee",
                  "fielders": [
                    {
                      "name": "B Vakarewa"
                    }
                  ]
                }
              ]
            },
            {
              "batter": "A Sutherland",
              "bowler": "HC Knight",
              "non_striker": "EA Osborne",
              "runs": {
                "batter": 1,
                "extras": 0,
                "total": 1
              }
            },
            {
              "batter": "EA Osborne",
              "bowler": "HC Knight",
              "non_striker": "A Sutherland",
              "runs": {
                "batter": 1,
                "extras": 0,
                "total": 1
              }
            },
            {
              "batter": "A Sutherland",
              "bowler": "HC Knight",
              "non_striker": "EA Osborne",
              "runs": {
                "batter": 1,
                "extras": 0,
                "total": 1
              }
            }
          ]
        },
        {
          "over": 10,
          "deliveries": [
            {
              "batter": "A Sutherland",
              "bowler": "ML Gibson",
              "non_striker": "EA Osborne",
              "runs": {
                "batter": 1,
                "extras": 0,
                "total": 1
              }
            },
            {
              "batter": "EA Osborne",
              "bowler": "ML Gibson",
              "non_striker": "A Sutherland",
              "runs": {
                "batter": 2,
                "extras": 0,
                "total": 2
              }
            },
            {
              "batter": "EA Osborne",
              "bowler": "ML Gibson",
              "non_striker": "A Sutherland",
              "runs": {
                "batter": 0,
                "extras": 0,
                "total": 0
              },
              "wickets": [
                {
                  "kind": "run out",
                  "player_out": "A Sutherland"
                }
              ]
            },
            {
              "batter": "T Flintoff",
              "bowler": "ML Gibson",
              "non_striker": "EA Osborne",
              "runs": {
                "batter": 4,
                "extras": 0,
                "total": 4
              }
            },
            {
              "batter": "T Flintoff",
              "bowler": "ML Gibson",
              "non_striker": "EA Osborne",
              "runs": {
                "batter": 4,
                "extras": 0,
                "total": 4
              }
            },
            {
              "batter": "T Flintoff",
              "bowler": "ML Gibson",
              "non_striker": "EA Osborne",
              "runs": {
                "batter": 1,
                "extras": 0,
                "total": 1
              }
            }
          ]
        },
        {
          "over": 11,
          "deliveries": [
            {
              "batter": "T Flintoff",
              "bowler": "TJ Vlaeminck",
              "non_striker": "EA Osborne",
              "runs": {
                "batter": 1,
                "extras": 0,
                "total": 1
              }
            },
            {
              "batter": "EA Osborne",
              "bowler": "TJ Vlaeminck",
              "non_striker": "T Flintoff",
              "runs": {
                "batter": 0,
                "extras": 0,
                "total": 0
              }
            },
            {
              "batter": "EA Osborne",
              "bowler": "TJ Vlaeminck",
              "non_striker": "T Flintoff",
              "runs": {
                "batter": 0,
                "extras": 0,
                "total": 0
              }
            },
            {
              "batter": "EA Osborne",
              "bowler": "TJ Vlaeminck",
              "non_striker": "T Flintoff",
              "runs": {
                "batter": 2,
                "extras": 0,
                "total": 2
              }
            },
            {
              "batter": "EA Osborne",
              "bowler": "TJ Vlaeminck",
              "non_striker": "T Flintoff",
              "runs": {
                "batter": 1,
                "extras": 0,
                "total": 1
              }
            },
            {
              "batter": "T Flintoff",
              "bowler": "TJ Vlaeminck",
              "non_striker": "EA Osborne",
              "runs": {
                "batter": 0,
                "extras": 0,
                "total": 0
              }
            }
          ]
        },
        {
          "over": 12,
          "deliveries": [
            {
              "batter": "EA Osborne",
              "bowler": "NJ Carey",
              "non_striker": "T Flintoff",
              "runs": {
                "batter": 2,
                "extras": 0,
                "total": 2
              }
            },
            {
              "batter": "EA Osborne",
              "bowler": "NJ Carey",
              "non_striker": "T Flintoff",
              "runs": {
                "batter": 0,
                "extras": 0,
                "total": 0
              }
            },
            {
              "batter": "EA Osborne",
              "bowler": "NJ Carey",
              "non_striker": "T Flintoff",
              "runs": {
                "batter": 0,
                "extras": 0,
                "total": 0
              }
            },
            {
              "batter": "EA Osborne",
              "bowler": "NJ Carey",
              "non_striker": "T Flintoff",
              "runs": {
                "batter": 0,
                "extras": 0,
                "total": 0
              }
            },
            {
              "batter": "EA Osborne",
              "bowler": "NJ Carey",
              "non_striker": "T Flintoff",
              "runs": {
                "batter": 1,
                "extras": 0,
                "total": 1
              }
            },
            {
              "batter": "T Flintoff",
              "bowler": "NJ Carey",
              "non_striker": "EA Osborne",
              "runs": {
                "batter": 1,
                "extras": 0,
                "total": 1
              }
            }
          ]
        },
        {
          "over": 13,
          "deliveries": [
            {
              "batter": "T Flintoff",
              "bowler": "HC Knight",
              "non_striker": "EA Osborne",
              "runs": {
                "batter": 2,
                "extras": 0,
                "total": 2
              }
            },
            {
              "batter": "T Flintoff",
              "bowler": "HC Knight",
              "non_striker": "EA Osborne",
              "runs": {
                "batter": 3,
                "extras": 0,
                "total": 3
              }
            },
            {
              "batter": "EA Osborne",
              "bowler": "HC Knight",
              "non_striker": "T Flintoff",
              "runs": {
                "batter": 0,
                "extras": 0,
                "total": 0
              }
            },
            {
              "batter": "EA Osborne",
              "bowler": "HC Knight",
              "non_striker": "T Flintoff",
              "runs": {
                "batter": 4,
                "extras": 0,
                "total": 4
              }
            },
            {
              "batter": "EA Osborne",
              "bowler": "HC Knight",
              "non_striker": "T Flintoff",
              "runs": {
                "batter": 1,
                "extras": 0,
                "total": 1
              }
            },
            {
              "batter": "T Flintoff",
              "bowler": "HC Knight",
              "non_striker": "EA Osborne",
              "runs": {
                "batter": 1,
                "extras": 0,
                "total": 1
              }
            }
          ]
        },
        {
          "over": 14,
          "deliveries": [
            {
              "batter": "T Flintoff",
              "bowler": "B Vakarewa",
              "non_striker": "EA Osborne",
              "runs": {
                "batter": 0,
                "extras": 0,
                "total": 0
              }
            },
            {
              "batter": "T Flintoff",
              "bowler": "B Vakarewa",
              "non_striker": "EA Osborne",
              "runs": {
                "batter": 1,
                "extras": 0,
                "total": 1
              }
            },
            {
              "batter": "EA Osborne",
              "bowler": "B Vakarewa",
              "non_striker": "T Flintoff",
              "runs": {
                "batter": 1,
                "extras": 0,
                "total": 1
              }
            },
            {
              "batter": "T Flintoff",
              "bowler": "B Vakarewa",
              "non_striker": "EA Osborne",
              "runs": {
                "batter": 1,
                "extras": 0,
                "total": 1
              }
            },
            {
              "batter": "EA Osborne",
              "bowler": "B Vakarewa",
              "non_striker": "T Flintoff",
              "runs": {
                "batter": 1,
                "extras": 0,
                "total": 1
              }
            },
            {
              "batter": "T Flintoff",
              "bowler": "B Vakarewa",
              "non_striker": "EA Osborne",
              "runs": {
                "batter": 1,
                "extras": 0,
                "total": 1
              }
            }
          ]
        },
        {
          "over": 15,
          "deliveries": [
            {
              "batter": "T Flintoff",
              "bowler": "TJ Vlaeminck",
              "non_striker": "EA Osborne",
              "runs": {
                "batter": 1,
                "extras": 0,
                "total": 1
              }
            },
            {
              "batter": "EA Osborne",
              "bowler": "TJ Vlaeminck",
              "non_striker": "T Flintoff",
              "runs": {
                "batter": 0,
                "extras": 0,
                "total": 0
              }
            },
            {
              "batter": "EA Osborne",
              "bowler": "TJ Vlaeminck",
              "non_striker": "T Flintoff",
              "runs": {
                "batter": 4,
                "extras": 0,
                "total": 4
              }
            },
            {
              "batter": "EA Osborne",
              "bowler": "TJ Vlaeminck",
              "non_striker": "T Flintoff",
              "runs": {
                "batter": 2,
                "extras": 0,
                "total": 2
              }
            },
            {
              "batter": "EA Osborne",
              "bowler": "TJ Vlaeminck",
              "non_striker": "T Flintoff",
              "runs": {
                "batter": 1,
                "extras": 0,
                "total": 1
              }
            },
            {
              "batter": "T Flintoff",
              "bowler": "TJ Vlaeminck",
              "non_striker": "EA Osborne",
              "runs": {
                "batter": 0,
                "extras": 0,
                "total": 0
              }
            }
          ]
        },
        {
          "over": 16,
          "deliveries": [
            {
              "batter": "EA Osborne",
              "bowler": "NJ Carey",
              "non_striker": "T Flintoff",
              "runs": {
                "batter": 2,
                "extras": 0,
                "total": 2
              }
            },
            {
              "batter": "EA Osborne",
              "bowler": "NJ Carey",
              "non_striker": "T Flintoff",
              "runs": {
                "batter": 1,
                "extras": 0,
                "total": 1
              }
            },
            {
              "batter": "T Flintoff",
              "bowler": "NJ Carey",
              "non_striker": "EA Osborne",
              "runs": {
                "batter": 1,
                "extras": 0,
                "total": 1
              }
            },
            {
              "batter": "EA Osborne",
              "bowler": "NJ Carey",
              "non_striker": "T Flintoff",
              "runs": {
                "batter": 1,
                "extras": 0,
                "total": 1
              }
            },
            {
              "batter": "T Flintoff",
              "bowler": "NJ Carey",
              "non_striker": "EA Osborne",
              "runs": {
                "batter": 1,
                "extras": 0,
                "total": 1
              }
            },
            {
              "batter": "EA Osborne",
              "bowler": "NJ Carey",
              "non_striker": "T Flintoff",
              "runs": {
                "batter": 0,
                "extras": 0,
                "total": 0
              },
              "wickets": [
                {
                  "kind": "caught",
                  "player_out": "EA Osborne",
                  "fielders": [
                    {
                      "name": "FC Wilson"
                    }
                  ]
                }
              ]
            }
          ]
        },
        {
          "over": 17,
          "deliveries": [
            {
              "batter": "NM Hancock",
              "bowler": "HC Knight",
              "non_striker": "T Flintoff",
              "runs": {
                "batter": 0,
                "extras": 0,
                "total": 0
              }
            },
            {
              "batter": "NM Hancock",
              "bowler": "HC Knight",
              "non_striker": "T Flintoff",
              "runs": {
                "batter": 2,
                "extras": 0,
                "total": 2
              }
            },
            {
              "batter": "NM Hancock",
              "bowler": "HC Knight",
              "non_striker": "T Flintoff",
              "runs": {
                "batter": 1,
                "extras": 0,
                "total": 1
              }
            },
            {
              "batter": "T Flintoff",
              "bowler": "HC Knight",
              "non_striker": "NM Hancock",
              "runs": {
                "batter": 4,
                "extras": 0,
                "total": 4
              }
            },
            {
              "batter": "T Flintoff",
              "bowler": "HC Knight",
              "non_striker": "NM Hancock",
              "runs": {
                "batter": 1,
                "extras": 0,
                "total": 1
              }
            },
            {
              "batter": "NM Hancock",
              "bowler": "HC Knight",
              "non_striker": "T Flintoff",
              "runs": {
                "batter": 4,
                "extras": 0,
                "total": 4
              }
            }
          ]
        },
        {
          "over": 18,
          "deliveries": [
            {
              "batter": "T Flintoff",
              "bowler": "B Vakarewa",
              "extras": {
                "wides": 1
              },
              "non_striker": "NM Hancock",
              "runs": {
                "batter": 0,
                "extras": 1,
                "total": 1
              }
            },
            {
              "batter": "T Flintoff",
              "bowler": "B Vakarewa",
              "non_striker": "NM Hancock",
              "runs": {
                "batter": 1,
                "extras": 0,
                "total": 1
              }
            },
            {
              "batter": "NM Hancock",
              "bowler": "B Vakarewa",
              "non_striker": "T Flintoff",
              "runs": {
                "batter": 0,
                "extras": 0,
                "total": 0
              },
              "wickets": [
                {
                  "kind": "caught",
                  "player_out": "NM Hancock",
                  "fielders": [
                    {
                      "name": "ML Gibson"
                    }
                  ]
                }
              ]
            },
            {
              "batter": "CL Rafferty",
              "bowler": "B Vakarewa",
              "non_striker": "T Flintoff",
              "runs": {
                "batter": 2,
                "extras": 0,
                "total": 2
              }
            },
            {
              "batter": "CL Rafferty",
              "bowler": "B Vakarewa",
              "non_striker": "T Flintoff",
              "runs": {
                "batter": 2,
                "extras": 0,
                "total": 2
              }
            },
            {
              "batter": "CL Rafferty",
              "bowler": "B Vakarewa",
              "non_striker": "T Flintoff",
              "runs": {
                "batter": 2,
                "extras": 0,
                "total": 2
              }
            },
            {
              "batter": "CL Rafferty",
              "bowler": "B Vakarewa",
              "non_striker": "T Flintoff",
              "runs": {
                "batter": 0,
                "extras": 0,
                "total": 0
              }
            }
          ]
        },
        {
          "over": 19,
          "deliveries": [
            {
              "batter": "T Flintoff",
              "bowler": "ML Gibson",
              "non_striker": "CL Rafferty",
              "runs": {
                "batter": 4,
                "extras": 0,
                "total": 4
              }
            },
            {
              "batter": "T Flintoff",
              "bowler": "ML Gibson",
              "non_striker": "CL Rafferty",
              "runs": {
                "batter": 1,
                "extras": 0,
                "total": 1
              }
            },
            {
              "batter": "CL Rafferty",
              "bowler": "ML Gibson",
              "non_striker": "T Flintoff",
              "runs": {
                "batter": 0,
                "extras": 0,
                "total": 0
              }
            },
            {
              "batter": "CL Rafferty",
              "bowler": "ML Gibson",
              "non_striker": "T Flintoff",
              "runs": {
                "batter": 0,
                "extras": 0,
                "total": 0
              },
              "wickets": [
                {
                  "kind": "caught",
                  "player_out": "CL Rafferty",
                  "fielders": [
                    {
                      "name": "HC Knight"
                    }
                  ]
                }
              ]
            },
            {
              "batter": "KM Beams",
              "bowler": "ML Gibson",
              "non_striker": "T Flintoff",
              "runs": {
                "batter": 0,
                "extras": 0,
                "total": 0
              }
            },
            {
              "batter": "KM Beams",
              "bowler": "ML Gibson",
              "non_striker": "T Flintoff",
              "runs": {
                "batter": 1,
                "extras": 0,
                "total": 1
              }
            }
          ]
        }
      ],
      "powerplays": [
        {
          "from": 0.1,
          "to": 5.7,
          "type": "mandatory"
        }
      ],
      "target": {
        "overs": 20,
        "runs": 165
      }
    }
  ]
}