{
  "meta": {
    "data_version": "1.0.0",
    "created": "2019-11-08",
    "revision": 2
  },
  "info": {
    "balls_per_over": 6,
    "city": "Adelaide",
    "dates": [
      "2019-10-19"
    ],
    "event": {
      "name": "Women's Big Bash League",
      "match_number": 2
    },
    "gender": "female",
    "match_type": "T20",
    "officials": {
      "match_referees": [
        "Ian Thomas"
      ],
      "umpires": [
        "Harry Singh",
        "C Thomas"
      ]
    },
    "outcome": {
      "winner": "Adelaide Strikers",
      "by": {
        "wickets": 6
      }
    },
    "overs": 20,
    "player_of_match": [
      "SFM Devine"
    ],
    "players": {
      "Melbourne Renegades": [
        "S Molineux",
        "DN Wyatt",
        "TT Beaumont",
        "CJ Koski",
        "C Webb",
        "JE Duffin",
        "JE Dooley",
        "M Brown",
        "G Wareham",
        "M Strano",
        "LMM Tahuhu"
      ],
      "Adelaide Strikers": [
        "SFM Devine",
        "SW Bates",
        "TM McGrath",
        "BE Patterson",
        "SR Taylor",
        "KM Mack",
        "TJ McPharlin",
        "A Wellington",
        "SJ Coyte",
        "A Price",
        "ML Schutt"
      ]
    },
    "registry": {
      "people": {
        "A Price": "99e26cea",
        "A Wellington": "9b3bcca4",
        "BE Patterson": "7dfbcfff",
        "C Thomas": "68664af7",
        "C Webb": "1f4a8a2a",
        "CJ Koski": "0f00b4d7",
        "DN Wyatt": "a139c379",
        "G Wareham": "f0b4e47d",
        "Harry Singh": "9bb06571",
        "Ian Thomas": "d4c0dc60",
        "JE Duffin": "5ebc3941",
        "JE Dooley": "6f7e30d6",
        "KM Mack": "ef13bd20",
        "LMM Tahuhu": "60471339",
        "M Brown": "78bec461",
        "M Strano": "f57d5dbb",
        "ML Schutt": "17608a6f",
        "S Molineux": "99e23670",
        "SFM Devine": "de69af96",
        "SJ Coyte": "a5f488bc",
        "SR Taylor": "92cf79a8",
        "SW Bates": "89bbc67a",
        "TJ McPharlin": "595e1ee7",
        "TM McGrath": "ca5acfa4",
        "TT Beaumont": "b2664905"
      }
    },
    "season": "2019/20",
    "team_type": "club",
    "teams": [
      "Adelaide Strikers",
      "Melbourne Renegades"
    ],
    "toss": {
      "decision": "field",
      "winner": "Adelaide Strikers"
    },
    "venue": "Karen Rolton Oval"
  },
  "innings": [
    {
      "team": "Melbourne Renegades",
      "overs": [
        {
          "over": 0,
          "deliveries": [
            {
              "batter": "S Molineux",
              "bowler": "ML Schutt",
              "non_striker": "DN Wyatt",
              "runs": {
                "batter": 0,
                "extras": 0,
                "total": 0
              }
            },
            {
              "batter": "S Molineux",
              "bowler": "ML Schutt",
              "non_striker": "DN Wyatt",
              "runs": {
                "batter": 4,
                "extras": 0,
                "total": 4
              }
            },
            {
              "batter": "S Molineux",
              "bowler": "ML Schutt",
              "non_striker": "DN Wyatt",
              "runs": {
                "batter": 2,
                "extras": 0,
                "total": 2
              }
            },
            {
              "batter": "S Molineux",
              "bowler": "ML Schutt",
              "non_striker": "DN Wyatt",
              "runs": {
                "batter": 0,
                "extras": 0,
                "total": 0
              }
            },
            {
              "batter": "S Molineux",
              "bowler": "ML Schutt",
              "non_striker": "DN Wyatt",
              "runs": {
                "batter": 1,
                "extras": 0,
                "total": 1
              }
            },
            {
              "batter": "DN Wyatt",
              "bowler": "ML Schutt",
              "non_striker": "S Molineux",
              "runs": {
                "batter": 0,
                "extras": 0,
                "total": 0
              }
            }
          ]
        },
        {
          "over": 1,
          "deliveries": [
            {
              "batter": "S Molineux",
              "bowler": "SFM Devine",
              "non_striker": "DN Wyatt",
              "runs": {
                "batter": 1,
                "extras": 0,
                "total": 1
              }
            },
            {
              "batter": "DN Wyatt",
              "bowler": "SFM Devine",
              "non_striker": "S Molineux",
              "runs": {
                "batter": 0,
                "extras": 0,
                "total": 0
              }
            },
            {
              "batter": "DN Wyatt",
              "bowler": "SFM Devine",
              "non_striker": "S Molineux",
              "runs": {
                "batter": 1,
                "extras": 0,
                "total": 1
              }
            },
            {
              "batter": "S Molineux",
              "bowler": "SFM Devine",
              "non_striker": "DN Wyatt",
              "runs": {
                "batter": 1,
                "extras": 0,
                "total": 1
              }
            },
            {
              "batter": "DN Wyatt",
              "bowler": "SFM Devine",
              "non_striker": "S Molineux",
              "runs": {
                "batter": 0,
                "extras": 0,
                "total": 0
              }
            },
            {
              "batter": "DN Wyatt",
              "bowler": "SFM Devine",
              "non_striker": "S Molineux",
              "runs": {
                "batter": 0,
                "extras": 0,
                "total": 0
              }
            }
          ]
        },
        {
          "over": 2,
          "deliveries": [
            {
              "batter": "S Molineux",
              "bowler": "ML Schutt",
              "non_striker": "DN Wyatt",
              "runs": {
                "batter": 1,
                "extras": 0,
                "total": 1
              }
            },
            {
              "batter": "DN Wyatt",
              "bowler": "ML Schutt",
              "non_striker": "S Molineux",
              "runs": {
                "batter": 0,
                "extras": 0,
                "total": 0
              }
            },
            {
              "batter": "DN Wyatt",
              "bowler": "ML Schutt",
              "non_striker": "S Molineux",
              "runs": {
                "batter": 0,
                "extras": 0,
                "total": 0
              },
              "wickets": [
                {
                  "kind": "caught",
                  "player_out": "DN Wyatt",
                  "fielders": [
                    {
                      "name": "TJ McPharlin"
                    }
                  ]
                }
              ]
            },
            {
              "batter": "S Molineux",
              "bowler": "ML Schutt",
              "non_striker": "TT Beaumont",
              "runs": {
                "batter": 0,
                "extras": 0,
                "total": 0
              }
            },
            {
              "batter": "S Molineux",
              "bowler": "ML Schutt",
              "non_striker": "TT Beaumont",
              "runs": {
                "batter": 0,
                "extras": 0,
                "total": 0
              },
              "wickets": [
                {
                  "kind": "caught and bowled",
                  "player_out": "S Molineux"
                }
              ]
            },
            {
              "batter": "CJ Koski",
              "bowler": "ML Schutt",
              "non_striker": "TT Beaumont",
              "runs": {
                "batter": 1,
                "extras": 0,
                "total": 1
              }
            }
          ]
        },
        {
          "over": 3,
          "deliveries": [
            {
              "batter": "CJ Koski",
              "bowler": "SFM Devine",
              "non_striker": "TT Beaumont",
              "runs": {
                "batter": 0,
                "extras": 0,
                "total": 0
              }
            },
            {
              "batter": "CJ Koski",
              "bowler": "SFM Devine",
              "non_striker": "TT Beaumont",
              "runs": {
                "batter": 2,
                "extras": 0,
                "total": 2
              }
            },
            {
              "batter": "CJ Koski",
              "bowler": "SFM Devine",
              "non_striker": "TT Beaumont",
              "runs": {
                "batter": 1,
                "extras": 0,
                "total": 1
              }
            },
            {
              "batter": "TT Beaumont",
              "bowler": "SFM Devine",
              "non_striker": "CJ Koski",
              "runs": {
                "batter": 0,
                "extras": 0,
                "total": 0
              }
            },
            {
              "batter": "TT Beaumont",
              "bowler": "SFM Devine",
              "non_striker": "CJ Koski",
              "runs": {
                "batter": 0,
                "extras": 0,
                "total": 0
              }
            },
            {
              "batter": "TT Beaumont",
              "bowler": "SFM Devine",
              "non_striker": "CJ Koski",
              "runs": {
                "batter": 1,
                "extras": 0,
                "total": 1
              }
            }
          ]
        },
        {
          "over": 4,
          "deliveries": [
            {
              "batter": "TT Beaumont",
              "bowler": "ML Schutt",
              "extras": {
                "legbyes": 1
              },
              "non_striker": "CJ Koski",
              "runs": {
                "batter": 0,
                "extras": 1,
                "total": 1
              }
            },
            {
              "batter": "CJ Koski",
              "bowler": "ML Schutt",
              "non_striker": "TT Beaumont",
              "runs": {
                "batter": 1,
                "extras": 0,
                "total": 1
              }
            },
            {
              "batter": "TT Beaumont",
              "bowler": "ML Schutt",
              "non_striker": "CJ Koski",
              "runs": {
                "batter": 1,
                "extras": 0,
                "total": 1
              }
            },
            {
              "batter": "CJ Koski",
              "bowler": "ML Schutt",
              "non_striker": "TT Beaumont",
              "runs": {
                "batter": 0,
                "extras": 0,
                "total": 0
              }
            },
            {
              "batter": "CJ Koski",
              "bowler": "ML Schutt",
              "non_striker": "TT Beaumont",
              "runs": {
                "batter": 1,
                "extras": 0,
                "total": 1
              }
            },
            {
              "batter": "TT Beaumont",
              "bowler": "ML Schutt",
              "non_striker": "CJ Koski",
              "runs": {
                "batter": 0,
                "extras": 0,
                "total": 0
              }
            }
          ]
        },
        {
          "over": 5,
          "deliveries": [
            {
              "batter": "CJ Koski",
              "bowler": "SR Taylor",
              "non_striker": "TT Beaumont",
              "runs": {
                "batter": 0,
                "extras": 0,
                "total": 0
              },
              "wickets": [
                {
                  "kind": "caught",
                  "player_out": "CJ Koski",
                  "fielders": [
                    {
                      "name": "ML Schutt"
                    }
                  ]
                }
              ]
            },
            {
              "batter": "C Webb",
              "bowler": "SR Taylor",
              "non_striker": "TT Beaumont",
              "runs": {
                "batter": 0,
                "extras": 0,
                "total": 0
              }
            },
            {
              "batter": "C Webb",
              "bowler": "SR Taylor",
              "non_striker": "TT Beaumont",
              "runs": {
                "batter": 0,
                "extras": 0,
                "total": 0
              }
            },
            {
              "batter": "C Webb",
              "bowler": "SR Taylor",
              "non_striker": "TT Beaumont",
              "runs": {
                "batter": 1,
                "extras": 0,
                "total": 1
              }
            },
            {
              "batter": "TT Beaumont",
              "bowler": "SR Taylor",
              "non_striker": "C Webb",
              "runs": {
                "batter": 0,
                "extras": 0,
                "total": 0
              }
            },
            {
              "batter": "TT Beaumont",
              "bowler": "SR Taylor",
              "non_striker": "C Webb",
              "runs": {
                "batter": 0,
                "extras": 0,
                "total": 0
              },
              "wickets": [
                {
                  "kind": "bowled",
                  "player_out": "TT Beaumont"
                }
              ]
            }
          ]
        },
        {
          "over": 6,
          "deliveries": [
            {
              "batter": "C Webb",
              "bowler": "SJ Coyte",
              "non_striker": "JE Duffin",
              "runs": {
                "batter": 0,
                "extras": 0,
                "total": 0
              }
            },
            {
              "batter": "C Webb",
              "bowler": "SJ Coyte",
              "non_striker": "JE Duffin",
              "runs": {
                "batter": 0,
                "extras": 0,
                "total": 0
              }
            },
            {
              "batter": "C Webb",
              "bowler": "SJ Coyte",
              "non_striker": "JE Duffin",
              "runs": {
                "batter": 4,
                "extras": 0,
                "total": 4
              }
            },
            {
              "batter": "C Webb",
              "bowler": "SJ Coyte",
              "non_striker": "JE Duffin",
              "runs": {
                "batter": 1,
                "extras": 0,
                "total": 1
              }
            },
            {
              "batter": "JE Duffin",
              "bowler": "SJ Coyte",
              "non_striker": "C Webb",
              "runs": {
                "batter": 0,
                "extras": 0,
                "total": 0
              }
            },
            {
              "batter": "JE Duffin",
              "bowler": "SJ Coyte",
              "non_striker": "C Webb",
              "runs": {
                "batter": 1,
                "extras": 0,
                "total": 1
              }
            }
          ]
        },
        {
          "over": 7,
          "deliveries": [
            {
              "batter": "JE Duffin",
              "bowler": "A Wellington",
              "non_striker": "C Webb",
              "runs": {
                "batter": 1,
                "extras": 0,
                "total": 1
              }
            },
            {
              "batter": "C Webb",
              "bowler": "A Wellington",
              "non_striker": "JE Duffin",
              "runs": {
                "batter": 1,
                "extras": 0,
                "total": 1
              }
            },
            {
              "batter": "JE Duffin",
              "bowler": "A Wellington",
              "non_striker": "C Webb",
              "runs": {
                "batter": 1,
                "extras": 0,
                "total": 1
              }
            },
            {
              "batter": "C Webb",
              "bowler": "A Wellington",
              "non_striker": "JE Duffin",
              "runs": {
                "batter": 1,
                "extras": 0,
                "total": 1
              }
            },
            {
              "batter": "JE Duffin",
              "bowler": "A Wellington",
              "non_striker": "C Webb",
              "runs": {
                "batter": 0,
                "extras": 0,
                "total": 0
              }
            },
            {
              "batter": "JE Duffin",
              "bowler": "A Wellington",
              "non_striker": "C Webb",
              "runs": {
                "batter": 1,
                "extras": 0,
                "total": 1
              }
            }
          ]
        },
        {
          "over": 8,
          "deliveries": [
            {
              "batter": "JE Duffin",
              "bowler": "ML Schutt",
              "non_striker": "C Webb",
              "runs": {
                "batter": 0,
                "extras": 0,
                "total": 0
              }
            },
            {
              "batter": "JE Duffin",
              "bowler": "ML Schutt",
              "non_striker": "C Webb",
              "runs": {
                "batter": 1,
                "extras": 0,
                "total": 1
              }
            },
            {
              "batter": "C Webb",
              "bowler": "ML Schutt",
              "non_striker": "JE Duffin",
              "runs": {
                "batter": 0,
                "extras": 0,
                "total": 0
              }
            },
            {
              "batter": "C Webb",
              "bowler": "ML Schutt",
              "non_striker": "JE Duffin",
              "runs": {
                "batter": 0,
                "extras": 0,
                "total": 0
              }
            },
            {
              "batter": "C Webb",
              "bowler": "ML Schutt",
              "non_striker": "JE Duffin",
              "runs": {
                "batter": 0,
                "extras": 0,
                "total": 0
              }
            },
            {
              "batter": "C Webb",
              "bowler": "ML Schutt",
              "non_striker": "JE Duffin",
              "runs": {
                "batter": 0,
                "extras": 0,
                "total": 0
              }
            }
          ]
        },
        {
          "over": 9,
          "deliveries": [
            {
              "batter": "JE Duffin",
              "bowler": "A Wellington",
              "non_striker": "C Webb",
              "runs": {
                "batter": 1,
                "extras": 0,
                "total": 1
              }
            },
            {
              "batter": "C Webb",
              "bowler": "A Wellington",
              "non_striker": "JE Duffin",
              "runs": {
                "batter": 0,
                "extras": 0,
                "total": 0
              }
            },
            {
              "batter": "C Webb",
              "bowler": "A Wellington",
              "non_striker": "JE Duffin",
              "runs": {
                "batter": 1,
                "extras": 0,
                "total": 1
              }
            },
            {
              "batter": "JE Duffin",
              "bowler": "A Wellington",
              "non_striker": "C Webb",
              "runs": {
                "batter": 1,
                "extras": 0,
                "total": 1
              }
            },
            {
              "batter": "C Webb",
              "bowler": "A Wellington",
              "non_striker": "JE Duffin",
              "runs": {
                "batter": 0,
                "extras": 0,
                "total": 0
              }
            },
            {
              "batter": "C Webb",
              "bowler": "A Wellington",
              "non_striker": "JE Duffin",
              "runs": {
                "batter": 1,
                "extras": 0,
                "total": 1
              }
            }
          ]
        },
        {
          "over": 10,
          "deliveries": [
            {
              "batter": "C Webb",
              "bowler": "SFM Devine",
              "non_striker": "JE Duffin",
              "runs": {
                "batter": 0,
                "extras": 0,
                "total": 0
              }
            },
            {
              "batter": "C Webb",
              "bowler": "SFM Devine",
              "non_striker": "JE Duffin",
              "runs": {
                "batter": 1,
                "extras": 0,
                "total": 1
              }
            },
            {
              "batter": "JE Duffin",
              "bowler": "SFM Devine",
              "extras": {
                "wides": 1
              },
              "non_striker": "C Webb",
              "runs": {
                "batter": 0,
                "extras": 1,
                "total": 1
              }
            },
            {
              "batter": "JE Duffin",
              "bowler": "SFM Devine",
              "non_striker": "C Webb",
              "runs": {
                "batter": 1,
                "extras": 0,
                "total": 1
              }
            },
            {
              "batter": "C Webb",
              "bowler": "SFM Devine",
              "non_striker": "JE Duffin",
              "runs": {
                "batter": 1,
                "extras": 0,
                "total": 1
              }
            },
            {
              "batter": "JE Duffin",
              "bowler": "SFM Devine",
              "non_striker": "C Webb",
              "runs": {
                "batter": 0,
                "extras": 0,
                "total": 0
              }
            },
            {
              "batter": "JE Duffin",
              "bowler": "SFM Devine",
              "non_striker": "C Webb",
              "runs": {
                "batter": 2,
                "extras": 0,
                "total": 2
              }
            }
          ]
        },
        {
          "over": 11,
          "deliveries": [
            {
              "batter": "C Webb",
              "bowler": "SJ Coyte",
              "non_striker": "JE Duffin",
              "runs": {
                "batter": 1,
                "extras": 0,
                "total": 1
              }
            },
            {
              "batter": "JE Duffin",
              "bowler": "SJ Coyte",
              "non_striker": "C Webb",
              "runs": {
                "batter": 1,
                "extras": 0,
                "total": 1
              }
            },
            {
              "batter": "C Webb",
              "bowler": "SJ Coyte",
              "non_striker": "JE Duffin",
              "runs": {
                "batter": 1,
                "extras": 0,
                "total": 1
              }
            },
            {
              "batter": "JE Duffin",
              "bowler": "SJ Coyte",
              "non_striker": "C Webb",
              "runs": {
                "batter": 1,
                "extras": 0,
                "total": 1
              }
            },
            {
              "batter": "C Webb",
              "bowler": "SJ Coyte",
              "non_striker": "JE Duffin",
              "runs": {
                "batter": 1,
                "extras": 0,
                "total": 1
              }
            },
            {
              "batter": "JE Duffin",
              "bowler": "SJ Coyte",
              "non_striker": "C Webb",
              "runs": {
                "batter": 4,
                "extras": 0,
                "total": 4
              }
            }
          ]
        },
        {
          "over": 12,
          "deliveries": [
            {
              "batter": "C Webb",
              "bowler": "SR Taylor",
              "non_striker": "JE Duffin",
              "runs": {
                "batter": 1,
                "extras": 0,
                "total": 1
              }
            },
            {
              "batter": "JE Duffin",
              "bowler": "SR Taylor",
              "extras": {
                "wides": 1
              },
              "non_striker": "C Webb",
              "runs": {
                "batter": 0,
                "extras": 1,
                "total": 1
              }
            },
            {
              "batter": "JE Duffin",
              "bowler": "SR Taylor",
              "non_striker": "C Webb",
              "runs": {
                "batter": 1,
                "extras": 0,
                "total": 1
              }
            },
            {
              "batter": "C Webb",
              "bowler": "SR Taylor",
              "non_striker": "JE Duffin",
              "runs": {
                "batter": 0,
                "extras": 0,
                "total": 0
              },
              "wickets": [
                {
                  "kind": "stumped",
                  "player_out": "C Webb",
                  "fielders": [
                    {
                      "name": "TJ McPharlin"
                    }
                  ]
                }
              ]
            },
            {
              "batter": "JE Dooley",
              "bowler": "SR Taylor",
              "non_striker": "JE Duffin",
              "runs": {
                "batter": 1,
                "extras": 0,
                "total": 1
              }
            },
            {
              "batter": "JE Duffin",
              "bowler": "SR Taylor",
              "non_striker": "JE Dooley",
              "runs": {
                "batter": 1,
                "extras": 0,
                "total": 1
              }
            },
            {
              "batter": "JE Dooley",
              "bowler": "SR Taylor",
              "non_striker": "JE Duffin",
              "runs": {
                "batter": 0,
                "extras": 0,
                "total": 0
              }
            }
          ]
        },
        {
          "over": 13,
          "deliveries": [
            {
              "batter": "JE Duffin",
              "bowler": "A Wellington",
              "non_striker": "JE Dooley",
              "runs": {
                "batter": 1,
                "extras": 0,
                "total": 1
              }
            },
            {
              "batter": "JE Dooley",
              "bowler": "A Wellington",
              "non_striker": "JE Duffin",
              "runs": {
                "batter": 1,
                "extras": 0,
                "total": 1
              }
            },
            {
              "batter": "JE Duffin",
              "bowler": "A Wellington",
              "non_striker": "JE Dooley",
              "runs": {
                "batter": 2,
                "extras": 0,
                "total": 2
              }
            },
            {
              "batter": "JE Duffin",
              "bowler": "A Wellington",
              "non_striker": "JE Dooley",
              "runs": {
                "batter": 1,
                "extras": 0,
                "total": 1
              }
            },
            {
              "batter": "JE Dooley",
              "bowler": "A Wellington",
              "non_striker": "JE Duffin",
              "runs": {
                "batter": 0,
                "extras": 0,
                "total": 0
              }
            },
            {
              "batter": "JE Dooley",
              "bowler": "A Wellington",
              "non_striker": "JE Duffin",
              "runs": {
                "batter": 1,
                "extras": 0,
                "total": 1
              }
            }
          ]
        },
        {
          "over": 14,
          "deliveries": [
            {
              "batter": "JE Dooley",
              "bowler": "SR Taylor",
              "non_striker": "JE Duffin",
              "runs": {
                "batter": 1,
                "extras": 0,
                "total": 1
              }
            },
            {
              "batter": "JE Duffin",
              "bowler": "SR Taylor",
              "non_striker": "JE Dooley",
              "runs": {
                "batter": 1,
                "extras": 0,
                "total": 1
              }
            },
            {
              "batter": "JE Dooley",
              "bowler": "SR Taylor",
              "non_striker": "JE Duffin",
              "runs": {
                "batter": 0,
                "extras": 0,
                "total": 0
              }
            },
            {
              "batter": "JE Dooley",
              "bowler": "SR Taylor",
              "non_striker": "JE Duffin",
              "runs": {
                "batter": 4,
                "extras": 0,
                "total": 4
              }
            },
            {
              "batter": "JE Dooley",
              "bowler": "SR Taylor",
              "non_striker": "JE Duffin",
              "runs": {
                "batter": 2,
                "extras": 0,
                "total": 2
              }
            },
            {
              "batter": "JE Dooley",
              "bowler": "SR Taylor",
              "non_striker": "JE Duffin",
              "runs": {
                "batter": 1,
                "extras": 0,
                "total": 1
              }
            }
          ]
        },
        {
          "over": 15,
          "deliveries": [
            {
              "batter": "JE Dooley",
              "bowler": "A Wellington",
              "non_striker": "JE Duffin",
              "runs": {
                "batter": 0,
                "extras": 0,
                "total": 0
              }
            },
            {
              "batter": "JE Dooley",
              "bowler": "A Wellington",
              "non_striker": "JE Duffin",
              "runs": {
                "batter": 1,
                "extras": 0,
                "total": 1
              }
            },
            {
              "batter": "JE Duffin",
              "bowler": "A Wellington",
              "non_striker": "JE Dooley",
              "runs": {
                "batter": 2,
                "extras": 0,
                "total": 2
              }
            },
            {
              "batter": "JE Duffin",
              "bowler": "A Wellington",
              "non_striker": "JE Dooley",
              "runs": {
                "batter": 2,
                "extras": 0,
                "total": 2
              }
            },
            {
              "batter": "JE Duffin",
              "bowler": "A Wellington",
              "non_striker": "JE Dooley",
              "runs": {
                "batter": 4,
                "extras": 0,
                "total": 4
              }
            },
            {
              "batter": "JE Duffin",
              "bowler": "A Wellington",
              "non_striker": "JE Dooley",
              "runs": {
                "batter": 4,
                "extras": 0,
                "total": 4
              }
            }
          ]
        },
        {
          "over": 16,
          "deliveries": [
            {
              "batter": "JE Dooley",
              "bowler": "SJ Coyte",
              "non_striker": "JE Duffin",
              "runs": {
                "batter": 1,
                "extras": 0,
                "total": 1
              }
            },
            {
              "batter": "JE Duffin",
              "bowler": "SJ Coyte",
              "non_striker": "JE Dooley",
              "runs": {
                "batter": 4,
                "extras": 0,
                "total": 4
              }
            },
            {
              "batter": "JE Duffin",
              "bowler": "SJ Coyte",
              "non_striker": "JE Dooley",
              "runs": {
                "batter": 4,
                "extras": 0,
                "total": 4
              }
            },
            {
              "batter": "JE Duffin",
              "bowler": "SJ Coyte",
              "non_striker": "JE Dooley",
              "runs": {
                "batter": 0,
                "extras": 0,
                "total": 0
              }
            },
            {
              "batter": "JE Duffin",
              "bowler": "SJ Coyte",
              "non_striker": "JE Dooley",
              "runs": {
                "batter": 0,
                "extras": 0,
                "total": 0
              }
            },
            {
              "batter": "JE Duffin",
              "bowler": "SJ Coyte",
              "non_striker": "JE Dooley",
              "runs": {
                "batter": 1,
                "extras": 0,
                "total": 1
              }
            }
          ]
        },
        {
          "over": 17,
          "deliveries": [
            {
              "batter": "JE Duffin",
              "bowler": "SFM Devine",
              "non_striker": "JE Dooley",
              "runs": {
                "batter": 0,
                "extras": 0,
                "total": 0
              },
              "wickets": [
                {
                  "kind": "caught",
                  "player_out": "JE Duffin",
                  "fielders": [
                    {
                      "name": "SR Taylor"
                    }
                  ]
                }
              ]
            },
            {
              "batter": "M Brown",
              "bowler": "SFM Devine",
              "non_striker": "JE Dooley",
              "runs": {
                "batter": 1,
                "extras": 0,
                "total": 1
              }
            },
            {
              "batter": "JE Dooley",
              "bowler": "SFM Devine",
              "non_striker": "M Brown",
              "runs": {
                "batter": 0,
                "extras": 0,
                "total": 0
              }
            },
            {
              "batter": "JE Dooley",
              "bowler": "SFM Devine",
              "non_striker": "M Brown",
              "runs": {
                "batter": 1,
                "extras": 0,
                "total": 1
              }
            },
            {
              "batter": "M Brown",
              "bowler": "SFM Devine",
              "non_striker": "JE Dooley",
              "runs": {
                "batter": 0,
                "extras": 0,
                "total": 0
              }
            },
            {
              "batter": "M Brown",
              "bowler": "SFM Devine",
              "non_striker": "JE Dooley",
              "runs": {
                "batter": 1,
                "extras": 0,
                "total": 1
              }
            }
          ]
        },
        {
          "over": 18,
          "deliveries": [
            {
              "batter": "M Brown",
              "bowler": "SR Taylor",
              "non_striker": "JE Dooley",
              "runs": {
                "batter": 2,
                "extras": 0,
                "total": 2
              }
            },
            {
              "batter": "M Brown",
              "bowler": "SR Taylor",
              "non_striker": "JE Dooley",
              "runs": {
                "batter": 1,
                "extras": 0,
                "total": 1
              }
            },
            {
              "batter": "JE Dooley",
              "bowler": "SR Taylor",
              "non_striker": "M Brown",
              "runs": {
                "batter": 2,
                "extras": 0,
                "total": 2
              }
            },
            {
              "batter": "JE Dooley",
              "bowler": "SR Taylor",
              "non_striker": "M Brown",
              "runs": {
                "batter": 1,
                "extras": 0,
                "total": 1
              }
            },
            {
              "batter": "M Brown",
              "bowler": "SR Taylor",
              "non_striker": "JE Dooley",
              "runs": {
                "batter": 4,
                "extras": 0,
                "total": 4
              }
            },
            {
              "batter": "M Brown",
              "bowler": "SR Taylor",
              "non_striker": "JE Dooley",
              "runs": {
                "batter": 1,
                "extras": 0,
                "total": 1
              }
            }
          ]
        },
        {
          "over": 19,
          "deliveries": [
            {
              "batter": "M Brown",
              "bowler": "SJ Coyte",
              "non_striker": "JE Dooley",
              "runs": {
                "batter": 0,
                "extras": 0,
                "total": 0
              },
              "wickets": [
                {
                  "kind": "bowled",
                  "player_out": "M Brown"
                }
              ]
            },
            {
              "batter": "G Wareham",
              "bowler": "SJ Coyte",
              "non_striker": "JE Dooley",
              "runs": {
                "batter": 1,
                "extras": 0,
                "total": 1
              }
            },
            {
              "batter": "JE Dooley",
              "bowler": "SJ Coyte",
              "non_striker": "G Wareham",
              "runs": {
                "batter": 2,
                "extras": 0,
                "total": 2
              }
            },
            {
              "batter": "JE Dooley",
              "bowler": "SJ Coyte",
              "non_striker": "G Wareham",
              "runs": {
                "batter": 1,
                "extras": 0,
                "total": 1
              }
            },
            {
              "batter": "G Wareham",
              "bowler": "SJ Coyte",
              "non_striker": "JE Dooley",
              "runs": {
                "batter": 4,
                "extras": 0,
                "total": 4
              }
            },
            {
              "batter": "G Wareham",
              "bowler": "SJ Coyte",
              "non_striker": "JE Dooley",
              "runs": {
                "batter": 0,
                "extras": 0,
                "total": 0
              }
            }
          ]
        }
      ],
      "powerplays": [
        {
          "from": 0.1,
          "to": 5.6,
          "type": "mandatory"
        }
      ]
    },
    {
      "team": "Adelaide Strikers",
      "overs": [
        {
          "over": 0,
          "deliveries": [
            {
              "batter": "SFM Devine",
              "bowler": "S Molineux",
              "non_striker": "SW Bates",
              "runs": {
                "batter": 0,
                "extras": 0,
                "total": 0
              }
            },
            {
              "batter": "SFM Devine",
              "bowler": "S Molineux",
              "non_striker": "SW Bates",
              "runs": {
                "batter": 1,
                "extras": 0,
                "total": 1
              }
            },
            {
              "batter": "SW Bates",
              "bowler": "S Molineux",
              "non_striker": "SFM Devine",
              "runs": {
                "batter": 1,
                "extras": 0,
                "total": 1
              }
            },
            {
              "batter": "SFM Devine",
              "bowler": "S Molineux",
              "non_striker": "SW Bates",
              "runs": {
                "batter": 0,
                "extras": 0,
                "total": 0
              }
            },
            {
              "batter": "SFM Devine",
              "bowler": "S Molineux",
              "non_striker": "SW Bates",
              "runs": {
                "batter": 1,
                "extras": 0,
                "total": 1
              }
            },
            {
              "batter": "SW Bates",
              "bowler": "S Molineux",
              "non_striker": "SFM Devine",
              "runs": {
                "batter": 1,
                "extras": 0,
                "total": 1
              }
            }
          ]
        },
        {
          "over": 1,
          "deliveries": [
            {
              "batter": "SW Bates",
              "bowler": "LMM Tahuhu",
              "non_striker": "SFM Devine",
              "runs": {
                "batter": 0,
                "extras": 0,
                "total": 0
              },
              "wickets": [
                {
                  "kind": "caught",
                  "player_out": "SW Bates",
                  "fielders": [
                    {
                      "name": "JE Dooley"
                    }
                  ]
                }
              ]
            },
            {
              "batter": "TM McGrath",
              "bowler": "LMM Tahuhu",
              "non_striker": "SFM Devine",
              "runs": {
                "batter": 0,
                "extras": 0,
                "total": 0
              }
            },
            {
              "batter": "TM McGrath",
              "bowler": "LMM Tahuhu",
              "non_striker": "SFM Devine",
              "runs": {
                "batter": 0,
                "extras": 0,
                "total": 0
              }
            },
            {
              "batter": "TM McGrath",
              "bowler": "LMM Tahuhu",
              "non_striker": "SFM Devine",
              "runs": {
                "batter": 0,
                "extras": 0,
                "total": 0
              }
            },
            {
              "batter": "TM McGrath",
              "bowler": "LMM Tahuhu",
              "non_striker": "SFM Devine",
              "runs": {
                "batter": 0,
                "extras": 0,
                "total": 0
              },
              "wickets": [
                {
                  "kind": "caught",
                  "player_out": "TM McGrath",
                  "fielders": [
                    {
                      "name": "JE Dooley"
                    }
                  ]
                }
              ]
            },
            {
              "batter": "BE Patterson",
              "bowler": "LMM Tahuhu",
              "non_striker": "SFM Devine",
              "runs": {
                "batter": 0,
                "extras": 0,
                "total": 0
              }
            }
          ]
        },
        {
          "over": 2,
          "deliveries": [
            {
              "batter": "SFM Devine",
              "bowler": "M Strano",
              "non_striker": "BE Patterson",
              "runs": {
                "batter": 6,
                "extras": 0,
                "total": 6
              }
            },
            {
              "batter": "SFM Devine",
              "bowler": "M Strano",
              "non_striker": "BE Patterson",
              "runs": {
                "batter": 1,
                "extras": 0,
                "total": 1
              }
            },
            {
              "batter": "BE Patterson",
              "bowler": "M Strano",
              "non_striker": "SFM Devine",
              "runs": {
                "batter": 0,
                "extras": 0,
                "total": 0
              }
            },
            {
              "batter": "BE Patterson",
              "bowler": "M Strano",
              "non_striker": "SFM Devine",
              "runs": {
                "batter": 4,
                "extras": 0,
                "total": 4
              }
            },
            {
              "batter": "BE Patterson",
              "bowler": "M Strano",
              "non_striker": "SFM Devine",
              "runs": {
                "batter": 1,
                "extras": 0,
                "total": 1
              }
            },
            {
              "batter": "SFM Devine",
              "bowler": "M Strano",
              "non_striker": "BE Patterson",
              "runs": {
                "batter": 4,
                "extras": 0,
                "total": 4
              }
            }
          ]
        },
        {
          "over": 3,
          "deliveries": [
            {
              "batter": "BE Patterson",
              "bowler": "LMM Tahuhu",
              "non_striker": "SFM Devine",
              "runs": {
                "batter": 0,
                "extras": 0,
                "total": 0
              }
            },
            {
              "batter": "BE Patterson",
              "bowler": "LMM Tahuhu",
              "non_striker": "SFM Devine",
              "runs": {
                "batter": 0,
                "extras": 0,
                "total": 0
              }
            },
            {
              "batter": "BE Patterson",
              "bowler": "LMM Tahuhu",
              "non_striker": "SFM Devine",
              "runs": {
                "batter": 0,
                "extras": 0,
                "total": 0
              }
            },
            {
              "batter": "BE Patterson",
              "bowler": "LMM Tahuhu",
              "non_striker": "SFM Devine",
              "runs": {
                "batter": 4,
                "extras": 0,
                "total": 4
              }
            },
            {
              "batter": "BE Patterson",
              "bowler": "LMM Tahuhu",
              "non_striker": "SFM Devine",
              "runs": {
                "batter": 0,
                "extras": 0,
                "total": 0
              }
            },
            {
              "batter": "BE Patterson",
              "bowler": "LMM Tahuhu",
              "non_striker": "SFM Devine",
              "runs": {
                "batter": 1,
                "extras": 0,
                "total": 1
              }
            }
          ]
        },
        {
          "over": 4,
          "deliveries": [
            {
              "batter": "BE Patterson",
              "bowler": "M Brown",
              "extras": {
                "wides": 1
              },
              "non_striker": "SFM Devine",
              "runs": {
                "batter": 0,
                "extras": 1,
                "total": 1
              }
            },
            {
              "batter": "BE Patterson",
              "bowler": "M Brown",
              "non_striker": "SFM Devine",
              "runs": {
                "batter": 0,
                "extras": 0,
                "total": 0
              }
            },
            {
              "batter": "BE Patterson",
              "bowler": "M Brown",
              "non_striker": "SFM Devine",
              "runs": {
                "batter": 1,
                "extras": 0,
                "total": 1
              }
            },
            {
              "batter": "SFM Devine",
              "bowler": "M Brown",
              "non_striker": "BE Patterson",
              "runs": {
                "batter": 0,
                "extras": 0,
                "total": 0
              }
            },
            {
              "batter": "SFM Devine",
              "bowler": "M Brown",
              "non_striker": "BE Patterson",
              "runs": {
                "batter": 4,
                "extras": 0,
                "total": 4
              }
            },
            {
              "batter": "SFM Devine",
              "bowler": "M Brown",
              "non_striker": "BE Patterson",
              "runs": {
                "batter": 1,
                "extras": 0,
                "total": 1
              }
            },
            {
              "batter": "BE Patterson",
              "bowler": "M Brown",
              "non_striker": "SFM Devine",
              "runs": {
                "batter": 0,
                "extras": 0,
                "total": 0
              },
              "wickets": [
                {
                  "kind": "bowled",
                  "player_out": "BE Patterson"
                }
              ]
            }
          ]
        },
        {
          "over": 5,
          "deliveries": [
            {
              "batter": "SFM Devine",
              "bowler": "LMM Tahuhu",
              "non_striker": "SR Taylor",
              "runs": {
                "batter": 4,
                "extras": 0,
                "total": 4
              }
            },
            {
              "batter": "SFM Devine",
              "bowler": "LMM Tahuhu",
              "non_striker": "SR Taylor",
              "runs": {
                "batter": 1,
                "extras": 0,
                "total": 1
              }
            },
            {
              "batter": "SR Taylor",
              "bowler": "LMM Tahuhu",
              "non_striker": "SFM Devine",
              "runs": {
                "batter": 0,
                "extras": 0,
                "total": 0
              }
            },
            {
              "batter": "SR Taylor",
              "bowler": "LMM Tahuhu",
              "non_striker": "SFM Devine",
              "runs": {
                "batter": 0,
                "extras": 0,
                "total": 0
              }
            },
            {
              "batter": "SR Taylor",
              "bowler": "LMM Tahuhu",
              "extras": {
                "wides": 1
              },
              "non_striker": "SFM Devine",
              "runs": {
                "batter": 0,
                "extras": 1,
                "total": 1
              }
            },
            {
              "batter": "SR Taylor",
              "bowler": "LMM Tahuhu",
              "non_striker": "SFM Devine",
              "runs": {
                "batter": 0,
                "extras": 0,
                "total": 0
              }
            },
            {
              "batter": "SR Taylor",
              "bowler": "LMM Tahuhu",
              "non_striker": "SFM Devine",
              "runs": {
                "batter": 1,
                "extras": 0,
                "total": 1
              }
            }
          ]
        },
        {
          "over": 6,
          "deliveries": [
            {
              "batter": "SR Taylor",
              "bowler": "M Brown",
              "non_striker": "SFM Devine",
              "runs": {
                "batter": 1,
                "extras": 0,
                "total": 1
              }
            },
            {
              "batter": "SFM Devine",
              "bowler": "M Brown",
              "non_striker": "SR Taylor",
              "runs": {
                "batter": 0,
                "extras": 0,
                "total": 0
              }
            },
            {
              "batter": "SFM Devine",
              "bowler": "M Brown",
              "non_striker": "SR Taylor",
              "runs": {
                "batter": 0,
                "extras": 0,
                "total": 0
              }
            },
            {
              "batter": "SFM Devine",
              "bowler": "M Brown",
              "non_striker": "SR Taylor",
              "runs": {
                "batter": 0,
                "extras": 0,
                "total": 0
              }
            },
            {
              "batter": "SFM Devine",
              "bowler": "M Brown",
              "non_striker": "SR Taylor",
              "runs": {
                "batter": 2,
                "extras": 0,
                "total": 2
              }
            },
            {
              "batter": "SFM Devine",
              "bowler": "M Brown",
              "non_striker": "SR Taylor",
              "runs": {
                "batter": 0,
                "extras": 0,
                "total": 0
              }
            }
          ]
        },
        {
          "over": 7,
          "deliveries": [
            {
              "batter": "SR Taylor",
              "bowler": "G Wareham",
              "extras": {
                "wides": 1
              },
              "non_striker": "SFM Devine",
              "runs": {
                "batter": 0,
                "extras": 1,
                "total": 1
              }
            },
            {
              "batter": "SR Taylor",
              "bowler": "G Wareham",
              "non_striker": "SFM Devine",
              "runs": {
                "batter": 1,
                "extras": 0,
                "total": 1
              }
            },
            {
              "batter": "SFM Devine",
              "bowler": "G Wareham",
              "non_striker": "SR Taylor",
              "runs": {
                "batter": 6,
                "extras": 0,
                "total": 6
              }
            },
            {
              "batter": "SFM Devine",
              "bowler": "G Wareham",
              "non_striker": "SR Taylor",
              "runs": {
                "batter": 6,
                "extras": 0,
                "total": 6
              }
            },
            {
              "batter": "SFM Devine",
              "bowler": "G Wareham",
              "non_striker": "SR Taylor",
              "runs": {
                "batter": 1,
                "extras": 0,
                "total": 1
              }
            },
            {
              "batter": "SR Taylor",
              "bowler": "G Wareham",
              "non_striker": "SFM Devine",
              "runs": {
                "batter": 1,
                "extras": 0,
                "total": 1
              }
            },
            {
              "batter": "SFM Devine",
              "bowler": "G Wareham",
              "non_striker": "SR Taylor",
              "runs": {
                "batter": 0,
                "extras": 0,
                "total": 0
              }
            }
          ]
        },
        {
          "over": 8,
          "deliveries": [
            {
              "batter": "SR Taylor",
              "bowler": "S Molineux",
              "non_striker": "SFM Devine",
              "runs": {
                "batter": 0,
                "extras": 0,
                "total": 0
              }
            },
            {
              "batter": "SR Taylor",
              "bowler": "S Molineux",
              "non_striker": "SFM Devine",
              "runs": {
                "batter": 0,
                "extras": 0,
                "total": 0
              }
            },
            {
              "batter": "SR Taylor",
              "bowler": "S Molineux",
              "non_striker": "SFM Devine",
              "runs": {
                "batter": 1,
                "extras": 0,
                "total": 1
              }
            },
            {
              "batter": "SFM Devine",
              "bowler": "S Molineux",
              "non_striker": "SR Taylor",
              "runs": {
                "batter": 1,
                "extras": 0,
                "total": 1
              }
            },
            {
              "batter": "SR Taylor",
              "bowler": "S Molineux",
              "non_striker": "SFM Devine",
              "runs": {
                "batter": 1,
                "extras": 0,
                "total": 1
              }
            },
            {
              "batter": "SFM Devine",
              "bowler": "S Molineux",
              "non_striker": "SR Taylor",
              "runs": {
                "batter": 1,
                "extras": 0,
                "total": 1
              }
            }
          ]
        },
        {
          "over": 9,
          "deliveries": [
            {
              "batter": "SFM Devine",
              "bowler": "M Strano",
              "non_striker": "SR Taylor",
              "runs": {
                "batter": 0,
                "extras": 0,
                "total": 0
              }
            },
            {
              "batter": "SFM Devine",
              "bowler": "M Strano",
              "non_striker": "SR Taylor",
              "runs": {
                "batter": 1,
                "extras": 0,
                "total": 1
              }
            },
            {
              "batter": "SR Taylor",
              "bowler": "M Strano",
              "non_striker": "SFM Devine",
              "runs": {
                "batter": 1,
                "extras": 0,
                "total": 1
              }
            },
            {
              "batter": "SFM Devine",
              "bowler": "M Strano",
              "non_striker": "SR Taylor",
              "runs": {
                "batter": 0,
                "extras": 0,
                "total": 0
              }
            },
            {
              "batter": "SFM Devine",
              "bowler": "M Strano",
              "non_striker": "SR Taylor",
              "runs": {
                "batter": 6,
                "extras": 0,
                "total": 6
              }
            },
            {
              "batter": "SFM Devine",
              "bowler": "M Strano",
              "non_striker": "SR Taylor",
              "runs": {
                "batter": 2,
                "extras": 0,
                "total": 2
              }
            }
          ]
        },
        {
          "over": 10,
          "deliveries": [
            {
              "batter": "SR Taylor",
              "bowler": "S Molineux",
              "non_striker": "SFM Devine",
              "runs": {
                "batter": 1,
                "extras": 0,
                "total": 1
              }
            },
            {
              "batter": "SFM Devine",
              "bowler": "S Molineux",
              "non_striker": "SR Taylor",
              "runs": {
                "batter": 1,
                "extras": 0,
                "total": 1
              }
            },
            {
              "batter": "SR Taylor",
              "bowler": "S Molineux",
              "non_striker": "SFM Devine",
              "runs": {
                "batter": 0,
                "extras": 0,
                "total": 0
              }
            },
            {
              "batter": "SR Taylor",
              "bowler": "S Molineux",
              "non_striker": "SFM Devine",
              "runs": {
                "batter": 4,
                "extras": 0,
                "total": 4
              }
            },
            {
              "batter": "SR Taylor",
              "bowler": "S Molineux",
              "non_striker": "SFM Devine",
              "runs": {
                "batter": 0,
                "extras": 0,
                "total": 0
              }
            },
            {
              "batter": "SR Taylor",
              "bowler": "S Molineux",
              "non_striker": "SFM Devine",
              "runs": {
                "batter": 1,
                "extras": 0,
                "total": 1
              }
            }
          ]
        },
        {
          "over": 11,
          "deliveries": [
            {
              "batter": "SR Taylor",
              "bowler": "LMM Tahuhu",
              "non_striker": "SFM Devine",
              "runs": {
                "batter": 1,
                "extras": 0,
                "total": 1
              }
            },
            {
              "batter": "SFM Devine",
              "bowler": "LMM Tahuhu",
              "non_striker": "SR Taylor",
              "runs": {
                "batter": 1,
                "extras": 0,
                "total": 1
              }
            },
            {
              "batter": "SR Taylor",
              "bowler": "LMM Tahuhu",
              "non_striker": "SFM Devine",
              "runs": {
                "batter": 4,
                "extras": 0,
                "total": 4
              }
            },
            {
              "batter": "SR Taylor",
              "bowler": "LMM Tahuhu",
              "non_striker": "SFM Devine",
              "runs": {
                "batter": 1,
                "extras": 0,
                "total": 1
              }
            },
            {
              "batter": "SFM Devine",
              "bowler": "LMM Tahuhu",
              "extras": {
                "noballs": 1
              },
              "non_striker": "SR Taylor",
              "runs": {
                "batter": 0,
                "extras": 1,
                "total": 1
              }
            },
            {
              "batter": "SFM Devine",
              "bowler": "LMM Tahuhu",
              "non_striker": "SR Taylor",
              "runs": {
                "batter": 0,
                "extras": 0,
                "total": 0
              }
            },
            {
              "batter": "SFM Devine",
              "bowler": "LMM Tahuhu",
              "non_striker": "SR Taylor",
              "runs": {
                "batter": 0,
                "extras": 0,
                "total": 0
              }
            }
          ]
        },
        {
          "over": 12,
          "deliveries": [
            {
              "batter": "SR Taylor",
              "bowler": "CJ Koski",
              "non_striker": "SFM Devine",
              "runs": {
                "batter": 1,
                "extras": 0,
                "total": 1
              }
            },
            {
              "batter": "SFM Devine",
              "bowler": "CJ Koski",
              "non_striker": "SR Taylor",
              "runs": {
                "batter": 0,
                "extras": 0,
                "total": 0
              }
            },
            {
              "batter": "SFM Devine",
              "bowler": "CJ Koski",
              "non_striker": "SR Taylor",
              "runs": {
                "batter": 2,
                "extras": 0,
                "total": 2
              }
            },
            {
              "batter": "SFM Devine",
              "bowler": "CJ Koski",
              "non_striker": "SR Taylor",
              "runs": {
                "batter": 1,
                "extras": 0,
                "total": 1
              }
            },
            {
              "batter": "SR Taylor",
              "bowler": "CJ Koski",
              "non_striker": "SFM Devine",
              "runs": {
                "batter": 1,
                "extras": 0,
                "total": 1
              }
            },
            {
              "batter": "SFM Devine",
              "bowler": "CJ Koski",
              "non_striker": "SR Taylor",
              "runs": {
                "batter": 1,
                "extras": 0,
                "total": 1
              }
            }
          ]
        },
        {
          "over": 13,
          "deliveries": [
            {
              "batter": "SFM Devine",
              "bowler": "M Brown",
              "non_striker": "SR Taylor",
              "runs": {
                "batter": 1,
                "extras": 0,
                "total": 1
              }
            },
            {
              "batter": "SR Taylor",
              "bowler": "M Brown",
              "non_striker": "SFM Devine",
              "runs": {
                "batter": 0,
                "extras": 0,
                "total": 0
              },
              "wickets": [
                {
                  "kind": "caught",
                  "player_out": "SR Taylor",
                  "fielders": [
                    {
                      "name": "JE Duffin"
                    }
                  ]
                }
              ]
            },
            {
              "batter": "KM Mack",
              "bowler": "M Brown",
              "non_striker": "SFM Devine",
              "runs": {
                "batter": 1,
                "extras": 0,
                "total": 1
              }
            },
            {
              "batter": "SFM Devine",
              "bowler": "M Brown",
              "non_striker": "KM Mack",
              "runs": {
                "batter": 2,
                "extras": 0,
                "total": 2
              }
            },
            {
              "batter": "SFM Devine",
              "bowler": "M Brown",
              "non_striker": "KM Mack",
              "runs": {
                "batter": 1,
                "extras": 0,
                "total": 1
              }
            },
            {
              "batter": "KM Mack",
              "bowler": "M Brown",
              "non_striker": "SFM Devine",
              "runs": {
                "batter": 0,
                "extras": 0,
                "total": 0
              }
            }
          ]
        },
        {
          "over": 14,
          "deliveries": [
            {
              "batter": "SFM Devine",
              "bowler": "CJ Koski",
              "non_striker": "KM Mack",
              "runs": {
                "batter": 1,
                "extras": 0,
                "total": 1
              }
            },
            {
              "batter": "KM Mack",
              "bowler": "CJ Koski",
              "non_striker": "SFM Devine",
              "runs": {
                "batter": 1,
                "extras": 0,
                "total": 1
              }
            },
            {
              "batter": "SFM Devine",
              "bowler": "CJ Koski",
              "non_striker": "KM Mack",
              "runs": {
                "batter": 4,
                "extras": 0,
                "total": 4
              }
            },
            {
              "batter": "SFM Devine",
              "bowler": "CJ Koski",
              "non_striker": "KM Mack",
              "runs": {
                "batter": 4,
                "extras": 0,
                "total": 4
              }
            },
            {
              "batter": "SFM Devine",
              "bowler": "CJ Koski",
              "non_striker": "KM Mack",
              "runs": {
                "batter": 0,
                "extras": 0,
                "total": 0
              }
            },
            {
              "batter": "SFM Devine",
              "bowler": "CJ Koski",
              "non_striker": "KM Mack",
              "runs": {
                "batter": 4,
                "extras": 0,
                "total": 4
              }
            }
          ]
        },
        {
          "over": 15,
          "deliveries": [
            {
              "batter": "KM Mack",
              "bowler": "G Wareham",
              "non_striker": "SFM Devine",
              "runs": {
                "batter": 4,
                "extras": 0,
                "total": 4
              }
            },
            {
              "batter": "KM Mack",
              "bowler": "G Wareham",
              "non_striker": "SFM Devine",
              "runs": {
                "batter": 4,
                "extras": 0,
                "total": 4
              }
            }
          ]
        }
      ],
      "powerplays": [
        {
          "from": 0.1,
          "to": 5.7,
          "type": "mandatory"
        }
      ],
      "target": {
        "overs": 20,
        "runs": 118
      }
    }
  ]
}