{
  "meta": {
    "data_version": "1.0.0",
    "created": "2019-12-02",
    "revision": 1
  },
  "info": {
    "balls_per_over": 6,
    "city": "Perth",
    "dates": [
      "2019-11-24"
    ],
    "event": {
      "name": "Women's Big Bash League",
      "match_number": 47
    },
    "gender": "female",
    "match_type": "T20",
    "officials": {
      "match_referees": [
        "Terry Prue"
      ],
      "umpires": [
        "T Steenholdt",
        "J Hewitt"
      ]
    },
    "outcome": {
      "winner": "Perth Scorchers",
      "by": {
        "wickets": 8
      }
    },
    "overs": 20,
    "player_of_match": [
      "MM Lanning"
    ],
    "players": {
      "Sydney Sixers": [
        "AJ Healy",
        "EA Burns",
        "A Gardner",
        "M Kapp",
        "HJ Armitage",
        "D van Niekerk",
        "LG Smith",
        "J Hicks",
        "SE Aley",
        "H Silver-holmes",
        "S Campbell"
      ],
      "Perth Scorchers": [
        "AE Jones",
        "MM Lanning",
        "NR Sciver",
        "NE Bolton",
        "G Redmayne",
        "H Graham",
        "C Piparo",
        "JL Barsby",
        "KJ Garth",
        "T Peschel",
        "SM Betts"
      ]
    },
    "registry": {
      "people": {
        "A Gardner": "bc969efb",
        "AE Jones": "b05e45e4",
        "AJ Healy": "321644de",
        "C Piparo": "276f3dde",
        "D van Niekerk": "8c5775f3",
        "EA Burns": "2e0b6638",
        "G Redmayne": "324b9eee",
        "H Graham": "99812d10",
        "H Silver-holmes": "2bfc7199",
        "HJ Armitage": "f05167d2",
        "J Hewitt": "bfe1c25f",
        "J Hicks": "38970358",
        "JL Barsby": "47bcaf7a",
        "KJ Garth": "0b69a844",
        "LG Smith": "9c515112",
        "M Kapp": "63e3b6b3",
        "MM Lanning": "27e003ce",
        "NE Bolton": "dd883071",
        "NR Sciver": "f3a18a0c",
        "S Campbell": "c6b09326",
        "SE Aley": "5be043df",
        "SM Betts": "c4fd751d",
        "T Peschel": "923402d8",
        "T Steenholdt": "715959cd",
        "Terry Prue": "16f16957"
      }
    },
    "season": "2019/20",
    "team_type": "club",
    "teams": [
      "Perth Scorchers",
      "Sydney Sixers"
    ],
    "toss": {
      "decision": "field",
      "winner": "Perth Scorchers"
    },
    "venue": "Lilac Hill Park"
  },
  "innings": [
    {
      "team": "Sydney Sixers",
      "overs": [
        {
          "over": 0,
          "deliveries": [
            {
              "batter": "AJ Healy",
              "bowler": "NR Sciver",
              "non_striker": "EA Burns",
              "runs": {
                "batter": 0,
                "extras": 0,
                "total": 0
              },
              "wickets": [
                {
                  "kind": "caught and bowled",
                  "player_out": "AJ Healy"
                }
              ]
            },
            {
              "batter": "A Gardner",
              "bowler": "NR Sciver",
              "non_striker": "EA Burns",
              "runs": {
                "batter": 0,
                "extras": 0,
                "total": 0
              }
            },
            {
              "batter": "A Gardner",
              "bowler": "NR Sciver",
              "non_striker": "EA Burns",
              "runs": {
                "batter": 1,
                "extras": 0,
                "total": 1
              }
            },
            {
              "batter": "EA Burns",
              "bowler": "NR Sciver",
              "non_striker": "A Gardner",
              "runs": {
                "batter": 0,
                "extras": 0,
                "total": 0
              }
            },
            {
              "batter": "EA Burns",
              "bowler": "NR Sciver",
              "non_striker": "A Gardner",
              "runs": {
                "batter": 0,
                "extras": 0,
                "total": 0
              }
            },
            {
              "batter": "EA Burns",
              "bowler": "NR Sciver",
              "non_striker": "A Gardner",
              "runs": {
                "batter": 0,
                "extras": 0,
                "total": 0
              }
            }
          ]
        },
        {
          "over": 1,
          "deliveries": [
            {
              "batter": "A Gardner",
              "bowler": "T Peschel",
              "non_striker": "EA Burns",
              "runs": {
                "batter": 0,
                "extras": 0,
                "total": 0
              }
            },
            {
              "batter": "A Gardner",
              "bowler": "T Peschel",
              "non_striker": "EA Burns",
              "runs": {
                "batter": 0,
                "extras": 0,
                "total": 0
              }
            },
            {
              "batter": "A Gardner",
              "bowler": "T Peschel",
              "non_striker": "EA Burns",
              "runs": {
                "batter": 0,
                "extras": 0,
                "total": 0
              }
            },
            {
              "batter": "A Gardner",
              "bowler": "T Peschel",
              "non_striker": "EA Burns",
              "runs": {
                "batter": 0,
                "extras": 0,
                "total": 0
              }
            },
            {
              "batter": "A Gardner",
              "bowler": "T Peschel",
              "non_striker": "EA Burns",
              "runs": {
                "batter": 4,
                "extras": 0,
                "total": 4
              }
            },
            {
              "batter": "A Gardner",
              "bowler": "T Peschel",
              "non_striker": "EA Burns",
              "runs": {
                "batter": 1,
                "extras": 0,
                "total": 1
              }
            }
          ]
        },
        {
          "over": 2,
          "deliveries": [
            {
              "batter": "A Gardner",
              "bowler": "NR Sciver",
              "non_striker": "EA Burns",
              "runs": {
                "batter": 0,
                "extras": 0,
                "total": 0
              }
            },
            {
              "batter": "A Gardner",
              "bowler": "NR Sciver",
              "non_striker": "EA Burns",
              "runs": {
                "batter": 0,
                "extras": 0,
                "total": 0
              }
            },
            {
              "batter": "A Gardner",
              "bowler": "NR Sciver",
              "non_striker": "EA Burns",
              "runs": {
                "batter": 6,
                "extras": 0,
                "total": 6
              }
            },
            {
              "batter": "A Gardner",
              "bowler": "NR Sciver",
              "non_striker": "EA Burns",
              "runs": {
                "batter": 0,
                "extras": 0,
                "total": 0
              }
            },
            {
              "batter": "A Gardner",
              "bowler": "NR Sciver",
              "non_striker": "EA Burns",
              "runs": {
                "batter": 0,
                "extras": 0,
                "total": 0
              }
            },
            {
              "batter": "A Gardner",
              "bowler": "NR Sciver",
              "non_striker": "EA Burns",
              "runs": {
                "batter": 0,
                "extras": 0,
                "total": 0
              }
            }
          ]
        },
        {
          "over": 3,
          "deliveries": [
            {
              "batter": "EA Burns",
              "bowler": "KJ Garth",
              "non_striker": "A Gardner",
              "runs": {
                "batter": 0,
                "extras": 0,
                "total": 0
              }
            },
            {
              "batter": "EA Burns",
              "bowler": "KJ Garth",
              "non_striker": "A Gardner",
              "runs": {
                "batter": 0,
                "extras": 0,
                "total": 0
              }
            },
            {
              "batter": "EA Burns",
              "bowler": "KJ Garth",
              "non_striker": "A Gardner",
              "runs": {
                "batter": 4,
                "extras": 0,
                "total": 4
              }
            },
            {
              "batter": "EA Burns",
              "bowler": "KJ Garth",
              "non_striker": "A Gardner",
              "runs": {
                "batter": 0,
                "extras": 0,
                "total": 0
              }
            },
            {
              "batter": "EA Burns",
              "bowler": "KJ Garth",
              "non_striker": "A Gardner",
              "runs": {
                "batter": 4,
                "extras": 0,
                "total": 4
              }
            },
            {
              "batter": "EA Burns",
              "bowler": "KJ Garth",
              "non_striker": "A Gardner",
              "runs": {
                "batter": 4,
                "extras": 0,
                "total": 4
              }
            }
          ]
        },
        {
          "over": 4,
          "deliveries": [
            {
              "batter": "A Gardner",
              "bowler": "T Peschel",
              "non_striker": "EA Burns",
              "runs": {
                "batter": 0,
                "extras": 0,
                "total": 0
              }
            },
            {
              "batter": "A Gardner",
              "bowler": "T Peschel",
              "non_striker": "EA Burns",
              "runs": {
                "batter": 1,
                "extras": 0,
                "total": 1
              }
            },
            {
              "batter": "EA Burns",
              "bowler": "T Peschel",
              "non_striker": "A Gardner",
              "runs": {
                "batter": 1,
                "extras": 0,
                "total": 1
              }
            },
            {
              "batter": "A Gardner",
              "bowler": "T Peschel",
              "non_striker": "EA Burns",
              "runs": {
                "batter": 4,
                "extras": 0,
                "total": 4
              }
            },
            {
              "batter": "A Gardner",
              "bowler": "T Peschel",
              "non_striker": "EA Burns",
              "runs": {
                "batter": 4,
                "extras": 0,
                "total": 4
              }
            },
            {
              "batter": "A Gardner",
              "bowler": "T Peschel",
              "extras": {
                "wides": 1
              },
              "non_striker": "EA Burns",
              "runs": {
                "batter": 0,
                "extras": 1,
                "total": 1
              }
            },
            {
              "batter": "A Gardner",
              "bowler": "T Peschel",
              "non_striker": "EA Burns",
              "runs": {
                "batter": 0,
                "extras": 0,
                "total": 0
              }
            }
          ]
        },
        {
          "over": 5,
          "deliveries": [
            {
              "batter": "EA Burns",
              "bowler": "NR Sciver",
              "non_striker": "A Gardner",
              "runs": {
                "batter": 1,
                "extras": 0,
                "total": 1
              }
            },
            {
              "batter": "A Gardner",
              "bowler": "NR Sciver",
              "non_striker": "EA Burns",
              "runs": {
                "batter": 0,
                "extras": 0,
                "total": 0
              }
            },
            {
              "batter": "A Gardner",
              "bowler": "NR Sciver",
              "non_striker": "EA Burns",
              "runs": {
                "batter": 6,
                "extras": 0,
                "total": 6
              }
            },
            {
              "batter": "A Gardner",
              "bowler": "NR Sciver",
              "non_striker": "EA Burns",
              "runs": {
                "batter": 0,
                "extras": 0,
                "total": 0
              }
            },
            {
              "batter": "A Gardner",
              "bowler": "NR Sciver",
              "non_striker": "EA Burns",
              "runs": {
                "batter": 4,
                "extras": 0,
                "total": 4
              }
            },
            {
              "batter": "A Gardner",
              "bowler": "NR Sciver",
              "non_striker": "EA Burns",
              "runs": {
                "batter": 1,
                "extras": 0,
                "total": 1
              }
            }
          ]
        },
        {
          "over": 6,
          "deliveries": [
            {
              "batter": "A Gardner",
              "bowler": "NE Bolton",
              "non_striker": "EA Burns",
              "runs": {
                "batter": 0,
                "extras": 0,
                "total": 0
              }
            },
            {
              "batter": "A Gardner",
              "bowler": "NE Bolton",
              "non_striker": "EA Burns",
              "runs": {
                "batter": 0,
                "extras": 0,
                "total": 0
              }
            },
            {
              "batter": "A Gardner",
              "bowler": "NE Bolton",
              "non_striker": "EA Burns",
              "runs": {
                "batter": 0,
                "extras": 0,
                "total": 0
              }
            },
            {
              "batter": "A Gardner",
              "bowler": "NE Bolton",
              "non_striker": "EA Burns",
              "runs": {
                "batter": 0,
                "extras": 0,
                "total": 0
              }
            },
            {
              "batter": "A Gardner",
              "bowler": "NE Bolton",
              "non_striker": "EA Burns",
              "runs": {
                "batter": 4,
                "extras": 0,
                "total": 4
              }
            },
            {
              "batter": "A Gardner",
              "bowler": "NE Bolton",
              "non_striker": "EA Burns",
              "runs": {
                "batter": 0,
                "extras": 0,
                "total": 0
              }
            }
          ]
        },
        {
          "over": 7,
          "deliveries": [
            {
              "batter": "EA Burns",
              "bowler": "H Graham",
              "non_striker": "A Gardner",
              "runs": {
                "batter": 1,
                "extras": 0,
                "total": 1
              }
            },
            {
              "batter": "A Gardner",
              "bowler": "H Graham",
              "non_striker": "EA Burns",
              "runs": {
                "batter": 1,
                "extras": 0,
                "total": 1
              }
            },
            {
              "batter": "EA Burns",
              "bowler": "H Graham",
              "non_striker": "A Gardner",
              "runs": {
                "batter": 0,
                "extras": 0,
                "total": 0
              }
            },
            {
              "batter": "EA Burns",
              "bowler": "H Graham",
              "non_striker": "A Gardner",
              "runs": {
                "batter": 0,
                "extras": 0,
                "total": 0
              }
            },
            {
              "batter": "EA Burns",
              "bowler": "H Graham",
              "non_striker": "A Gardner",
              "runs": {
                "batter": 1,
                "extras": 0,
                "total": 1
              }
            },
            {
              "batter": "A Gardner",
              "bowler": "H Graham",
              "non_striker": "EA Burns",
              "runs": {
                "batter": 4,
                "extras": 0,
                "total": 4
              }
            }
          ]
        },
        {
          "over": 8,
          "deliveries": [
            {
              "batter": "EA Burns",
              "bowler": "NE Bolton",
              "non_striker": "A Gardner",
              "runs": {
                "batter": 0,
                "extras": 0,
                "total": 0
              }
            },
            {
              "batter": "EA Burns",
              "bowler": "NE Bolton",
              "non_striker": "A Gardner",
              "runs": {
                "batter": 1,
                "extras": 0,
                "total": 1
              }
            },
            {
              "batter": "A Gardner",
              "bowler": "NE Bolton",
              "non_striker": "EA Burns",
              "runs": {
                "batter": 1,
                "extras": 0,
                "total": 1
              }
            },
            {
              "batter": "EA Burns",
              "bowler": "NE Bolton",
              "non_striker": "A Gardner",
              "runs": {
                "batter": 4,
                "extras": 0,
                "total": 4
              }
            },
            {
              "batter": "EA Burns",
              "bowler": "NE Bolton",
              "non_striker": "A Gardner",
              "runs": {
                "batter": 0,
                "extras": 0,
                "total": 0
              }
            },
            {
              "batter": "EA Burns",
              "bowler": "NE Bolton",
              "non_striker": "A Gardner",
              "runs": {
                "batter": 2,
                "extras": 0,
                "total": 2
              }
            }
          ]
        },
        {
          "over": 9,
          "deliveries": [
            {
              "batter": "A Gardner",
              "bowler": "KJ Garth",
              "non_striker": "EA Burns",
              "runs": {
                "batter": 4,
                "extras": 0,
                "total": 4
              }
            },
            {
              "batter": "A Gardner",
              "bowler": "KJ Garth",
              "non_striker": "EA Burns",
              "runs": {
                "batter": 0,
                "extras": 0,
                "total": 0
              }
            },
            {
              "batter": "A Gardner",
              "bowler": "KJ Garth",
              "non_striker": "EA Burns",
              "runs": {
                "batter": 4,
                "extras": 0,
                "total": 4
              }
            },
            {
              "batter": "A Gardner",
              "bowler": "KJ Garth",
              "non_striker": "EA Burns",
              "runs": {
                "batter": 1,
                "extras": 0,
                "total": 1
              }
            },
            {
              "batter": "EA Burns",
              "bowler": "KJ Garth",
              "non_striker": "A Gardner",
              "runs": {
                "batter": 0,
                "extras": 0,
                "total": 0
              }
            },
            {
              "batter": "EA Burns",
              "bowler": "KJ Garth",
              "non_striker": "A Gardner",
              "runs": {
                "batter": 0,
                "extras": 0,
                "total": 0
              }
            }
          ]
        },
        {
          "over": 10,
          "deliveries": [
            {
              "batter": "A Gardner",
              "bowler": "H Graham",
              "non_striker": "EA Burns",
              "runs": {
                "batter": 0,
                "extras": 0,
                "total": 0
              }
            },
            {
              "batter": "A Gardner",
              "bowler": "H Graham",
              "non_striker": "EA Burns",
              "runs": {
                "batter": 1,
                "extras": 0,
                "total": 1
              }
            },
            {
              "batter": "EA Burns",
              "bowler": "H Graham",
              "non_striker": "A Gardner",
              "runs": {
                "batter": 1,
                "extras": 0,
                "total": 1
              }
            },
            {
              "batter": "A Gardner",
              "bowler": "H Graham",
              "non_striker": "EA Burns",
              "runs": {
                "batter": 1,
                "extras": 0,
                "total": 1
              }
            },
            {
              "batter": "EA Burns",
              "bowler": "H Graham",
              "non_striker": "A Gardner",
              "runs": {
                "batter": 0,
                "extras": 0,
                "total": 0
              }
            },
            {
              "batter": "EA Burns",
              "bowler": "H Graham",
              "non_striker": "A Gardner",
              "runs": {
                "batter": 2,
                "extras": 0,
                "total": 2
              }
            }
          ]
        },
        {
          "over": 11,
          "deliveries": [
            {
              "batter": "A Gardner",
              "bowler": "SM Betts",
              "non_striker": "EA Burns",
              "runs": {
                "batter": 1,
                "extras": 0,
                "total": 1
              }
            },
            {
              "batter": "EA Burns",
              "bowler": "SM Betts",
              "non_striker": "A Gardner",
              "runs": {
                "batter": 1,
                "extras": 0,
                "total": 1
              }
            },
            {
              "batter": "A Gardner",
              "bowler": "SM Betts",
              "non_striker": "EA Burns",
              "runs": {
                "batter": 0,
                "extras": 0,
                "total": 0
              },
              "wickets": [
                {
                  "kind": "caught",
                  "player_out": "A Gardner",
                  "fielders": [
                    {
                      "name": "MM Lanning"
                    }
                  ]
                }
              ]
            },
            {
              "batter": "M Kapp",
              "bowler": "SM Betts",
              "non_striker": "EA Burns",
              "runs": {
                "batter": 1,
                "extras": 0,
                "total": 1
              }
            },
            {
              "batter": "EA Burns",
              "bowler": "SM Betts",
              "non_striker": "M Kapp",
              "runs": {
                "batter": 1,
                "extras": 0,
                "total": 1
              }
            },
            {
              "batter": "M Kapp",
              "bowler": "SM Betts",
              "non_striker": "EA Burns",
              "runs": {
                "batter": 0,
                "extras": 0,
                "total": 0
              }
            }
          ]
        },
        {
          "over": 12,
          "deliveries": [
            {
              "batter": "EA Burns",
              "bowler": "JL Barsby",
              "non_striker": "M Kapp",
              "runs": {
                "batter": 4,
                "extras": 0,
                "total": 4
              }
            },
            {
              "batter": "EA Burns",
              "bowler": "JL Barsby",
              "non_striker": "M Kapp",
              "runs": {
                "batter": 1,
                "extras": 0,
                "total": 1
              }
            },
            {
              "batter": "M Kapp",
              "bowler": "JL Barsby",
              "non_striker": "EA Burns",
              "runs": {
                "batter": 1,
                "extras": 0,
                "total": 1
              }
            },
            {
              "batter": "EA Burns",
              "bowler": "JL Barsby",
              "non_striker": "M Kapp",
              "runs": {
                "batter": 1,
                "extras": 0,
                "total": 1
              }
            },
            {
              "batter": "M Kapp",
              "bowler": "JL Barsby",
              "non_striker": "EA Burns",
              "runs": {
                "batter": 1,
                "extras": 0,
                "total": 1
              }
            },
            {
              "batter": "EA Burns",
              "bowler": "JL Barsby",
              "non_striker": "M Kapp",
              "runs": {
                "batter": 2,
                "extras": 0,
                "total": 2
              }
            }
          ]
        },
        {
          "over": 13,
          "deliveries": [
            {
              "batter": "M Kapp",
              "bowler": "SM Betts",
              "non_striker": "EA Burns",
              "runs": {
                "batter": 0,
                "extras": 0,
                "total": 0
              },
              "wickets": [
                {
                  "kind": "caught",
                  "player_out": "M Kapp",
                  "fielders": [
                    {
                      "name": "KJ Garth"
                    }
                  ]
                }
              ]
            },
            {
              "batter": "HJ Armitage",
              "bowler": "SM Betts",
              "non_striker": "EA Burns",
              "runs": {
                "batter": 0,
                "extras": 0,
                "total": 0
              }
            },
            {
              "batter": "HJ Armitage",
              "bowler": "SM Betts",
              "non_striker": "EA Burns",
              "runs": {
                "batter": 0,
                "extras": 0,
                "total": 0
              }
            },
            {
              "batter": "HJ Armitage",
              "bowler": "SM Betts",
              "non_striker": "EA Burns",
              "runs": {
                "batter": 1,
                "extras": 0,
                "total": 1
              }
            },
            {
              "batter": "EA Burns",
              "bowler": "SM Betts",
              "non_striker": "HJ Armitage",
              "runs": {
                "batter": 4,
                "extras": 0,
                "total": 4
              }
            },
            {
              "batter": "EA Burns",
              "bowler": "SM Betts",
              "non_striker": "HJ Armitage",
              "runs": {
                "batter": 1,
                "extras": 0,
                "total": 1
              }
            }
          ]
        },
        {
          "over": 14,
          "deliveries": [
            {
              "batter": "EA Burns",
              "bowler": "NE Bolton",
              "non_striker": "HJ Armitage",
              "runs": {
                "batter": 0,
                "extras": 0,
                "total": 0
              }
            },
            {
              "batter": "EA Burns",
              "bowler": "NE Bolton",
              "non_striker": "HJ Armitage",
              "runs": {
                "batter": 0,
                "extras": 0,
                "total": 0
              }
            },
            {
              "batter": "EA Burns",
              "bowler": "NE Bolton",
              "non_striker": "HJ Armitage",
              "runs": {
                "batter": 1,
                "extras": 0,
                "total": 1
              }
            },
            {
              "batter": "HJ Armitage",
              "bowler": "NE Bolton",
              "non_striker": "EA Burns",
              "runs": {
                "batter": 1,
                "extras": 0,
                "total": 1
              }
            },
            {
              "batter": "EA Burns",
              "bowler": "NE Bolton",
              "non_striker": "HJ Armitage",
              "runs": {
                "batter": 4,
                "extras": 0,
                "total": 4
              }
            },
            {
              "batter": "EA Burns",
              "bowler": "NE Bolton",
              "non_striker": "HJ Armitage",
              "runs": {
                "batter": 2,
                "extras": 0,
                "total": 2
              }
            }
          ]
        },
        {
          "over": 15,
          "deliveries": [
            {
              "batter": "HJ Armitage",
              "bowler": "H Graham",
              "non_striker": "EA Burns",
              "runs": {
                "batter": 0,
                "extras": 0,
                "total": 0
              }
            },
            {
              "batter": "HJ Armitage",
              "bowler": "H Graham",
              "non_striker": "EA Burns",
              "runs": {
                "batter": 2,
                "extras": 0,
                "total": 2
              }
            },
            {
              "batter": "HJ Armitage",
              "bowler": "H Graham",
              "non_striker": "EA Burns",
              "runs": {
                "batter": 2,
                "extras": 0,
                "total": 2
              }
            },
            {
              "batter": "HJ Armitage",
              "bowler": "H Graham",
              "non_striker": "EA Burns",
              "runs": {
                "batter": 1,
                "extras": 0,
                "total": 1
              }
            },
            {
              "batter": "EA Burns",
              "bowler": "H Graham",
              "non_striker": "HJ Armitage",
              "runs": {
                "batter": 1,
                "extras": 0,
                "total": 1
              }
            },
            {
              "batter": "HJ Armitage",
              "bowler": "H Graham",
              "non_striker": "EA Burns",
              "runs": {
                "batter": 1,
                "extras": 0,
                "total": 1
              }
            }
          ]
        },
        {
          "over": 16,
          "deliveries": [
            {
              "batter": "HJ Armitage",
              "bowler": "NR Sciver",
              "non_striker": "EA Burns",
              "runs": {
                "batter": 2,
                "extras": 0,
                "total": 2
              }
            },
            {
              "batter": "HJ Armitage",
              "bowler": "NR Sciver",
              "non_striker": "EA Burns",
              "runs": {
                "batter": 2,
                "extras": 0,
                "total": 2
              }
            },
            {
              "batter": "HJ Armitage",
              "bowler": "NR Sciver",
              "non_striker": "EA Burns",
              "runs": {
                "batter": 2,
                "extras": 0,
                "total": 2
              }
            },
            {
              "batter": "HJ Armitage",
              "bowler": "NR Sciver",
              "non_striker": "EA Burns",
              "runs": {
                "batter": 4,
                "extras": 0,
                "total": 4
              }
            },
            {
              "batter": "HJ Armitage",
              "bowler": "NR Sciver",
              "non_striker": "EA Burns",
              "runs": {
                "batter": 6,
                "extras": 0,
                "total": 6
              }
            },
            {
              "batter": "HJ Armitage",
              "bowler": "NR Sciver",
              "non_striker": "EA Burns",
              "runs": {
                "batter": 0,
                "extras": 0,
                "total": 0
              }
            }
          ]
        },
        {
          "over": 17,
          "deliveries": [
            {
              "batter": "EA Burns",
              "bowler": "NE Bolton",
              "non_striker": "HJ Armitage",
              "runs": {
                "batter": 0,
                "extras": 0,
                "total": 0
              },
              "wickets": [
                {
                  "kind": "run out",
                  "player_out": "HJ Armitage"
                }
              ]
            },
            {
              "batter": "EA Burns",
              "bowler": "NE Bolton",
              "non_striker": "D van Niekerk",
              "runs": {
                "batter": 6,
                "extras": 0,
                "total": 6
              }
            },
            {
              "batter": "EA Burns",
              "bowler": "NE Bolton",
              "non_striker": "D van Niekerk",
              "runs": {
                "batter": 1,
                "extras": 0,
                "total": 1
              }
            },
            {
              "batter": "D van Niekerk",
              "bowler": "NE Bolton",
              "non_striker": "EA Burns",
              "runs": {
                "batter": 0,
                "extras": 0,
                "total": 0
              }
            },
            {
              "batter": "D van Niekerk",
              "bowler": "NE Bolton",
              "non_striker": "EA Burns",
              "runs": {
                "batter": 1,
                "extras": 0,
                "total": 1
              }
            },
            {
              "batter": "EA Burns",
              "bowler": "NE Bolton",
              "non_striker": "D van Niekerk",
              "runs": {
                "batter": 2,
                "extras": 0,
                "total": 2
              }
            }
          ]
        },
        {
          "over": 18,
          "deliveries": [
            {
              "batter": "D van Niekerk",
              "bowler": "SM Betts",
              "non_striker": "EA Burns",
              "runs": {
                "batter": 4,
                "extras": 0,
                "total": 4
              }
            },
            {
              "batter": "D van Niekerk",
              "bowler": "SM Betts",
              "non_striker": "EA Burns",
              "runs": {
                "batter": 0,
                "extras": 0,
                "total": 0
              }
            },
            {
              "batter": "D van Niekerk",
              "bowler": "SM Betts",
              "non_striker": "EA Burns",
              "runs": {
                "batter": 0,
                "extras": 0,
                "total": 0
              }
            },
            {
              "batter": "D van Niekerk",
              "bowler": "SM Betts",
              "non_striker": "EA Burns",
              "runs": {
                "batter": 4,
                "extras": 0,
                "total": 4
              }
            },
            {
              "batter": "D van Niekerk",
              "bowler": "SM Betts",
              "non_striker": "EA Burns",
              "runs": {
                "batter": 0,
                "extras": 0,
                "total": 0
              }
            },
            {
              "batter": "D van Niekerk",
              "bowler": "SM Betts",
              "non_striker": "EA Burns",
              "runs": {
                "batter": 2,
                "extras": 0,
                "total": 2
              }
            }
          ]
        },
        {
          "over": 19,
          "deliveries": [
            {
              "batter": "EA Burns",
              "bowler": "H Graham",
              "non_striker": "D van Niekerk",
              "runs": {
                "batter": 1,
                "extras": 0,
                "total": 1
              }
            },
            {
              "batter": "D van Niekerk",
              "bowler": "H Graham",
              "non_striker": "EA Burns",
              "runs": {
                "batter": 6,
                "extras": 0,
                "total": 6
              }
            },
            {
              "batter": "D van Niekerk",
              "bowler": "H Graham",
              "non_striker": "EA Burns",
              "runs": {
                "batter": 4,
                "extras": 0,
                "total": 4
              }
            },
            {
              "batter": "D van Niekerk",
              "bowler": "H Graham",
              "non_striker": "EA Burns",
              "runs": {
                "batter": 0,
                "extras": 0,
                "total": 0
              },
              "wickets": [
                {
                  "kind": "bowled",
                  "player_out": "D van Niekerk"
                }
              ]
            },
            {
              "batter": "LG Smith",
              "bowler": "H Graham",
              "non_striker": "EA Burns",
              "runs": {
                "batter": 1,
                "extras": 0,
                "total": 1
              }
            },
            {
              "batter": "EA Burns",
              "bowler": "H Graham",
              "non_striker": "LG Smith",
              "runs": {
                "batter": 1,
                "extras": 0,
                "total": 1
              },
              "wickets": [
                {
                  "kind": "run out",
                  "player_out": "LG Smith"
                }
              ]
            }
          ]
        }
      ],
      "powerplays": [
        {
          "from": 0.1,
          "to": 5.6,
          "type": "mandatory"
        }
      ]
    },
    {
      "team": "Perth Scorchers",
      "overs": [
        {
          "over": 0,
          "deliveries": [
            {
              "batter": "AE Jones",
              "bowler": "S Campbell",
              "extras": {
                "wides": 1
              },
              "non_striker": "MM Lanning",
              "runs": {
                "batter": 0,
                "extras": 1,
                "total": 1
              }
            },
            {
              "batter": "AE Jones",
              "bowler": "S Campbell",
              "non_striker": "MM Lanning",
              "runs": {
                "batter": 0,
                "extras": 0,
                "total": 0
              }
            },
            {
              "batter": "AE Jones",
              "bowler": "S Campbell",
              "non_striker": "MM Lanning",
              "runs": {
                "batter": 2,
                "extras": 0,
                "total": 2
              }
            },
            {
              "batter": "AE Jones",
              "bowler": "S Campbell",
              "non_striker": "MM Lanning",
              "runs": {
                "batter": 0,
                "extras": 0,
                "total": 0
              }
            },
            {
              "batter": "AE Jones",
              "bowler": "S Campbell",
              "extras": {
                "wides": 1
              },
              "non_striker": "MM Lanning",
              "runs": {
                "batter": 0,
                "extras": 1,
                "total": 1
              }
            },
            {
              "batter": "AE Jones",
              "bowler": "S Campbell",
              "non_striker": "MM Lanning",
              "runs": {
                "batter": 0,
                "extras": 0,
                "total": 0
              }
            },
            {
              "batter": "AE Jones",
              "bowler": "S Campbell",
              "non_striker": "MM Lanning",
              "runs": {
                "batter": 2,
                "extras": 0,
                "total": 2
              }
            },
            {
              "batter": "AE Jones",
              "bowler": "S Campbell",
              "non_striker": "MM Lanning",
              "runs": {
                "batter": 0,
                "extras": 0,
                "total": 0
              }
            }
          ]
        },
        {
          "over": 1,
          "deliveries": [
            {
              "batter": "MM Lanning",
              "bowler": "M Kapp",
              "non_striker": "AE Jones",
              "runs": {
                "batter": 0,
                "extras": 0,
                "total": 0
              }
            },
            {
              "batter": "MM Lanning",
              "bowler": "M Kapp",
              "non_striker": "AE Jones",
              "runs": {
                "batter": 0,
                "extras": 0,
                "total": 0
              }
            },
            {
              "batter": "MM Lanning",
              "bowler": "M Kapp",
              "non_striker": "AE Jones",
              "runs": {
                "batter": 1,
                "extras": 0,
                "total": 1
              }
            },
            {
              "batter": "AE Jones",
              "bowler": "M Kapp",
              "non_striker": "MM Lanning",
              "runs": {
                "batter": 4,
                "extras": 0,
                "total": 4
              }
            },
            {
              "batter": "AE Jones",
              "bowler": "M Kapp",
              "non_striker": "MM Lanning",
              "runs": {
                "batter": 0,
                "extras": 0,
                "total": 0
              }
            },
            {
              "batter": "AE Jones",
              "bowler": "M Kapp",
              "non_striker": "MM Lanning",
              "runs": {
                "batter": 1,
                "extras": 0,
                "total": 1
              }
            }
          ]
        },
        {
          "over": 2,
          "deliveries": [
            {
              "batter": "AE Jones",
              "bowler": "S Campbell",
              "non_striker": "MM Lanning",
              "runs": {
                "batter": 2,
                "extras": 0,
                "total": 2
              }
            },
            {
              "batter": "AE Jones",
              "bowler": "S Campbell",
              "non_striker": "MM Lanning",
              "runs": {
                "batter": 0,
                "extras": 0,
                "total": 0
              }
            },
            {
              "batter": "AE Jones",
              "bowler": "S Campbell",
              "non_striker": "MM Lanning",
              "runs": {
                "batter": 2,
                "extras": 0,
                "total": 2
              }
            },
            {
              "batter": "AE Jones",
              "bowler": "S Campbell",
              "non_striker": "MM Lanning",
              "runs": {
                "batter": 1,
                "extras": 0,
                "total": 1
              }
            },
            {
              "batter": "MM Lanning",
              "bowler": "S Campbell",
              "non_striker": "AE Jones",
              "runs": {
                "batter": 0,
                "extras": 0,
                "total": 0
              }
            },
            {
              "batter": "MM Lanning",
              "bowler": "S Campbell",
              "non_striker": "AE Jones",
              "runs": {
                "batter": 0,
                "extras": 0,
                "total": 0
              }
            }
          ]
        },
        {
          "over": 3,
          "deliveries": [
            {
              "batter": "AE Jones",
              "bowler": "M Kapp",
              "non_striker": "MM Lanning",
              "runs": {
                "batter": 2,
                "extras": 0,
                "total": 2
              }
            },
            {
              "batter": "AE Jones",
              "bowler": "M Kapp",
              "non_striker": "MM Lanning",
              "runs": {
                "batter": 0,
                "extras": 0,
                "total": 0
              }
            },
            {
              "batter": "AE Jones",
              "bowler": "M Kapp",
              "non_striker": "MM Lanning",
              "runs": {
                "batter": 0,
                "extras": 0,
                "total": 0
              }
            },
            {
              "batter": "AE Jones",
              "bowler": "M Kapp",
              "non_striker": "MM Lanning",
              "runs": {
                "batter": 0,
                "extras": 0,
                "total": 0
              }
            },
            {
              "batter": "AE Jones",
              "bowler": "M Kapp",
              "non_striker": "MM Lanning",
              "runs": {
                "batter": 2,
                "extras": 0,
                "total": 2
              }
            },
            {
              "batter": "AE Jones",
              "bowler": "M Kapp",
              "non_striker": "MM Lanning",
              "runs": {
                "batter": 0,
                "extras": 0,
                "total": 0
              }
            }
          ]
        },
        {
          "over": 4,
          "deliveries": [
            {
              "batter": "MM Lanning",
              "bowler": "SE Aley",
              "non_striker": "AE Jones",
              "runs": {
                "batter": 4,
                "extras": 0,
                "total": 4
              }
            },
            {
              "batter": "MM Lanning",
              "bowler": "SE Aley",
              "non_striker": "AE Jones",
              "runs": {
                "batter": 1,
                "extras": 0,
                "total": 1
              }
            },
            {
              "batter": "AE Jones",
              "bowler": "SE Aley",
              "non_striker": "MM Lanning",
              "runs": {
                "batter": 1,
                "extras": 0,
                "total": 1
              }
            },
            {
              "batter": "MM Lanning",
              "bowler": "SE Aley",
              "non_striker": "AE Jones",
              "runs": {
                "batter": 1,
                "extras": 0,
                "total": 1
              }
            },
            {
              "batter": "AE Jones",
              "bowler": "SE Aley",
              "non_striker": "MM Lanning",
              "runs": {
                "batter": 0,
                "extras": 0,
                "total": 0
              }
            },
            {
              "batter": "AE Jones",
              "bowler": "SE Aley",
              "non_striker": "MM Lanning",
              "runs": {
                "batter": 1,
                "extras": 0,
                "total": 1
              }
            }
          ]
        },
        {
          "over": 5,
          "deliveries": [
            {
              "batter": "AE Jones",
              "bowler": "M Kapp",
              "non_striker": "MM Lanning",
              "runs": {
                "batter": 1,
                "extras": 0,
                "total": 1
              }
            },
            {
              "batter": "MM Lanning",
              "bowler": "M Kapp",
              "non_striker": "AE Jones",
              "runs": {
                "batter": 0,
                "extras": 0,
                "total": 0
              }
            },
            {
              "batter": "MM Lanning",
              "bowler": "M Kapp",
              "non_striker": "AE Jones",
              "runs": {
                "batter": 0,
                "extras": 0,
                "total": 0
              }
            },
            {
              "batter": "MM Lanning",
              "bowler": "M Kapp",
              "non_striker": "AE Jones",
              "runs": {
                "batter": 6,
                "extras": 0,
                "total": 6
              }
            },
            {
              "batter": "MM Lanning",
              "bowler": "M Kapp",
              "non_striker": "AE Jones",
              "runs": {
                "batter": 4,
                "extras": 0,
                "total": 4
              }
            },
            {
              "batter": "MM Lanning",
              "bowler": "M Kapp",
              "non_striker": "AE Jones",
              "runs": {
                "batter": 2,
                "extras": 0,
                "total": 2
              }
            }
          ]
        },
        {
          "over": 6,
          "deliveries": [
            {
              "batter": "AE Jones",
              "bowler": "SE Aley",
              "non_striker": "MM Lanning",
              "runs": {
                "batter": 1,
                "extras": 0,
                "total": 1
              }
            },
            {
              "batter": "MM Lanning",
              "bowler": "SE Aley",
              "non_striker": "AE Jones",
              "runs": {
                "batter": 4,
                "extras": 0,
                "total": 4
              }
            },
            {
              "batter": "MM Lanning",
              "bowler": "SE Aley",
              "non_striker": "AE Jones",
              "runs": {
                "batter": 4,
                "extras": 0,
                "total": 4
              }
            },
            {
              "batter": "MM Lanning",
              "bowler": "SE Aley",
              "non_striker": "AE Jones",
              "runs": {
                "batter": 1,
                "extras": 0,
                "total": 1
              }
            },
            {
              "batter": "AE Jones",
              "bowler": "SE Aley",
              "non_striker": "MM Lanning",
              "runs": {
                "batter": 2,
                "extras": 0,
                "total": 2
              }
            },
            {
              "batter": "AE Jones",
              "bowler": "SE Aley",
              "non_striker": "MM Lanning",
              "runs": {
                "batter": 4,
                "extras": 0,
                "total": 4
              }
            }
          ]
        },
        {
          "over": 7,
          "deliveries": [
            {
              "batter": "MM Lanning",
              "bowler": "D van Niekerk",
              "extras": {
                "legbyes": 1
              },
              "non_striker": "AE Jones",
              "runs": {
                "batter": 0,
                "extras": 1,
                "total": 1
              }
            },
            {
              "batter": "AE Jones",
              "bowler": "D van Niekerk",
              "non_striker": "MM Lanning",
              "runs": {
                "batter": 0,
                "extras": 0,
                "total": 0
              }
            },
            {
              "batter": "AE Jones",
              "bowler": "D van Niekerk",
              "non_striker": "MM Lanning",
              "runs": {
                "batter": 1,
                "extras": 0,
                "total": 1
              }
            },
            {
              "batter": "MM Lanning",
              "bowler": "D van Niekerk",
              "non_striker": "AE Jones",
              "runs": {
                "batter": 1,
                "extras": 0,
                "total": 1
              }
            },
            {
              "batter": "AE Jones",
              "bowler": "D van Niekerk",
              "non_striker": "MM Lanning",
              "runs": {
                "batter": 0,
                "extras": 0,
                "total": 0
              }
            },
            {
              "batter": "AE Jones",
              "bowler": "D van Niekerk",
              "non_striker": "MM Lanning",
              "runs": {
                "batter": 1,
                "extras": 0,
                "total": 1
              }
            }
          ]
        },
        {
          "over": 8,
          "deliveries": [
            {
              "batter": "AE Jones",
              "bowler": "H Silver-holmes",
              "non_striker": "MM Lanning",
              "runs": {
                "batter": 4,
                "extras": 0,
                "total": 4
              }
            },
            {
              "batter": "AE Jones",
              "bowler": "H Silver-holmes",
              "non_striker": "MM Lanning",
              "runs": {
                "batter": 1,
                "extras": 0,
                "total": 1
              }
            },
            {
              "batter": "MM Lanning",
              "bowler": "H Silver-holmes",
              "non_striker": "AE Jones",
              "runs": {
                "batter": 1,
                "extras": 0,
                "total": 1
              }
            },
            {
              "batter": "AE Jones",
              "bowler": "H Silver-holmes",
              "non_striker": "MM Lanning",
              "runs": {
                "batter": 1,
                "extras": 0,
                "total": 1
              }
            },
            {
              "batter": "MM Lanning",
              "bowler": "H Silver-holmes",
              "non_striker": "AE Jones",
              "runs": {
                "batter": 1,
                "extras": 0,
                "total": 1
              }
            },
            {
              "batter": "AE Jones",
              "bowler": "H Silver-holmes",
              "non_striker": "MM Lanning",
              "runs": {
                "batter": 0,
                "extras": 0,
                "total": 0
              }
            }
          ]
        },
        {
          "over": 9,
          "deliveries": [
            {
              "batter": "MM Lanning",
              "bowler": "D van Niekerk",
              "non_striker": "AE Jones",
              "runs": {
                "batter": 4,
                "extras": 0,
                "total": 4
              }
            },
            {
              "batter": "MM Lanning",
              "bowler": "D van Niekerk",
              "non_striker": "AE Jones",
              "runs": {
                "batter": 1,
                "extras": 0,
                "total": 1
              }
            },
            {
              "batter": "AE Jones",
              "bowler": "D van Niekerk",
              "non_striker": "MM Lanning",
              "runs": {
                "batter": 1,
                "extras": 0,
                "total": 1
              }
            },
            {
              "batter": "MM Lanning",
              "bowler": "D van Niekerk",
              "non_striker": "AE Jones",
              "runs": {
                "batter": 1,
                "extras": 0,
                "total": 1
              }
            },
            {
              "batter": "AE Jones",
              "bowler": "D van Niekerk",
              "non_striker": "MM Lanning",
              "runs": {
                "batter": 1,
                "extras": 0,
                "total": 1
              }
            },
            {
              "batter": "MM Lanning",
              "bowler": "D van Niekerk",
              "non_striker": "AE Jones",
              "runs": {
                "batter": 1,
                "extras": 0,
                "total": 1
              }
            }
          ]
        },
        {
          "over": 10,
          "deliveries": [
            {
              "batter": "MM Lanning",
              "bowler": "A Gardner",
              "non_striker": "AE Jones",
              "runs": {
                "batter": 2,
                "extras": 0,
                "total": 2
              }
            },
            {
              "batter": "MM Lanning",
              "bowler": "A Gardner",
              "non_striker": "AE Jones",
              "runs": {
                "batter": 0,
                "extras": 0,
                "total": 0
              }
            },
            {
              "batter": "MM Lanning",
              "bowler": "A Gardner",
              "non_striker": "AE Jones",
              "runs": {
                "batter": 1,
                "extras": 0,
                "total": 1
              }
            },
            {
              "batter": "AE Jones",
              "bowler": "A Gardner",
              "non_striker": "MM Lanning",
              "runs": {
                "batter": 1,
                "extras": 0,
                "total": 1
              }
            },
            {
              "batter": "MM Lanning",
              "bowler": "A Gardner",
              "non_striker": "AE Jones",
              "runs": {
                "batter": 4,
                "extras": 0,
                "total": 4
              }
            },
            {
              "batter": "MM Lanning",
              "bowler": "A Gardner",
              "non_striker": "AE Jones",
              "runs": {
                "batter": 1,
                "extras": 0,
                "total": 1
              }
            }
          ]
        },
        {
          "over": 11,
          "deliveries": [
            {
              "batter": "MM Lanning",
              "bowler": "D van Niekerk",
              "non_striker": "AE Jones",
              "runs": {
                "batter": 2,
                "extras": 0,
                "total": 2
              }
            },
            {
              "batter": "MM Lanning",
              "bowler": "D van Niekerk",
              "non_striker": "AE Jones",
              "runs": {
                "batter": 4,
                "extras": 0,
                "total": 4
              }
            },
            {
              "batter": "MM Lanning",
              "bowler": "D van Niekerk",
              "non_striker": "AE Jones",
              "runs": {
                "batter": 1,
                "extras": 0,
                "total": 1
              }
            },
            {
              "batter": "AE Jones",
              "bowler": "D van Niekerk",
              "non_striker": "MM Lanning",
              "runs": {
                "batter": 0,
                "extras": 0,
                "total": 0
              }
            },
            {
              "batter": "AE Jones",
              "bowler": "D van Niekerk",
              "non_striker": "MM Lanning",
              "runs": {
                "batter": 0,
                "extras": 0,
                "total": 0
              }
            },
            {
              "batter": "AE Jones",
              "bowler": "D van Niekerk",
              "non_striker": "MM Lanning",
              "runs": {
                "batter": 1,
                "extras": 0,
                "total": 1
              }
            }
          ]
        },
        {
          "over": 12,
          "deliveries": [
            {
              "batter": "AE Jones",
              "bowler": "A Gardner",
              "non_striker": "MM Lanning",
              "runs": {
                "batter": 1,
                "extras": 0,
                "total": 1
              }
            },
            {
              "batter": "MM Lanning",
              "bowler": "A Gardner",
              "non_striker": "AE Jones",
              "runs": {
                "batter": 6,
                "extras": 0,
                "total": 6
              }
            },
            {
              "batter": "MM Lanning",
              "bowler": "A Gardner",
              "non_striker": "AE Jones",
              "runs": {
                "batter": 1,
                "extras": 0,
                "total": 1
              }
            },
            {
              "batter": "AE Jones",
              "bowler": "A Gardner",
              "non_striker": "MM Lanning",
              "runs": {
                "batter": 0,
                "extras": 0,
                "total": 0
              },
              "wickets": [
                {
                  "kind": "caught",
                  "player_out": "AE Jones",
                  "fielders": [
                    {
                      "name": "HJ Armitage"
                    }
                  ]
                }
              ]
            },
            {
              "batter": "MM Lanning",
              "bowler": "A Gardner",
              "non_striker": "NR Sciver",
              "runs": {
                "batter": 1,
                "extras": 0,
                "total": 1
              }
            },
            {
              "batter": "NR Sciver",
              "bowler": "A Gardner",
              "non_striker": "MM Lanning",
              "runs": {
                "batter": 4,
                "extras": 0,
                "total": 4
              }
            }
          ]
        },
        {
          "over": 13,
          "deliveries": [
            {
              "batter": "MM Lanning",
              "bowler": "LG Smith",
              "non_striker": "NR Sciver",
              "runs": {
                "batter": 4,
                "extras": 0,
                "total": 4
              }
            },
            {
              "batter": "MM Lanning",
              "bowler": "LG Smith",
              "non_striker": "NR Sciver",
              "runs": {
                "batter": 2,
                "extras": 0,
                "total": 2
              }
            },
            {
              "batter": "MM Lanning",
              "bowler": "LG Smith",
              "non_striker": "NR Sciver",
              "runs": {
                "batter": 1,
                "extras": 0,
                "total": 1
              }
            },
            {
              "batter": "NR Sciver",
              "bowler": "LG Smith",
              "non_striker": "MM Lanning",
              "runs": {
                "batter": 0,
                "extras": 0,
                "total": 0
              }
            },
            {
              "batter": "NR Sciver",
              "bowler": "LG Smith",
              "non_striker": "MM Lanning",
              "runs": {
                "batter": 4,
                "extras": 0,
                "total": 4
              }
            },
            {
              "batter": "NR Sciver",
              "bowler": "LG Smith",
              "non_striker": "MM Lanning",
              "runs": {
                "batter": 0,
                "extras": 0,
                "total": 0
              }
            }
          ]
        },
        {
          "over": 14,
          "deliveries": [
            {
              "batter": "MM Lanning",
              "bowler": "S Campbell",
              "non_striker": "NR Sciver",
              "runs": {
                "batter": 0,
                "extras": 0,
                "total": 0
              }
            },
            {
              "batter": "MM Lanning",
              "bowler": "S Campbell",
              "non_striker": "NR Sciver",
              "runs": {
                "batter": 1,
                "extras": 0,
                "total": 1
              }
            },
            {
              "batter": "NR Sciver",
              "bowler": "S Campbell",
              "non_striker": "MM Lanning",
              "runs": {
                "batter": 1,
                "extras": 0,
                "total": 1
              }
            },
            {
              "batter": "MM Lanning",
              "bowler": "S Campbell",
              "non_striker": "NR Sciver",
              "runs": {
                "batter": 4,
                "extras": 0,
                "total": 4
              }
            },
            {
              "batter": "MM Lanning",
              "bowler": "S Campbell",
              "non_striker": "NR Sciver",
              "runs": {
                "batter": 1,
                "extras": 0,
                "total": 1
              }
            },
            {
              "batter": "NR Sciver",
              "bowler": "S Campbell",
              "non_striker": "MM Lanning",
              "runs": {
                "batter": 4,
                "extras": 0,
                "total": 4
              }
            }
          ]
        },
        {
          "over": 15,
          "deliveries": [
            {
              "batter": "MM Lanning",
              "bowler": "A Gardner",
              "non_striker": "NR Sciver",
              "runs": {
                "batter": 1,
                "extras": 0,
                "total": 1
              }
            },
            {
              "batter": "NR Sciver",
              "bowler": "A Gardner",
              "non_striker": "MM Lanning",
              "runs": {
                "batter": 1,
                "extras": 0,
                "total": 1
              }
            },
            {
              "batter": "MM Lanning",
              "bowler": "A Gardner",
              "non_striker": "NR Sciver",
              "runs": {
                "batter": 1,
                "extras": 0,
                "total": 1
              }
            },
            {
              "batter": "NR Sciver",
              "bowler": "A Gardner",
              "non_striker": "MM Lanning",
              "runs": {
                "batter": 1,
                "extras": 0,
                "total": 1
              }
            },
            {
              "batter": "MM Lanning",
              "bowler": "A Gardner",
              "non_striker": "NR Sciver",
              "runs": {
                "batter": 1,
                "extras": 0,
                "total": 1
              }
            },
            {
              "batter": "NR Sciver",
              "bowler": "A Gardner",
              "non_striker": "MM Lanning",
              "runs": {
                "batter": 0,
                "extras": 0,
                "total": 0
              }
            }
          ]
        },
        {
          "over": 16,
          "deliveries": [
            {
              "batter": "MM Lanning",
              "bowler": "SE Aley",
              "non_striker": "NR Sciver",
              "runs": {
                "batter": 1,
                "extras": 0,
                "total": 1
              }
            },
            {
              "batter": "NR Sciver",
              "bowler": "SE Aley",
              "non_striker": "MM Lanning",
              "runs": {
                "batter": 1,
                "extras": 0,
                "total": 1
              }
            },
            {
              "batter": "MM Lanning",
              "bowler": "SE Aley",
              "non_striker": "NR Sciver",
              "runs": {
                "batter": 1,
                "extras": 0,
                "total": 1
              }
            },
            {
              "batter": "NR Sciver",
              "bowler": "SE Aley",
              "non_striker": "MM Lanning",
              "runs": {
                "batter": 4,
                "extras": 0,
                "total": 4
              }
            },
            {
              "batter": "NR Sciver",
              "bowler": "SE Aley",
              "non_striker": "MM Lanning",
              "runs": {
                "batter": 1,
                "extras": 0,
                "total": 1
              }
            },
            {
              "batter": "MM Lanning",
              "bowler": "SE Aley",
              "non_striker": "NR Sciver",
              "runs": {
                "batter": 2,
                "extras": 0,
                "total": 2
              }
            }
          ]
        },
        {
          "over": 17,
          "deliveries": [
            {
              "batter": "NR Sciver",
              "bowler": "A Gardner",
              "non_striker": "MM Lanning",
              "runs": {
                "batter": 1,
                "extras": 0,
                "total": 1
              }
            },
            {
              "batter": "MM Lanning",
              "bowler": "A Gardner",
              "non_striker": "NR Sciver",
              "runs": {
                "batter": 0,
                "extras": 0,
                "total": 0
              }
            },
            {
              "batter": "MM Lanning",
              "bowler": "A Gardner",
              "non_striker": "NR Sciver",
              "runs": {
                "batter": 0,
                "extras": 0,
                "total": 0
              },
              "wickets": [
                {
                  "kind": "caught",
                  "player_out": "MM Lanning",
                  "fielders": [
                    {
                      "name": "HJ Armitage"
                    }
                  ]
                }
              ]
            },
            {
              "batter": "NR Sciver",
              "bowler": "A Gardner",
              "non_striker": "NE Bolton",
              "runs": {
                "batter": 4,
                "extras": 0,
                "total": 4
              }
            },
            {
              "batter": "NR Sciver",
              "bowler": "A Gardner",
              "non_striker": "NE Bolton",
              "runs": {
                "batter": 1,
                "extras": 0,
                "total": 1
              }
            },
            {
              "batter": "NE Bolton",
              "bowler": "A Gardner",
              "non_striker": "NR Sciver",
              "runs": {
                "batter": 0,
                "extras": 0,
                "total": 0
              }
            }
          ]
        },
        {
          "over": 18,
          "deliveries": [
            {
              "batter": "NR Sciver",
              "bowler": "M Kapp",
              "non_striker": "NE Bolton",
              "runs": {
                "batter": 0,
                "extras": 0,
                "total": 0
              }
            },
            {
              "batter": "NR Sciver",
              "bowler": "M Kapp",
              "non_striker": "NE Bolton",
              "runs": {
                "batter": 1,
                "extras": 0,
                "total": 1
              }
            },
            {
              "batter": "NE Bolton",
              "bowler": "M Kapp",
              "non_striker": "NR Sciver",
              "runs": {
                "batter": 1,
                "extras": 0,
                "total": 1
              }
            },
            {
              "batter": "NR Sciver",
              "bowler": "M Kapp",
              "non_striker": "NE Bolton",
              "runs": {
                "batter": 0,
                "extras": 0,
                "total": 0
              }
            },
            {
              "batter": "NR Sciver",
              "bowler": "M Kapp",
              "non_striker": "NE Bolton",
              "runs": {
                "batter": 2,
                "extras": 0,
                "total": 2
              }
            },
            {
              "batter": "NR Sciver",
              "bowler": "M Kapp",
              "non_striker": "NE Bolton",
              "runs": {
                "batter": 1,
                "extras": 0,
                "total": 1
              }
            }
          ]
        },
        {
          "over": 19,
          "deliveries": [
            {
              "batter": "NR Sciver",
              "bowler": "SE Aley",
              "non_striker": "NE Bolton",
              "runs": {
                "batter": 4,
                "extras": 0,
                "total": 4
              }
            },
            {
              "batter": "NR Sciver",
              "bowler": "SE Aley",
              "non_striker": "NE Bolton",
              "runs": {
                "batter": 4,
                "extras": 0,
                "total": 4
              }
            }
          ]
        }
      ],
      "powerplays": [
        {
          "from": 0.1,
          "to": 5.6,
          "type": "mandatory"
        }
      ],
      "target": {
        "overs": 20,
        "runs": 165
      }
    }
  ]
}