{
  "meta": {
    "data_version": "1.0.0",
    "created": "2019-11-14",
    "revision": 2
  },
  "info": {
    "balls_per_over": 6,
    "city": "Burnie",
    "dates": [
      "2019-11-03"
    ],
    "event": {
      "name": "Women's Big Bash League",
      "match_number": 23
    },
    "gender": "female",
    "match_type": "T20",
    "officials": {
      "match_referees": [
        "David Johnston"
      ],
      "umpires": [
        "DR Close",
        "Simon Burns"
      ]
    },
    "outcome": {
      "winner": "Sydney Thunder",
      "by": {
        "wickets": 6
      }
    },
    "overs": 20,
    "player_of_match": [
      "RH Priest"
    ],
    "players": {
      "Hobart Hurricanes": [
        "FC Wilson",
        "M Phillips",
        "HC Knight",
        "NJ Carey",
        "EG Fazackerley",
        "CL Tryon",
        "CL Hall",
        "ML Gibson",
        "TJ Vlaeminck",
        "EJ Smith",
        "B Vakarewa"
      ],
      "Sydney Thunder": [
        "RH Priest",
        "NE Stalenberg",
        "RL Haynes",
        "AJ Blackwell",
        "P Litchfield",
        "Nida Dar",
        "HJ Darlington",
        "RM Farrell",
        "S Horley",
        "S Ismail",
        "SL Bates"
      ]
    },
    "registry": {
      "people": {
        "AJ Blackwell": "b9164a9b",
        "B Vakarewa": "06f988b8",
        "CL Hall": "6026e2ae",
        "CL Tryon": "4d4605e6",
        "DR Close": "4cae2b0c",
        "David Johnston": "92cef862",
        "EG Fazackerley": "caaf2219",
        "EJ Smith": "05911fef",
        "FC Wilson": "a28132bd",
        "HC Knight": "4ba0289e",
        "HJ Darlington": "50b558d2",
        "M Phillips": "216ae65f",
        "ML Gibson": "27fa592f",
        "NE Stalenberg": "609c519e",
        "NJ Carey": "dff806f4",
        "Nida Dar": "ed840f44",
        "P Litchfield": "4e6ef14f",
        "RH Priest": "e6f0408a",
        "RL Haynes": "d7c6b0fb",
        "RM Farrell": "4ed7d23f",
        "S Horley": "8cd72e0b",
        "S Ismail": "108c4c09",
        "SL Bates": "0816fb1e",
        "Simon Burns": "c0741b3f",
        "TJ Vlaeminck": "ef70a34b"
      }
    },
    "season": "2019/20",
    "team_type": "club",
    "teams": [
      "Hobart Hurricanes",
      "Sydney Thunder"
    ],
    "toss": {
      "decision": "field",
      "winner": "Sydney Thunder"
    },
    "venue": "West Park Oval"
  },
  "innings": [
    {
      "team": "Hobart Hurricanes",
      "overs": [
        {
          "over": 0,
          "deliveries": [
            {
              "batter": "FC Wilson",
              "bowler": "S Ismail",
              "non_striker": "M Phillips",
              "runs": {
                "batter": 0,
                "extras": 0,
                "total": 0
              }
            },
            {
              "batter": "FC Wilson",
              "bowler": "S Ismail",
              "non_striker": "M Phillips",
              "runs": {
                "batter": 0,
                "extras": 0,
                "total": 0
              }
            },
            {
              "batter": "FC Wilson",
              "bowler": "S Ismail",
              "non_striker": "M Phillips",
              "runs": {
                "batter": 0,
                "extras": 0,
                "total": 0
              }
            },
            {
              "batter": "FC Wilson",
              "bowler": "S Ismail",
              "non_striker": "M Phillips",
              "runs": {
                "batter": 1,
                "extras": 0,
                "total": 1
              }
            },
            {
              "batter": "M Phillips",
              "bowler": "S Ismail",
              "non_striker": "FC Wilson",
              "runs": {
                "batter": 0,
                "extras": 0,
                "total": 0
              }
            },
            {
              "batter": "M Phillips",
              "bowler": "S Ismail",
              "non_striker": "FC Wilson",
              "runs": {
                "batter": 1,
                "extras": 0,
                "total": 1
              }
            }
          ]
        },
        {
          "over": 1,
          "deliveries": [
            {
              "batter": "M Phillips",
              "bowler": "RM Farrell",
              "non_striker": "FC Wilson",
              "runs": {
                "batter": 1,
                "extras": 0,
                "total": 1
              }
            },
            {
              "batter": "FC Wilson",
              "bowler": "RM Farrell",
              "non_striker": "M Phillips",
              "runs": {
                "batter": 1,
                "extras": 0,
                "total": 1
              }
            },
            {
              "batter": "M Phillips",
              "bowler": "RM Farrell",
              "non_striker": "FC Wilson",
              "runs": {
                "batter": 0,
                "extras": 0,
                "total": 0
              }
            },
            {
              "batter": "M Phillips",
              "bowler": "RM Farrell",
              "non_striker": "FC Wilson",
              "runs": {
                "batter": 0,
                "extras": 0,
                "total": 0
              }
            },
            {
              "batter": "M Phillips",
              "bowler": "RM Farrell",
              "non_striker": "FC Wilson",
              "runs": {
                "batter": 1,
                "extras": 0,
                "total": 1
              }
            },
            {
              "batter": "FC Wilson",
              "bowler": "RM Farrell",
              "non_striker": "M Phillips",
              "runs": {
                "batter": 0,
                "extras": 0,
                "total": 0
              }
            }
          ]
        },
        {
          "over": 2,
          "deliveries": [
            {
              "batter": "M Phillips",
              "bowler": "S Ismail",
              "non_striker": "FC Wilson",
              "runs": {
                "batter": 0,
                "extras": 0,
                "total": 0
              }
            },
            {
              "batter": "M Phillips",
              "bowler": "S Ismail",
              "extras": {
                "noballs": 1
              },
              "non_striker": "FC Wilson",
              "runs": {
                "batter": 0,
                "extras": 1,
                "total": 1
              }
            },
            {
              "batter": "M Phillips",
              "bowler": "S Ismail",
              "non_striker": "FC Wilson",
              "runs": {
                "batter": 2,
                "extras": 0,
                "total": 2
              }
            },
            {
              "batter": "M Phillips",
              "bowler": "S Ismail",
              "non_striker": "FC Wilson",
              "runs": {
                "batter": 1,
                "extras": 0,
                "total": 1
              }
            },
            {
              "batter": "FC Wilson",
              "bowler": "S Ismail",
              "non_striker": "M Phillips",
              "runs": {
                "batter": 4,
                "extras": 0,
                "total": 4
              }
            },
            {
              "batter": "FC Wilson",
              "bowler": "S Ismail",
              "non_striker": "M Phillips",
              "runs": {
                "batter": 0,
                "extras": 0,
                "total": 0
              },
              "wickets": [
                {
                  "kind": "caught",
                  "player_out": "FC Wilson",
                  "fielders": [
                    {
                      "name": "Nida Dar"
                    }
                  ]
                }
              ]
            },
            {
              "batter": "HC Knight",
              "bowler": "S Ismail",
              "non_striker": "M Phillips",
              "runs": {
                "batter": 0,
                "extras": 0,
                "total": 0
              }
            }
          ]
        },
        {
          "over": 3,
          "deliveries": [
            {
              "batter": "M Phillips",
              "bowler": "SL Bates",
              "non_striker": "HC Knight",
              "runs": {
                "batter": 1,
                "extras": 0,
                "total": 1
              }
            },
            {
              "batter": "HC Knight",
              "bowler": "SL Bates",
              "non_striker": "M Phillips",
              "runs": {
                "batter": 0,
                "extras": 0,
                "total": 0
              }
            },
            {
              "batter": "HC Knight",
              "bowler": "SL Bates",
              "non_striker": "M Phillips",
              "runs": {
                "batter": 0,
                "extras": 0,
                "total": 0
              }
            },
            {
              "batter": "HC Knight",
              "bowler": "SL Bates",
              "non_striker": "M Phillips",
              "runs": {
                "batter": 4,
                "extras": 0,
                "total": 4
              }
            },
            {
              "batter": "HC Knight",
              "bowler": "SL Bates",
              "non_striker": "M Phillips",
              "runs": {
                "batter": 0,
                "extras": 0,
                "total": 0
              }
            },
            {
              "batter": "HC Knight",
              "bowler": "SL Bates",
              "non_striker": "M Phillips",
              "runs": {
                "batter": 1,
                "extras": 0,
                "total": 1
              }
            }
          ]
        },
        {
          "over": 4,
          "deliveries": [
            {
              "batter": "HC Knight",
              "bowler": "S Ismail",
              "non_striker": "M Phillips",
              "runs": {
                "batter": 0,
                "extras": 0,
                "total": 0
              }
            },
            {
              "batter": "HC Knight",
              "bowler": "S Ismail",
              "non_striker": "M Phillips",
              "runs": {
                "batter": 1,
                "extras": 0,
                "total": 1
              }
            },
            {
              "batter": "M Phillips",
              "bowler": "S Ismail",
              "non_striker": "HC Knight",
              "runs": {
                "batter": 0,
                "extras": 0,
                "total": 0
              }
            },
            {
              "batter": "M Phillips",
              "bowler": "S Ismail",
              "non_striker": "HC Knight",
              "runs": {
                "batter": 1,
                "extras": 0,
                "total": 1
              }
            },
            {
              "batter": "HC Knight",
              "bowler": "S Ismail",
              "extras": {
                "wides": 1
              },
              "non_striker": "M Phillips",
              "runs": {
                "batter": 0,
                "extras": 1,
                "total": 1
              }
            },
            {
              "batter": "HC Knight",
              "bowler": "S Ismail",
              "non_striker": "M Phillips",
              "runs": {
                "batter": 0,
                "extras": 0,
                "total": 0
              }
            },
            {
              "batter": "HC Knight",
              "bowler": "S Ismail",
              "non_striker": "M Phillips",
              "runs": {
                "batter": 0,
                "extras": 0,
                "total": 0
              }
            }
          ]
        },
        {
          "over": 5,
          "deliveries": [
            {
              "batter": "M Phillips",
              "bowler": "RM Farrell",
              "non_striker": "HC Knight",
              "runs": {
                "batter": 1,
                "extras": 0,
                "total": 1
              }
            },
            {
              "batter": "HC Knight",
              "bowler": "RM Farrell",
              "non_striker": "M Phillips",
              "runs": {
                "batter": 1,
                "extras": 0,
                "total": 1
              }
            },
            {
              "batter": "M Phillips",
              "bowler": "RM Farrell",
              "non_striker": "HC Knight",
              "runs": {
                "batter": 2,
                "extras": 0,
                "total": 2
              }
            },
            {
              "batter": "M Phillips",
              "bowler": "RM Farrell",
              "non_striker": "HC Knight",
              "runs": {
                "batter": 0,
                "extras": 0,
                "total": 0
              }
            },
            {
              "batter": "M Phillips",
              "bowler": "RM Farrell",
              "non_striker": "HC Knight",
              "runs": {
                "batter": 1,
                "extras": 0,
                "total": 1
              }
            },
            {
              "batter": "HC Knight",
              "bowler": "RM Farrell",
              "non_striker": "M Phillips",
              "runs": {
                "batter": 1,
                "extras": 0,
                "total": 1
              }
            }
          ]
        },
        {
          "over": 6,
          "deliveries": [
            {
              "batter": "HC Knight",
              "bowler": "HJ Darlington",
              "non_striker": "M Phillips",
              "runs": {
                "batter": 1,
                "extras": 0,
                "total": 1
              }
            },
            {
              "batter": "M Phillips",
              "bowler": "HJ Darlington",
              "non_striker": "HC Knight",
              "runs": {
                "batter": 1,
                "extras": 0,
                "total": 1
              }
            },
            {
              "batter": "HC Knight",
              "bowler": "HJ Darlington",
              "non_striker": "M Phillips",
              "runs": {
                "batter": 0,
                "extras": 0,
                "total": 0
              }
            },
            {
              "batter": "HC Knight",
              "bowler": "HJ Darlington",
              "non_striker": "M Phillips",
              "runs": {
                "batter": 1,
                "extras": 0,
                "total": 1
              }
            },
            {
              "batter": "M Phillips",
              "bowler": "HJ Darlington",
              "non_striker": "HC Knight",
              "runs": {
                "batter": 0,
                "extras": 0,
                "total": 0
              }
            },
            {
              "batter": "M Phillips",
              "bowler": "HJ Darlington",
              "non_striker": "HC Knight",
              "runs": {
                "batter": 0,
                "extras": 0,
                "total": 0
              }
            }
          ]
        },
        {
          "over": 7,
          "deliveries": [
            {
              "batter": "HC Knight",
              "bowler": "Nida Dar",
              "non_striker": "M Phillips",
              "runs": {
                "batter": 1,
                "extras": 0,
                "total": 1
              }
            },
            {
              "batter": "M Phillips",
              "bowler": "Nida Dar",
              "non_striker": "HC Knight",
              "runs": {
                "batter": 0,
                "extras": 0,
                "total": 0
              }
            },
            {
              "batter": "M Phillips",
              "bowler": "Nida Dar",
              "non_striker": "HC Knight",
              "runs": {
                "batter": 0,
                "extras": 0,
                "total": 0
              },
              "wickets": [
                {
                  "kind": "caught",
                  "player_out": "M Phillips",
                  "fielders": [
                    {
                      "name": "NE Stalenberg"
                    }
                  ]
                }
              ]
            },
            {
              "batter": "HC Knight",
              "bowler": "Nida Dar",
              "non_striker": "NJ Carey",
              "runs": {
                "batter": 0,
                "extras": 0,
                "total": 0
              }
            },
            {
              "batter": "HC Knight",
              "bowler": "Nida Dar",
              "non_striker": "NJ Carey",
              "runs": {
                "batter": 0,
                "extras": 0,
                "total": 0
              }
            },
            {
              "batter": "HC Knight",
              "bowler": "Nida Dar",
              "non_striker": "NJ Carey",
              "runs": {
                "batter": 1,
                "extras": 0,
                "total": 1
              }
            }
          ]
        },
        {
          "over": 8,
          "deliveries": [
            {
              "batter": "HC Knight",
              "bowler": "SL Bates",
              "non_striker": "NJ Carey",
              "runs": {
                "batter": 1,
                "extras": 0,
                "total": 1
              }
            },
            {
              "batter": "NJ Carey",
              "bowler": "SL Bates",
              "non_striker": "HC Knight",
              "runs": {
                "batter": 0,
                "extras": 0,
                "total": 0
              }
            },
            {
              "batter": "NJ Carey",
              "bowler": "SL Bates",
              "non_striker": "HC Knight",
              "runs": {
                "batter": 1,
                "extras": 0,
                "total": 1
              }
            },
            {
              "batter": "HC Knight",
              "bowler": "SL Bates",
              "non_striker": "NJ Carey",
              "runs": {
                "batter": 0,
                "extras": 0,
                "total": 0
              }
            },
            {
              "batter": "HC Knight",
              "bowler": "SL Bates",
              "non_striker": "NJ Carey",
              "runs": {
                "batter": 0,
                "extras": 0,
                "total": 0
              }
            },
            {
              "batter": "HC Knight",
              "bowler": "SL Bates",
              "non_striker": "NJ Carey",
              "runs": {
                "batter": 1,
                "extras": 0,
                "total": 1
              }
            }
          ]
        },
        {
          "over": 9,
          "deliveries": [
            {
              "batter": "HC Knight",
              "bowler": "Nida Dar",
              "non_striker": "NJ Carey",
              "runs": {
                "batter": 3,
                "extras": 0,
                "total": 3
              }
            },
            {
              "batter": "NJ Carey",
              "bowler": "Nida Dar",
              "non_striker": "HC Knight",
              "runs": {
                "batter": 0,
                "extras": 0,
                "total": 0
              }
            },
            {
              "batter": "NJ Carey",
              "bowler": "Nida Dar",
              "non_striker": "HC Knight",
              "runs": {
                "batter": 0,
                "extras": 0,
                "total": 0
              }
            },
            {
              "batter": "NJ Carey",
              "bowler": "Nida Dar",
              "non_striker": "HC Knight",
              "runs": {
                "batter": 0,
                "extras": 0,
                "total": 0
              }
            },
            {
              "batter": "NJ Carey",
              "bowler": "Nida Dar",
              "non_striker": "HC Knight",
              "runs": {
                "batter": 1,
                "extras": 0,
                "total": 1
              }
            },
            {
              "batter": "HC Knight",
              "bowler": "Nida Dar",
              "non_striker": "NJ Carey",
              "runs": {
                "batter": 0,
                "extras": 0,
                "total": 0
              }
            }
          ]
        },
        {
          "over": 10,
          "deliveries": [
            {
              "batter": "NJ Carey",
              "bowler": "HJ Darlington",
              "non_striker": "HC Knight",
              "runs": {
                "batter": 0,
                "extras": 0,
                "total": 0
              }
            },
            {
              "batter": "NJ Carey",
              "bowler": "HJ Darlington",
              "non_striker": "HC Knight",
              "runs": {
                "batter": 1,
                "extras": 0,
                "total": 1
              }
            },
            {
              "batter": "HC Knight",
              "bowler": "HJ Darlington",
              "non_striker": "NJ Carey",
              "runs": {
                "batter": 1,
                "extras": 0,
                "total": 1
              }
            },
            {
              "batter": "NJ Carey",
              "bowler": "HJ Darlington",
              "non_striker": "HC Knight",
              "runs": {
                "batter": 1,
                "extras": 0,
                "total": 1
              }
            },
            {
              "batter": "HC Knight",
              "bowler": "HJ Darlington",
              "non_striker": "NJ Carey",
              "runs": {
                "batter": 4,
                "extras": 0,
                "total": 4
              }
            },
            {
              "batter": "HC Knight",
              "bowler": "HJ Darlington",
              "non_striker": "NJ Carey",
              "runs": {
                "batter": 1,
                "extras": 0,
                "total": 1
              }
            }
          ]
        },
        {
          "over": 11,
          "deliveries": [
            {
              "batter": "HC Knight",
              "bowler": "SL Bates",
              "non_striker": "NJ Carey",
              "runs": {
                "batter": 1,
                "extras": 0,
                "total": 1
              }
            },
            {
              "batter": "NJ Carey",
              "bowler": "SL Bates",
              "non_striker": "HC Knight",
              "runs": {
                "batter": 1,
                "extras": 0,
                "total": 1
              }
            },
            {
              "batter": "HC Knight",
              "bowler": "SL Bates",
              "non_striker": "NJ Carey",
              "runs": {
                "batter": 1,
                "extras": 0,
                "total": 1
              }
            },
            {
              "batter": "NJ Carey",
              "bowler": "SL Bates",
              "non_striker": "HC Knight",
              "runs": {
                "batter": 0,
                "extras": 0,
                "total": 0
              },
              "wickets": [
                {
                  "kind": "caught and bowled",
                  "player_out": "NJ Carey"
                }
              ]
            },
            {
              "batter": "EG Fazackerley",
              "bowler": "SL Bates",
              "non_striker": "HC Knight",
              "runs": {
                "batter": 2,
                "extras": 0,
                "total": 2
              }
            },
            {
              "batter": "EG Fazackerley",
              "bowler": "SL Bates",
              "non_striker": "HC Knight",
              "runs": {
                "batter": 0,
                "extras": 0,
                "total": 0
              }
            }
          ]
        },
        {
          "over": 12,
          "deliveries": [
            {
              "batter": "HC Knight",
              "bowler": "RM Farrell",
              "non_striker": "EG Fazackerley",
              "runs": {
                "batter": 1,
                "extras": 0,
                "total": 1
              }
            },
            {
              "batter": "EG Fazackerley",
              "bowler": "RM Farrell",
              "non_striker": "HC Knight",
              "runs": {
                "batter": 2,
                "extras": 0,
                "total": 2
              }
            },
            {
              "batter": "EG Fazackerley",
              "bowler": "RM Farrell",
              "non_striker": "HC Knight",
              "runs": {
                "batter": 0,
                "extras": 0,
                "total": 0
              }
            },
            {
              "batter": "EG Fazackerley",
              "bowler": "RM Farrell",
              "non_striker": "HC Knight",
              "runs": {
                "batter": 6,
                "extras": 0,
                "total": 6
              }
            },
            {
              "batter": "EG Fazackerley",
              "bowler": "RM Farrell",
              "non_striker": "HC Knight",
              "runs": {
                "batter": 1,
                "extras": 0,
                "total": 1
              }
            },
            {
              "batter": "HC Knight",
              "bowler": "RM Farrell",
              "non_striker": "EG Fazackerley",
              "runs": {
                "batter": 4,
                "extras": 0,
                "total": 4
              }
            }
          ]
        },
        {
          "over": 13,
          "deliveries": [
            {
              "batter": "EG Fazackerley",
              "bowler": "Nida Dar",
              "non_striker": "HC Knight",
              "runs": {
                "batter": 0,
                "extras": 0,
                "total": 0
              }
            },
            {
              "batter": "EG Fazackerley",
              "bowler": "Nida Dar",
              "non_striker": "HC Knight",
              "runs": {
                "batter": 0,
                "extras": 0,
                "total": 0
              }
            },
            {
              "batter": "EG Fazackerley",
              "bowler": "Nida Dar",
              "non_striker": "HC Knight",
              "runs": {
                "batter": 1,
                "extras": 0,
                "total": 1
              }
            },
            {
              "batter": "HC Knight",
              "bowler": "Nida Dar",
              "non_striker": "EG Fazackerley",
              "runs": {
                "batter": 2,
                "extras": 0,
                "total": 2
              }
            },
            {
              "batter": "HC Knight",
              "bowler": "Nida Dar",
              "non_striker": "EG Fazackerley",
              "runs": {
                "batter": 1,
                "extras": 0,
                "total": 1
              }
            },
            {
              "batter": "EG Fazackerley",
              "bowler": "Nida Dar",
              "non_striker": "HC Knight",
              "runs": {
                "batter": 1,
                "extras": 0,
                "total": 1
              }
            }
          ]
        },
        {
          "over": 14,
          "deliveries": [
            {
              "batter": "EG Fazackerley",
              "bowler": "HJ Darlington",
              "non_striker": "HC Knight",
              "runs": {
                "batter": 0,
                "extras": 0,
                "total": 0
              }
            },
            {
              "batter": "EG Fazackerley",
              "bowler": "HJ Darlington",
              "non_striker": "HC Knight",
              "runs": {
                "batter": 0,
                "extras": 0,
                "total": 0
              }
            },
            {
              "batter": "EG Fazackerley",
              "bowler": "HJ Darlington",
              "non_striker": "HC Knight",
              "runs": {
                "batter": 2,
                "extras": 0,
                "total": 2
              }
            },
            {
              "batter": "EG Fazackerley",
              "bowler": "HJ Darlington",
              "non_striker": "HC Knight",
              "runs": {
                "batter": 1,
                "extras": 0,
                "total": 1
              }
            },
            {
              "batter": "HC Knight",
              "bowler": "HJ Darlington",
              "non_striker": "EG Fazackerley",
              "runs": {
                "batter": 4,
                "extras": 0,
                "total": 4
              }
            },
            {
              "batter": "HC Knight",
              "bowler": "HJ Darlington",
              "non_striker": "EG Fazackerley",
              "runs": {
                "batter": 6,
                "extras": 0,
                "total": 6
              }
            }
          ]
        },
        {
          "over": 15,
          "deliveries": [
            {
              "batter": "EG Fazackerley",
              "bowler": "Nida Dar",
              "non_striker": "HC Knight",
              "runs": {
                "batter": 2,
                "extras": 0,
                "total": 2
              }
            },
            {
              "batter": "EG Fazackerley",
              "bowler": "Nida Dar",
              "non_striker": "HC Knight",
              "runs": {
                "batter": 0,
                "extras": 0,
                "total": 0
              },
              "wickets": [
                {
                  "kind": "caught",
                  "player_out": "EG Fazackerley",
                  "fielders": [
                    {
                      "name": "SL Bates"
                    }
                  ]
                }
              ]
            },
            {
              "batter": "HC Knight",
              "bowler": "Nida Dar",
              "non_striker": "CL Tryon",
              "runs": {
                "batter": 1,
                "extras": 0,
                "total": 1
              }
            },
            {
              "batter": "CL Tryon",
              "bowler": "Nida Dar",
              "non_striker": "HC Knight",
              "runs": {
                "batter": 1,
                "extras": 0,
                "total": 1
              }
            },
            {
              "batter": "HC Knight",
              "bowler": "Nida Dar",
              "non_striker": "CL Tryon",
              "runs": {
                "batter": 1,
                "extras": 0,
                "total": 1
              }
            },
            {
              "batter": "CL Tryon",
              "bowler": "Nida Dar",
              "non_striker": "HC Knight",
              "runs": {
                "batter": 0,
                "extras": 0,
                "total": 0
              }
            }
          ]
        },
        {
          "over": 16,
          "deliveries": [
            {
              "batter": "HC Knight",
              "bowler": "S Ismail",
              "non_striker": "CL Tryon",
              "runs": {
                "batter": 4,
                "extras": 0,
                "total": 4
              }
            },
            {
              "batter": "HC Knight",
              "bowler": "S Ismail",
              "non_striker": "CL Tryon",
              "runs": {
                "batter": 2,
                "extras": 0,
                "total": 2
              }
            },
            {
              "batter": "HC Knight",
              "bowler": "S Ismail",
              "non_striker": "CL Tryon",
              "runs": {
                "batter": 1,
                "extras": 0,
                "total": 1
              }
            },
            {
              "batter": "CL Tryon",
              "bowler": "S Ismail",
              "extras": {
                "noballs": 1
              },
              "non_striker": "HC Knight",
              "runs": {
                "batter": 0,
                "extras": 1,
                "total": 1
              }
            },
            {
              "batter": "CL Tryon",
              "bowler": "S Ismail",
              "non_striker": "HC Knight",
              "runs": {
                "batter": 6,
                "extras": 0,
                "total": 6
              }
            },
            {
              "batter": "CL Tryon",
              "bowler": "S Ismail",
              "non_striker": "HC Knight",
              "runs": {
                "batter": 1,
                "extras": 0,
                "total": 1
              }
            },
            {
              "batter": "HC Knight",
              "bowler": "S Ismail",
              "non_striker": "CL Tryon",
              "runs": {
                "batter": 4,
                "extras": 0,
                "total": 4
              }
            }
          ]
        },
        {
          "over": 17,
          "deliveries": [
            {
              "batter": "CL Tryon",
              "bowler": "SL Bates",
              "non_striker": "HC Knight",
              "runs": {
                "batter": 1,
                "extras": 0,
                "total": 1
              }
            },
            {
              "batter": "HC Knight",
              "bowler": "SL Bates",
              "non_striker": "CL Tryon",
              "runs": {
                "batter": 2,
                "extras": 0,
                "total": 2
              }
            },
            {
              "batter": "HC Knight",
              "bowler": "SL Bates",
              "non_striker": "CL Tryon",
              "runs": {
                "batter": 4,
                "extras": 0,
                "total": 4
              }
            },
            {
              "batter": "HC Knight",
              "bowler": "SL Bates",
              "non_striker": "CL Tryon",
              "runs": {
                "batter": 4,
                "extras": 0,
                "total": 4
              }
            },
            {
              "batter": "HC Knight",
              "bowler": "SL Bates",
              "non_striker": "CL Tryon",
              "runs": {
                "batter": 6,
                "extras": 0,
                "total": 6
              }
            },
            {
              "batter": "HC Knight",
              "bowler": "SL Bates",
              "non_striker": "CL Tryon",
              "runs": {
                "batter": 1,
                "extras": 0,
                "total": 1
              }
            }
          ]
        },
        {
          "over": 18,
          "deliveries": [
            {
              "batter": "HC Knight",
              "bowler": "HJ Darlington",
              "non_striker": "CL Tryon",
              "runs": {
                "batter": 4,
                "extras": 0,
                "total": 4
              }
            },
            {
              "batter": "HC Knight",
              "bowler": "HJ Darlington",
              "non_striker": "CL Tryon",
              "runs": {
                "batter": 0,
                "extras": 0,
                "total": 0
              },
              "wickets": [
                {
                  "kind": "caught",
                  "player_out": "HC Knight",
                  "fielders": [
                    {
                      "name": "P Litchfield"
                    }
                  ]
                }
              ]
            },
            {
              "batter": "CL Tryon",
              "bowler": "HJ Darlington",
              "non_striker": "CL Hall",
              "runs": {
                "batter": 1,
                "extras": 0,
                "total": 1
              }
            },
            {
              "batter": "CL Hall",
              "bowler": "HJ Darlington",
              "non_striker": "CL Tryon",
              "runs": {
                "batter": 1,
                "extras": 0,
                "total": 1
              }
            },
            {
              "batter": "CL Tryon",
              "bowler": "HJ Darlington",
              "non_striker": "CL Hall",
              "runs": {
                "batter": 0,
                "extras": 0,
                "total": 0
              }
            },
            {
              "batter": "CL Tryon",
              "bowler": "HJ Darlington",
              "non_striker": "CL Hall",
              "runs": {
                "batter": 4,
                "extras": 0,
                "total": 4
              }
            }
          ]
        },
        {
          "over": 19,
          "deliveries": [
            {
              "batter": "CL Hall",
              "bowler": "RM Farrell",
              "non_striker": "CL Tryon",
              "runs": {
                "batter": 2,
                "extras": 0,
                "total": 2
              }
            },
            {
              "batter": "CL Hall",
              "bowler": "RM Farrell",
              "non_striker": "CL Tryon",
              "runs": {
                "batter": 1,
                "extras": 0,
                "total": 1
              }
            },
            {
              "batter": "CL Tryon",
              "bowler": "RM Farrell",
              "non_striker": "CL Hall",
              "runs": {
                "batter": 6,
                "extras": 0,
                "total": 6
              }
            },
            {
              "batter": "CL Tryon",
              "bowler": "RM Farrell",
              "non_striker": "CL Hall",
              "runs": {
                "batter": 1,
                "extras": 0,
                "total": 1
              }
            },
            {
              "batter": "CL Hall",
              "bowler": "RM Farrell",
              "non_striker": "CL Tryon",
              "runs": {
                "batter": 1,
                "extras": 0,
                "total": 1
              }
            },
            {
              "batter": "CL Tryon",
              "bowler": "RM Farrell",
              "non_striker": "CL Hall",
              "runs": {
                "batter": 0,
                "extras": 0,
                "total": 0
              },
              "wickets": [
                {
                  "kind": "caught and bowled",
                  "player_out": "CL Tryon"
                }
              ]
            }
          ]
        }
      ],
      "powerplays": [
        {
          "from": 0.1,
          "to": 5.6,
          "type": "mandatory"
        }
      ]
    },
    {
      "team": "Sydney Thunder",
      "overs": [
        {
          "over": 0,
          "deliveries": [
            {
              "batter": "RH Priest",
              "bowler": "TJ Vlaeminck",
              "extras": {
                "wides": 1
              },
              "non_striker": "NE Stalenberg",
              "runs": {
                "batter": 0,
                "extras": 1,
                "total": 1
              }
            },
            {
              "batter": "RH Priest",
              "bowler": "TJ Vlaeminck",
              "extras": {
                "wides": 1
              },
              "non_striker": "NE Stalenberg",
              "runs": {
                "batter": 0,
                "extras": 1,
                "total": 1
              }
            },
            {
              "batter": "RH Priest",
              "bowler": "TJ Vlaeminck",
              "non_striker": "NE Stalenberg",
              "runs": {
                "batter": 4,
                "extras": 0,
                "total": 4
              }
            },
            {
              "batter": "RH Priest",
              "bowler": "TJ Vlaeminck",
              "non_striker": "NE Stalenberg",
              "runs": {
                "batter": 1,
                "extras": 0,
                "total": 1
              }
            },
            {
              "batter": "NE Stalenberg",
              "bowler": "TJ Vlaeminck",
              "non_striker": "RH Priest",
              "runs": {
                "batter": 0,
                "extras": 0,
                "total": 0
              }
            },
            {
              "batter": "NE Stalenberg",
              "bowler": "TJ Vlaeminck",
              "non_striker": "RH Priest",
              "runs": {
                "batter": 0,
                "extras": 0,
                "total": 0
              }
            },
            {
              "batter": "NE Stalenberg",
              "bowler": "TJ Vlaeminck",
              "non_striker": "RH Priest",
              "runs": {
                "batter": 4,
                "extras": 0,
                "total": 4
              }
            },
            {
              "batter": "NE Stalenberg",
              "bowler": "TJ Vlaeminck",
              "non_striker": "RH Priest",
              "runs": {
                "batter": 0,
                "extras": 0,
                "total": 0
              }
            }
          ]
        },
        {
          "over": 1,
          "deliveries": [
            {
              "batter": "RH Priest",
              "bowler": "B Vakarewa",
              "non_striker": "NE Stalenberg",
              "runs": {
                "batter": 2,
                "extras": 0,
                "total": 2
              }
            },
            {
              "batter": "RH Priest",
              "bowler": "B Vakarewa",
              "non_striker": "NE Stalenberg",
              "runs": {
                "batter": 0,
                "extras": 0,
                "total": 0
              }
            },
            {
              "batter": "RH Priest",
              "bowler": "B Vakarewa",
              "non_striker": "NE Stalenberg",
              "runs": {
                "batter": 4,
                "extras": 0,
                "total": 4
              }
            },
            {
              "batter": "RH Priest",
              "bowler": "B Vakarewa",
              "non_striker": "NE Stalenberg",
              "runs": {
                "batter": 0,
                "extras": 0,
                "total": 0
              }
            },
            {
              "batter": "RH Priest",
              "bowler": "B Vakarewa",
              "non_striker": "NE Stalenberg",
              "runs": {
                "batter": 0,
                "extras": 0,
                "total": 0
              }
            },
            {
              "batter": "RH Priest",
              "bowler": "B Vakarewa",
              "non_striker": "NE Stalenberg",
              "runs": {
                "batter": 1,
                "extras": 0,
                "total": 1
              }
            }
          ]
        },
        {
          "over": 2,
          "deliveries": [
            {
              "batter": "RH Priest",
              "bowler": "NJ Carey",
              "extras": {
                "wides": 5
              },
              "non_striker": "NE Stalenberg",
              "runs": {
                "batter": 0,
                "extras": 5,
                "total": 5
              }
            },
            {
              "batter": "RH Priest",
              "bowler": "NJ Carey",
              "extras": {
                "noballs": 1
              },
              "non_striker": "NE Stalenberg",
              "runs": {
                "batter": 0,
                "extras": 1,
                "total": 1
              }
            },
            {
              "batter": "RH Priest",
              "bowler": "NJ Carey",
              "non_striker": "NE Stalenberg",
              "runs": {
                "batter": 4,
                "extras": 0,
                "total": 4
              }
            },
            {
              "batter": "RH Priest",
              "bowler": "NJ Carey",
              "non_striker": "NE Stalenberg",
              "runs": {
                "batter": 0,
                "extras": 0,
                "total": 0
              }
            },
            {
              "batter": "RH Priest",
              "bowler": "NJ Carey",
              "non_striker": "NE Stalenberg",
              "runs": {
                "batter": 6,
                "extras": 0,
                "total": 6
              }
            },
            {
              "batter": "RH Priest",
              "bowler": "NJ Carey",
              "non_striker": "NE Stalenberg",
              "runs": {
                "batter": 0,
                "extras": 0,
                "total": 0
              }
            },
            {
              "batter": "RH Priest",
              "bowler": "NJ Carey",
              "non_striker": "NE Stalenberg",
              "runs": {
                "batter": 1,
                "extras": 0,
                "total": 1
              }
            },
            {
              "batter": "NE Stalenberg",
              "bowler": "NJ Carey",
              "non_striker": "RH Priest",
              "runs": {
                "batter": 0,
                "extras": 0,
                "total": 0
              }
            }
          ]
        },
        {
          "over": 3,
          "deliveries": [
            {
              "batter": "RH Priest",
              "bowler": "B Vakarewa",
              "non_striker": "NE Stalenberg",
              "runs": {
                "batter": 4,
                "extras": 0,
                "total": 4
              }
            },
            {
              "batter": "RH Priest",
              "bowler": "B Vakarewa",
              "non_striker": "NE Stalenberg",
              "runs": {
                "batter": 0,
                "extras": 0,
                "total": 0
              }
            },
            {
              "batter": "RH Priest",
              "bowler": "B Vakarewa",
              "non_striker": "NE Stalenberg",
              "runs": {
                "batter": 4,
                "extras": 0,
                "total": 4
              }
            },
            {
              "batter": "RH Priest",
              "bowler": "B Vakarewa",
              "non_striker": "NE Stalenberg",
              "runs": {
                "batter": 0,
                "extras": 0,
                "total": 0
              }
            },
            {
              "batter": "RH Priest",
              "bowler": "B Vakarewa",
              "non_striker": "NE Stalenberg",
              "runs": {
                "batter": 4,
                "extras": 0,
                "total": 4
              }
            },
            {
              "batter": "RH Priest",
              "bowler": "B Vakarewa",
              "non_striker": "NE Stalenberg",
              "runs": {
                "batter": 0,
                "extras": 0,
                "total": 0
              }
            }
          ]
        },
        {
          "over": 4,
          "deliveries": [
            {
              "batter": "NE Stalenberg",
              "bowler": "TJ Vlaeminck",
              "extras": {
                "wides": 1
              },
              "non_striker": "RH Priest",
              "runs": {
                "batter": 0,
                "extras": 1,
                "total": 1
              }
            },
            {
              "batter": "NE Stalenberg",
              "bowler": "TJ Vlaeminck",
              "non_striker": "RH Priest",
              "runs": {
                "batter": 2,
                "extras": 0,
                "total": 2
              }
            },
            {
              "batter": "NE Stalenberg",
              "bowler": "TJ Vlaeminck",
              "non_striker": "RH Priest",
              "runs": {
                "batter": 0,
                "extras": 0,
                "total": 0
              },
              "wickets": [
                {
                  "kind": "caught",
                  "player_out": "NE Stalenberg",
                  "fielders": [
                    {
                      "name": "HC Knight"
                    }
                  ]
                }
              ]
            },
            {
              "batter": "RH Priest",
              "bowler": "TJ Vlaeminck",
              "non_striker": "RL Haynes",
              "runs": {
                "batter": 0,
                "extras": 0,
                "total": 0
              }
            },
            {
              "batter": "RH Priest",
              "bowler": "TJ Vlaeminck",
              "extras": {
                "wides": 1
              },
              "non_striker": "RL Haynes",
              "runs": {
                "batter": 0,
                "extras": 1,
                "total": 1
              }
            },
            {
              "batter": "RH Priest",
              "bowler": "TJ Vlaeminck",
              "extras": {
                "wides": 1
              },
              "non_striker": "RL Haynes",
              "runs": {
                "batter": 0,
                "extras": 1,
                "total": 1
              }
            },
            {
              "batter": "RH Priest",
              "bowler": "TJ Vlaeminck",
              "extras": {
                "wides": 1
              },
              "non_striker": "RL Haynes",
              "runs": {
                "batter": 0,
                "extras": 1,
                "total": 1
              }
            },
            {
              "batter": "RH Priest",
              "bowler": "TJ Vlaeminck",
              "non_striker": "RL Haynes",
              "runs": {
                "batter": 1,
                "extras": 0,
                "total": 1
              }
            },
            {
              "batter": "RL Haynes",
              "bowler": "TJ Vlaeminck",
              "non_striker": "RH Priest",
              "runs": {
                "batter": 0,
                "extras": 0,
                "total": 0
              }
            },
            {
              "batter": "RL Haynes",
              "bowler": "TJ Vlaeminck",
              "non_striker": "RH Priest",
              "runs": {
                "batter": 4,
                "extras": 0,
                "total": 4
              }
            }
          ]
        },
        {
          "over": 5,
          "deliveries": [
            {
              "batter": "RH Priest",
              "bowler": "ML Gibson",
              "extras": {
                "wides": 1
              },
              "non_striker": "RL Haynes",
              "runs": {
                "batter": 0,
                "extras": 1,
                "total": 1
              }
            },
            {
              "batter": "RH Priest",
              "bowler": "ML Gibson",
              "non_striker": "RL Haynes",
              "runs": {
                "batter": 4,
                "extras": 0,
                "total": 4
              }
            },
            {
              "batter": "RH Priest",
              "bowler": "ML Gibson",
              "extras": {
                "legbyes": 1
              },
              "non_striker": "RL Haynes",
              "runs": {
                "batter": 0,
                "extras": 1,
                "total": 1
              }
            },
            {
              "batter": "RL Haynes",
              "bowler": "ML Gibson",
              "non_striker": "RH Priest",
              "runs": {
                "batter": 0,
                "extras": 0,
                "total": 0
              }
            },
            {
              "batter": "RL Haynes",
              "bowler": "ML Gibson",
              "non_striker": "RH Priest",
              "runs": {
                "batter": 0,
                "extras": 0,
                "total": 0
              },
              "wickets": [
                {
                  "kind": "caught",
                  "player_out": "RL Haynes",
                  "fielders": [
                    {
                      "name": "CL Tryon"
                    }
                  ]
                }
              ]
            },
            {
              "batter": "AJ Blackwell",
              "bowler": "ML Gibson",
              "non_striker": "RH Priest",
              "runs": {
                "batter": 1,
                "extras": 0,
                "total": 1
              }
            },
            {
              "batter": "RH Priest",
              "bowler": "ML Gibson",
              "extras": {
                "wides": 1
              },
              "non_striker": "AJ Blackwell",
              "runs": {
                "batter": 0,
                "extras": 1,
                "total": 1
              }
            },
            {
              "batter": "RH Priest",
              "bowler": "ML Gibson",
              "non_striker": "AJ Blackwell",
              "runs": {
                "batter": 1,
                "extras": 0,
                "total": 1
              }
            }
          ]
        },
        {
          "over": 6,
          "deliveries": [
            {
              "batter": "RH Priest",
              "bowler": "NJ Carey",
              "non_striker": "AJ Blackwell",
              "runs": {
                "batter": 0,
                "extras": 0,
                "total": 0
              }
            },
            {
              "batter": "RH Priest",
              "bowler": "NJ Carey",
              "extras": {
                "legbyes": 2
              },
              "non_striker": "AJ Blackwell",
              "runs": {
                "batter": 0,
                "extras": 2,
                "total": 2
              }
            },
            {
              "batter": "RH Priest",
              "bowler": "NJ Carey",
              "non_striker": "AJ Blackwell",
              "runs": {
                "batter": 1,
                "extras": 0,
                "total": 1
              }
            },
            {
              "batter": "AJ Blackwell",
              "bowler": "NJ Carey",
              "non_striker": "RH Priest",
              "runs": {
                "batter": 1,
                "extras": 0,
                "total": 1
              }
            },
            {
              "batter": "RH Priest",
              "bowler": "NJ Carey",
              "non_striker": "AJ Blackwell",
              "runs": {
                "batter": 0,
                "extras": 0,
                "total": 0
              }
            },
            {
              "batter": "RH Priest",
              "bowler": "NJ Carey",
              "non_striker": "AJ Blackwell",
              "runs": {
                "batter": 1,
                "extras": 0,
                "total": 1
              }
            }
          ]
        },
        {
          "over": 7,
          "deliveries": [
            {
              "batter": "RH Priest",
              "bowler": "ML Gibson",
              "non_striker": "AJ Blackwell",
              "runs": {
                "batter": 6,
                "extras": 0,
                "total": 6
              }
            },
            {
              "batter": "RH Priest",
              "bowler": "ML Gibson",
              "non_striker": "AJ Blackwell",
              "runs": {
                "batter": 1,
                "extras": 0,
                "total": 1
              }
            },
            {
              "batter": "AJ Blackwell",
              "bowler": "ML Gibson",
              "extras": {
                "wides": 1
              },
              "non_striker": "RH Priest",
              "runs": {
                "batter": 0,
                "extras": 1,
                "total": 1
              }
            },
            {
              "batter": "AJ Blackwell",
              "bowler": "ML Gibson",
              "non_striker": "RH Priest",
              "runs": {
                "batter": 0,
                "extras": 0,
                "total": 0
              }
            },
            {
              "batter": "AJ Blackwell",
              "bowler": "ML Gibson",
              "non_striker": "RH Priest",
              "runs": {
                "batter": 1,
                "extras": 0,
                "total": 1
              }
            },
            {
              "batter": "RH Priest",
              "bowler": "ML Gibson",
              "non_striker": "AJ Blackwell",
              "runs": {
                "batter": 0,
                "extras": 0,
                "total": 0
              }
            },
            {
              "batter": "RH Priest",
              "bowler": "ML Gibson",
              "non_striker": "AJ Blackwell",
              "runs": {
                "batter": 0,
                "extras": 0,
                "total": 0
              },
              "wickets": [
                {
                  "kind": "lbw",
                  "player_out": "RH Priest"
                }
              ]
            }
          ]
        },
        {
          "over": 8,
          "deliveries": [
            {
              "batter": "AJ Blackwell",
              "bowler": "TJ Vlaeminck",
              "non_striker": "P Litchfield",
              "runs": {
                "batter": 0,
                "extras": 0,
                "total": 0
              }
            },
            {
              "batter": "AJ Blackwell",
              "bowler": "TJ Vlaeminck",
              "non_striker": "P Litchfield",
              "runs": {
                "batter": 0,
                "extras": 0,
                "total": 0
              }
            },
            {
              "batter": "AJ Blackwell",
              "bowler": "TJ Vlaeminck",
              "non_striker": "P Litchfield",
              "runs": {
                "batter": 0,
                "extras": 0,
                "total": 0
              }
            },
            {
              "batter": "AJ Blackwell",
              "bowler": "TJ Vlaeminck",
              "non_striker": "P Litchfield",
              "runs": {
                "batter": 0,
                "extras": 0,
                "total": 0
              }
            },
            {
              "batter": "AJ Blackwell",
              "bowler": "TJ Vlaeminck",
              "non_striker": "P Litchfield",
              "runs": {
                "batter": 1,
                "extras": 0,
                "total": 1
              }
            },
            {
              "batter": "P Litchfield",
              "bowler": "TJ Vlaeminck",
              "extras": {
                "wides": 1
              },
              "non_striker": "AJ Blackwell",
              "runs": {
                "batter": 0,
                "extras": 1,
                "total": 1
              }
            },
            {
              "batter": "P Litchfield",
              "bowler": "TJ Vlaeminck",
              "non_striker": "AJ Blackwell",
              "runs": {
                "batter": 4,
                "extras": 0,
                "total": 4
              }
            }
          ]
        },
        {
          "over": 9,
          "deliveries": [
            {
              "batter": "AJ Blackwell",
              "bowler": "HC Knight",
              "non_striker": "P Litchfield",
              "runs": {
                "batter": 1,
                "extras": 0,
                "total": 1
              }
            },
            {
              "batter": "P Litchfield",
              "bowler": "HC Knight",
              "extras": {
                "legbyes": 1
              },
              "non_striker": "AJ Blackwell",
              "runs": {
                "batter": 0,
                "extras": 1,
                "total": 1
              }
            },
            {
              "batter": "AJ Blackwell",
              "bowler": "HC Knight",
              "extras": {
                "wides": 1
              },
              "non_striker": "P Litchfield",
              "runs": {
                "batter": 0,
                "extras": 1,
                "total": 1
              }
            },
            {
              "batter": "AJ Blackwell",
              "bowler": "HC Knight",
              "non_striker": "P Litchfield",
              "runs": {
                "batter": 1,
                "extras": 0,
                "total": 1
              }
            },
            {
              "batter": "P Litchfield",
              "bowler": "HC Knight",
              "non_striker": "AJ Blackwell",
              "runs": {
                "batter": 0,
                "extras": 0,
                "total": 0
              }
            },
            {
              "batter": "P Litchfield",
              "bowler": "HC Knight",
              "non_striker": "AJ Blackwell",
              "runs": {
                "batter": 1,
                "extras": 0,
                "total": 1
              }
            },
            {
              "batter": "AJ Blackwell",
              "bowler": "HC Knight",
              "non_striker": "P Litchfield",
              "runs": {
                "batter": 1,
                "extras": 0,
                "total": 1
              }
            }
          ]
        },
        {
          "over": 10,
          "deliveries": [
            {
              "batter": "AJ Blackwell",
              "bowler": "TJ Vlaeminck",
              "non_striker": "P Litchfield",
              "runs": {
                "batter": 0,
                "extras": 0,
                "total": 0
              }
            },
            {
              "batter": "AJ Blackwell",
              "bowler": "TJ Vlaeminck",
              "non_striker": "P Litchfield",
              "runs": {
                "batter": 1,
                "extras": 0,
                "total": 1
              }
            },
            {
              "batter": "P Litchfield",
              "bowler": "TJ Vlaeminck",
              "non_striker": "AJ Blackwell",
              "runs": {
                "batter": 0,
                "extras": 0,
                "total": 0
              }
            },
            {
              "batter": "P Litchfield",
              "bowler": "TJ Vlaeminck",
              "non_striker": "AJ Blackwell",
              "runs": {
                "batter": 0,
                "extras": 0,
                "total": 0
              }
            },
            {
              "batter": "P Litchfield",
              "bowler": "TJ Vlaeminck",
              "non_striker": "AJ Blackwell",
              "runs": {
                "batter": 1,
                "extras": 0,
                "total": 1
              }
            },
            {
              "batter": "AJ Blackwell",
              "bowler": "TJ Vlaeminck",
              "extras": {
                "legbyes": 1
              },
              "non_striker": "P Litchfield",
              "runs": {
                "batter": 0,
                "extras": 1,
                "total": 1
              }
            }
          ]
        },
        {
          "over": 11,
          "deliveries": [
            {
              "batter": "AJ Blackwell",
              "bowler": "ML Gibson",
              "non_striker": "P Litchfield",
              "runs": {
                "batter": 1,
                "extras": 0,
                "total": 1
              }
            },
            {
              "batter": "P Litchfield",
              "bowler": "ML Gibson",
              "non_striker": "AJ Blackwell",
              "runs": {
                "batter": 0,
                "extras": 0,
                "total": 0
              }
            },
            {
              "batter": "P Litchfield",
              "bowler": "ML Gibson",
              "non_striker": "AJ Blackwell",
              "runs": {
                "batter": 0,
                "extras": 0,
                "total": 0
              }
            },
            {
              "batter": "P Litchfield",
              "bowler": "ML Gibson",
              "non_striker": "AJ Blackwell",
              "runs": {
                "batter": 0,
                "extras": 0,
                "total": 0
              }
            },
            {
              "batter": "P Litchfield",
              "bowler": "ML Gibson",
              "non_striker": "AJ Blackwell",
              "runs": {
                "batter": 0,
                "extras": 0,
                "total": 0
              }
            },
            {
              "batter": "P Litchfield",
              "bowler": "ML Gibson",
              "non_striker": "AJ Blackwell",
              "runs": {
                "batter": 1,
                "extras": 0,
                "total": 1
              }
            }
          ]
        },
        {
          "over": 12,
          "deliveries": [
            {
              "batter": "P Litchfield",
              "bowler": "HC Knight",
              "non_striker": "AJ Blackwell",
              "runs": {
                "batter": 1,
                "extras": 0,
                "total": 1
              }
            },
            {
              "batter": "AJ Blackwell",
              "bowler": "HC Knight",
              "non_striker": "P Litchfield",
              "runs": {
                "batter": 2,
                "extras": 0,
                "total": 2
              }
            },
            {
              "batter": "AJ Blackwell",
              "bowler": "HC Knight",
              "non_striker": "P Litchfield",
              "runs": {
                "batter": 2,
                "extras": 0,
                "total": 2
              }
            },
            {
              "batter": "AJ Blackwell",
              "bowler": "HC Knight",
              "non_striker": "P Litchfield",
              "runs": {
                "batter": 0,
                "extras": 0,
                "total": 0
              }
            },
            {
              "batter": "AJ Blackwell",
              "bowler": "HC Knight",
              "non_striker": "P Litchfield",
              "runs": {
                "batter": 1,
                "extras": 0,
                "total": 1
              }
            },
            {
              "batter": "P Litchfield",
              "bowler": "HC Knight",
              "non_striker": "AJ Blackwell",
              "runs": {
                "batter": 1,
                "extras": 0,
                "total": 1
              }
            }
          ]
        },
        {
          "over": 13,
          "deliveries": [
            {
              "batter": "P Litchfield",
              "bowler": "ML Gibson",
              "non_striker": "AJ Blackwell",
              "runs": {
                "batter": 0,
                "extras": 0,
                "total": 0
              }
            },
            {
              "batter": "P Litchfield",
              "bowler": "ML Gibson",
              "non_striker": "AJ Blackwell",
              "runs": {
                "batter": 2,
                "extras": 0,
                "total": 2
              }
            },
            {
              "batter": "P Litchfield",
              "bowler": "ML Gibson",
              "non_striker": "AJ Blackwell",
              "runs": {
                "batter": 1,
                "extras": 0,
                "total": 1
              }
            },
            {
              "batter": "AJ Blackwell",
              "bowler": "ML Gibson",
              "non_striker": "P Litchfield",
              "runs": {
                "batter": 1,
                "extras": 0,
                "total": 1
              }
            },
            {
              "batter": "P Litchfield",
              "bowler": "ML Gibson",
              "non_striker": "AJ Blackwell",
              "runs": {
                "batter": 1,
                "extras": 0,
                "total": 1
              }
            },
            {
              "batter": "AJ Blackwell",
              "bowler": "ML Gibson",
              "non_striker": "P Litchfield",
              "runs": {
                "batter": 4,
                "extras": 0,
                "total": 4
              }
            }
          ]
        },
        {
          "over": 14,
          "deliveries": [
            {
              "batter": "P Litchfield",
              "bowler": "NJ Carey",
              "non_striker": "AJ Blackwell",
              "runs": {
                "batter": 0,
                "extras": 0,
                "total": 0
              }
            },
            {
              "batter": "P Litchfield",
              "bowler": "NJ Carey",
              "non_striker": "AJ Blackwell",
              "runs": {
                "batter": 1,
                "extras": 0,
                "total": 1
              }
            },
            {
              "batter": "AJ Blackwell",
              "bowler": "NJ Carey",
              "non_striker": "P Litchfield",
              "runs": {
                "batter": 0,
                "extras": 0,
                "total": 0
              }
            },
            {
              "batter": "AJ Blackwell",
              "bowler": "NJ Carey",
              "non_striker": "P Litchfield",
              "runs": {
                "batter": 4,
                "extras": 0,
                "total": 4
              }
            },
            {
              "batter": "AJ Blackwell",
              "bowler": "NJ Carey",
              "non_striker": "P Litchfield",
              "runs": {
                "batter": 2,
                "extras": 0,
                "total": 2
              }
            },
            {
              "batter": "AJ Blackwell",
              "bowler": "NJ Carey",
              "extras": {
                "noballs": 1
              },
              "non_striker": "P Litchfield",
              "runs": {
                "batter": 0,
                "extras": 1,
                "total": 1
              }
            },
            {
              "batter": "AJ Blackwell",
              "bowler": "NJ Carey",
              "non_striker": "P Litchfield",
              "runs": {
                "batter": 1,
                "extras": 0,
                "total": 1
              }
            }
          ]
        },
        {
          "over": 15,
          "deliveries": [
            {
              "batter": "AJ Blackwell",
              "bowler": "B Vakarewa",
              "extras": {
                "legbyes": 1
              },
              "non_striker": "P Litchfield",
              "runs": {
                "batter": 0,
                "extras": 1,
                "total": 1
              }
            },
            {
              "batter": "P Litchfield",
              "bowler": "B Vakarewa",
              "non_striker": "AJ Blackwell",
              "runs": {
                "batter": 1,
                "extras": 0,
                "total": 1
              }
            },
            {
              "batter": "AJ Blackwell",
              "bowler": "B Vakarewa",
              "non_striker": "P Litchfield",
              "runs": {
                "batter": 0,
                "extras": 0,
                "total": 0
              },
              "wickets": [
                {
                  "kind": "caught and bowled",
                  "player_out": "AJ Blackwell"
                }
              ]
            },
            {
              "batter": "P Litchfield",
              "bowler": "B Vakarewa",
              "extras": {
                "wides": 5
              },
              "non_striker": "Nida Dar",
              "runs": {
                "batter": 0,
                "extras": 5,
                "total": 5
              }
            },
            {
              "batter": "P Litchfield",
              "bowler": "B Vakarewa",
              "non_striker": "Nida Dar",
              "runs": {
                "batter": 0,
                "extras": 0,
                "total": 0
              }
            },
            {
              "batter": "P Litchfield",
              "bowler": "B Vakarewa",
              "non_striker": "Nida Dar",
              "runs": {
                "batter": 1,
                "extras": 0,
                "total": 1
              }
            },
            {
              "batter": "Nida Dar",
              "bowler": "B Vakarewa",
              "non_striker": "P Litchfield",
              "runs": {
                "batter": 1,
                "extras": 0,
                "total": 1
              }
            }
          ]
        },
        {
          "over": 16,
          "deliveries": [
            {
              "batter": "Nida Dar",
              "bowler": "M Phillips",
              "non_striker": "P Litchfield",
              "runs": {
                "batter": 2,
                "extras": 0,
                "total": 2
              }
            },
            {
              "batter": "Nida Dar",
              "bowler": "M Phillips",
              "non_striker": "P Litchfield",
              "runs": {
                "batter": 1,
                "extras": 0,
                "total": 1
              }
            },
            {
              "batter": "P Litchfield",
              "bowler": "M Phillips",
              "non_striker": "Nida Dar",
              "runs": {
                "batter": 1,
                "extras": 0,
                "total": 1
              }
            },
            {
              "batter": "Nida Dar",
              "bowler": "M Phillips",
              "non_striker": "P Litchfield",
              "runs": {
                "batter": 1,
                "extras": 0,
                "total": 1
              }
            },
            {
              "batter": "P Litchfield",
              "bowler": "M Phillips",
              "non_striker": "Nida Dar",
              "runs": {
                "batter": 1,
                "extras": 0,
                "total": 1
              }
            },
            {
              "batter": "Nida Dar",
              "bowler": "M Phillips",
              "non_striker": "P Litchfield",
              "runs": {
                "batter": 1,
                "extras": 0,
                "total": 1
              }
            }
          ]
        },
        {
          "over": 17,
          "deliveries": [
            {
              "batter": "Nida Dar",
              "bowler": "B Vakarewa",
              "non_striker": "P Litchfield",
              "runs": {
                "batter": 1,
                "extras": 0,
                "total": 1
              }
            },
            {
              "batter": "P Litchfield",
              "bowler": "B Vakarewa",
              "non_striker": "Nida Dar",
              "runs": {
                "batter": 1,
                "extras": 0,
                "total": 1
              }
            },
            {
              "batter": "Nida Dar",
              "bowler": "B Vakarewa",
              "non_striker": "P Litchfield",
              "runs": {
                "batter": 1,
                "extras": 0,
                "total": 1
              }
            },
            {
              "batter": "P Litchfield",
              "bowler": "B Vakarewa",
              "non_striker": "Nida Dar",
              "runs": {
                "batter": 2,
                "extras": 0,
                "total": 2
              }
            },
            {
              "batter": "P Litchfield",
              "bowler": "B Vakarewa",
              "non_striker": "Nida Dar",
              "runs": {
                "batter": 1,
                "extras": 0,
                "total": 1
              }
            },
            {
              "batter": "Nida Dar",
              "bowler": "B Vakarewa",
              "non_striker": "P Litchfield",
              "runs": {
                "batter": 0,
                "extras": 0,
                "total": 0
              }
            }
          ]
        },
        {
          "over": 18,
          "deliveries": [
            {
              "batter": "P Litchfield",
              "bowler": "NJ Carey",
              "non_striker": "Nida Dar",
              "runs": {
                "batter": 4,
                "extras": 0,
                "total": 4
              }
            }
          ]
        }
      ],
      "powerplays": [
        {
          "from": 0.1,
          "to": 5.8,
          "type": "mandatory"
        }
      ],
      "target": {
        "overs": 20,
        "runs": 149
      }
    }
  ]
}