{
  "meta": {
    "data_version": "1.0.0",
    "created": "2020-11-02",
    "revision": 1
  },
  "info": {
    "balls_per_over": 6,
    "dates": [
      "2020-10-31"
    ],
    "event": {
      "name": "Women's Big Bash League",
      "match_number": 11
    },
    "gender": "female",
    "match_type": "T20",
    "officials": {
      "match_referees": [
        "SR Bernard"
      ],
      "tv_umpires": [
        "AK Wilds"
      ],
      "umpires": [
        "Roberto Howard",
        "GJ Davidson"
      ]
    },
    "outcome": {
      "result": "no result"
    },
    "overs": 20,
    "players": {
      "Brisbane Heat": [
        "G Redmayne",
        "ML Green",
        "JL Jonassen",
        "GM Harris",
        "L Harris",
        "AC Kerr",
        "M Hinkley",
        "DM Kimmince",
        "G Prestwidge",
        "N de Klerk",
        "NM Hancock"
      ],
      "Hobart Hurricanes": [
        "RH Priest",
        "CL Tryon",
        "HK Matthews",
        "NJ Carey",
        "NE Stalenberg",
        "CL Hall",
        "SK Moloney",
        "E Kershaw",
        "A Smith",
        "B Hepburn",
        "B Vakarewa"
      ]
    },
    "registry": {
      "people": {
        "A Smith": "b125ce63",
        "AC Kerr": "7673c908",
        "AK Wilds": "de412f40",
        "B Hepburn": "df04fc4f",
        "B Vakarewa": "06f988b8",
        "CL Hall": "6026e2ae",
        "CL Tryon": "4d4605e6",
        "DM Kimmince": "d693012d",
        "E Kershaw": "8eeebce2",
        "G Prestwidge": "c218e4e7",
        "G Redmayne": "324b9eee",
        "GJ Davidson": "31ad5973",
        "GM Harris": "72166006",
        "HK Matthews": "d32cf49a",
        "JL Jonassen": "0475a86b",
        "L Harris": "36e2dc83",
        "M Hinkley": "3812165d",
        "ML Green": "865eae1f",
        "N de Klerk": "ea544967",
        "NE Stalenberg": "609c519e",
        "NJ Carey": "dff806f4",
        "NM Hancock": "af8c3a85",
        "RH Priest": "e6f0408a",
        "Roberto Howard": "eec90c4b",
        "SK Moloney": "a0bc8dc1",
        "SR Bernard": "800187dc"
      }
    },
    "season": "2020/21",
    "team_type": "club",
    "teams": [
      "Brisbane Heat",
      "Hobart Hurricanes"
    ],
    "toss": {
      "decision": "field",
      "winner": "Hobart Hurricanes"
    },
    "venue": "Sydney Showground Stadium"
  },
  "innings": [
    {
      "team": "Brisbane Heat",
      "overs": [
        {
          "over": 0,
          "deliveries": [
            {
              "batter": "G Redmayne",
              "bowler": "B Vakarewa",
              "non_striker": "ML Green",
              "runs": {
                "batter": 0,
                "extras": 0,
                "total": 0
              }
            },
            {
              "batter": "G Redmayne",
              "bowler": "B Vakarewa",
              "non_striker": "ML Green",
              "runs": {
                "batter": 0,
                "extras": 0,
                "total": 0
              },
              "wickets": [
                {
                  "player_out": "G Redmayne",
                  "kind": "bowled"
                }
              ]
            },
            {
              "batter": "JL Jonassen",
              "bowler": "B Vakarewa",
              "non_striker": "ML Green",
              "runs": {
                "batter": 1,
                "extras": 0,
                "total": 1
              }
            },
            {
              "batter": "ML Green",
              "bowler": "B Vakarewa",
              "non_striker": "JL Jonassen",
              "runs": {
                "batter": 4,
                "extras": 0,
                "total": 4
              }
            },
            {
              "batter": "ML Green",
              "bowler": "B Vakarewa",
              "non_striker": "JL Jonassen",
              "runs": {
                "batter": 0,
                "extras": 0,
                "total": 0
              }
            },
            {
              "batter": "ML Green",
              "bowler": "B Vakarewa",
              "non_striker": "JL Jonassen",
              "runs": {
                "batter": 0,
                "extras": 0,
                "total": 0
              }
            }
          ]
        },
        {
          "over": 1,
          "deliveries": [
            {
              "batter": "JL Jonassen",
              "bowler": "CL Tryon",
              "non_striker": "ML Green",
              "runs": {
                "batter": 0,
                "extras": 0,
                "total": 0
              }
            },
            {
              "batter": "JL Jonassen",
              "bowler": "CL Tryon",
              "extras": {
                "wides": 1
              },
              "non_striker": "ML Green",
              "runs": {
                "batter": 0,
                "extras": 1,
                "total": 1
              }
            },
            {
              "batter": "JL Jonassen",
              "bowler": "CL Tryon",
              "non_striker": "ML Green",
              "runs": {
                "batter": 4,
                "extras": 0,
                "total": 4
              }
            },
            {
              "batter": "JL Jonassen",
              "bowler": "CL Tryon",
              "non_striker": "ML Green",
              "runs": {
                "batter": 0,
                "extras": 0,
                "total": 0
              }
            },
            {
              "batter": "JL Jonassen",
              "bowler": "CL Tryon",
              "non_striker": "ML Green",
              "runs": {
                "batter": 1,
                "extras": 0,
                "total": 1
              }
            },
            {
              "batter": "ML Green",
              "bowler": "CL Tryon",
              "non_striker": "JL Jonassen",
              "runs": {
                "batter": 0,
                "extras": 0,
                "total": 0
              }
            },
            {
              "batter": "ML Green",
              "bowler": "CL Tryon",
              "non_striker": "JL Jonassen",
              "runs": {
                "batter": 0,
                "extras": 0,
                "total": 0
              }
            }
          ]
        },
        {
          "over": 2,
          "deliveries": [
            {
              "batter": "JL Jonassen",
              "bowler": "B Vakarewa",
              "non_striker": "ML Green",
              "runs": {
                "batter": 0,
                "extras": 0,
                "total": 0
              }
            },
            {
              "batter": "JL Jonassen",
              "bowler": "B Vakarewa",
              "non_striker": "ML Green",
              "runs": {
                "batter": 1,
                "extras": 0,
                "total": 1
              }
            },
            {
              "batter": "ML Green",
              "bowler": "B Vakarewa",
              "non_striker": "JL Jonassen",
              "runs": {
                "batter": 0,
                "extras": 0,
                "total": 0
              }
            },
            {
              "batter": "ML Green",
              "bowler": "B Vakarewa",
              "non_striker": "JL Jonassen",
              "runs": {
                "batter": 1,
                "extras": 0,
                "total": 1
              }
            },
            {
              "batter": "JL Jonassen",
              "bowler": "B Vakarewa",
              "non_striker": "ML Green",
              "runs": {
                "batter": 1,
                "extras": 0,
                "total": 1
              }
            },
            {
              "batter": "ML Green",
              "bowler": "B Vakarewa",
              "non_striker": "JL Jonassen",
              "runs": {
                "batter": 4,
                "extras": 0,
                "total": 4
              }
            }
          ]
        },
        {
          "over": 3,
          "deliveries": [
            {
              "batter": "JL Jonassen",
              "bowler": "HK Matthews",
              "non_striker": "ML Green",
              "runs": {
                "batter": 1,
                "extras": 0,
                "total": 1
              }
            },
            {
              "batter": "ML Green",
              "bowler": "HK Matthews",
              "non_striker": "JL Jonassen",
              "runs": {
                "batter": 1,
                "extras": 0,
                "total": 1
              }
            },
            {
              "batter": "JL Jonassen",
              "bowler": "HK Matthews",
              "non_striker": "ML Green",
              "runs": {
                "batter": 1,
                "extras": 0,
                "total": 1
              }
            },
            {
              "batter": "ML Green",
              "bowler": "HK Matthews",
              "non_striker": "JL Jonassen",
              "runs": {
                "batter": 4,
                "extras": 0,
                "total": 4
              }
            },
            {
              "batter": "ML Green",
              "bowler": "HK Matthews",
              "non_striker": "JL Jonassen",
              "runs": {
                "batter": 0,
                "extras": 0,
                "total": 0
              }
            },
            {
              "batter": "ML Green",
              "bowler": "HK Matthews",
              "non_striker": "JL Jonassen",
              "runs": {
                "batter": 2,
                "extras": 0,
                "total": 2
              }
            }
          ]
        },
        {
          "over": 4,
          "deliveries": [
            {
              "batter": "JL Jonassen",
              "bowler": "B Hepburn",
              "non_striker": "ML Green",
              "runs": {
                "batter": 0,
                "extras": 0,
                "total": 0
              }
            },
            {
              "batter": "JL Jonassen",
              "bowler": "B Hepburn",
              "non_striker": "ML Green",
              "runs": {
                "batter": 1,
                "extras": 0,
                "total": 1
              }
            },
            {
              "batter": "ML Green",
              "bowler": "B Hepburn",
              "non_striker": "JL Jonassen",
              "runs": {
                "batter": 1,
                "extras": 0,
                "total": 1
              }
            },
            {
              "batter": "JL Jonassen",
              "bowler": "B Hepburn",
              "non_striker": "ML Green",
              "runs": {
                "batter": 0,
                "extras": 0,
                "total": 0
              }
            },
            {
              "batter": "JL Jonassen",
              "bowler": "B Hepburn",
              "non_striker": "ML Green",
              "runs": {
                "batter": 0,
                "extras": 0,
                "total": 0
              }
            },
            {
              "batter": "JL Jonassen",
              "bowler": "B Hepburn",
              "non_striker": "ML Green",
              "runs": {
                "batter": 0,
                "extras": 0,
                "total": 0
              }
            }
          ]
        },
        {
          "over": 5,
          "deliveries": [
            {
              "batter": "ML Green",
              "bowler": "CL Tryon",
              "non_striker": "JL Jonassen",
              "runs": {
                "batter": 4,
                "extras": 0,
                "total": 4
              }
            },
            {
              "batter": "ML Green",
              "bowler": "CL Tryon",
              "non_striker": "JL Jonassen",
              "runs": {
                "batter": 1,
                "extras": 0,
                "total": 1
              }
            },
            {
              "batter": "JL Jonassen",
              "bowler": "CL Tryon",
              "non_striker": "ML Green",
              "runs": {
                "batter": 1,
                "extras": 0,
                "total": 1
              }
            },
            {
              "batter": "ML Green",
              "bowler": "CL Tryon",
              "non_striker": "JL Jonassen",
              "runs": {
                "batter": 2,
                "extras": 0,
                "total": 2
              }
            },
            {
              "batter": "ML Green",
              "bowler": "CL Tryon",
              "non_striker": "JL Jonassen",
              "runs": {
                "batter": 0,
                "extras": 0,
                "total": 0
              }
            },
            {
              "batter": "ML Green",
              "bowler": "CL Tryon",
              "non_striker": "JL Jonassen",
              "runs": {
                "batter": 0,
                "extras": 0,
                "total": 0
              }
            }
          ]
        },
        {
          "over": 6,
          "deliveries": [
            {
              "batter": "JL Jonassen",
              "bowler": "B Hepburn",
              "extras": {
                "byes": 1
              },
              "non_striker": "ML Green",
              "runs": {
                "batter": 0,
                "extras": 1,
                "total": 1
              }
            },
            {
              "batter": "ML Green",
              "bowler": "B Hepburn",
              "non_striker": "JL Jonassen",
              "runs": {
                "batter": 6,
                "extras": 0,
                "total": 6
              }
            },
            {
              "batter": "ML Green",
              "bowler": "B Hepburn",
              "non_striker": "JL Jonassen",
              "runs": {
                "batter": 0,
                "extras": 0,
                "total": 0
              }
            },
            {
              "batter": "ML Green",
              "bowler": "B Hepburn",
              "non_striker": "JL Jonassen",
              "runs": {
                "batter": 1,
                "extras": 0,
                "total": 1
              }
            },
            {
              "batter": "JL Jonassen",
              "bowler": "B Hepburn",
              "non_striker": "ML Green",
              "runs": {
                "batter": 4,
                "extras": 0,
                "total": 4
              }
            },
            {
              "batter": "JL Jonassen",
              "bowler": "B Hepburn",
              "non_striker": "ML Green",
              "runs": {
                "batter": 4,
                "extras": 0,
                "total": 4
              }
            }
          ]
        },
        {
          "over": 7,
          "deliveries": [
            {
              "batter": "ML Green",
              "bowler": "NJ Carey",
              "non_striker": "JL Jonassen",
              "runs": {
                "batter": 1,
                "extras": 0,
                "total": 1
              }
            },
            {
              "batter": "JL Jonassen",
              "bowler": "NJ Carey",
              "non_striker": "ML Green",
              "runs": {
                "batter": 1,
                "extras": 0,
                "total": 1
              }
            },
            {
              "batter": "ML Green",
              "bowler": "NJ Carey",
              "non_striker": "JL Jonassen",
              "runs": {
                "batter": 1,
                "extras": 0,
                "total": 1
              }
            },
            {
              "batter": "JL Jonassen",
              "bowler": "NJ Carey",
              "non_striker": "ML Green",
              "runs": {
                "batter": 1,
                "extras": 0,
                "total": 1
              }
            },
            {
              "batter": "ML Green",
              "bowler": "NJ Carey",
              "non_striker": "JL Jonassen",
              "runs": {
                "batter": 0,
                "extras": 0,
                "total": 0
              },
              "wickets": [
                {
                  "player_out": "ML Green",
                  "kind": "caught and bowled"
                }
              ]
            },
            {
              "batter": "JL Jonassen",
              "bowler": "NJ Carey",
              "non_striker": "GM Harris",
              "runs": {
                "batter": 0,
                "extras": 0,
                "total": 0
              }
            }
          ]
        },
        {
          "over": 8,
          "deliveries": [
            {
              "batter": "GM Harris",
              "bowler": "B Vakarewa",
              "non_striker": "JL Jonassen",
              "runs": {
                "batter": 0,
                "extras": 0,
                "total": 0
              }
            },
            {
              "batter": "GM Harris",
              "bowler": "B Vakarewa",
              "non_striker": "JL Jonassen",
              "runs": {
                "batter": 4,
                "extras": 0,
                "total": 4
              }
            },
            {
              "batter": "GM Harris",
              "bowler": "B Vakarewa",
              "non_striker": "JL Jonassen",
              "runs": {
                "batter": 0,
                "extras": 0,
                "total": 0
              }
            },
            {
              "batter": "GM Harris",
              "bowler": "B Vakarewa",
              "non_striker": "JL Jonassen",
              "runs": {
                "batter": 1,
                "extras": 0,
                "total": 1
              }
            },
            {
              "batter": "JL Jonassen",
              "bowler": "B Vakarewa",
              "non_striker": "GM Harris",
              "runs": {
                "batter": 1,
                "extras": 0,
                "total": 1
              }
            },
            {
              "batter": "GM Harris",
              "bowler": "B Vakarewa",
              "extras": {
                "wides": 1
              },
              "non_striker": "JL Jonassen",
              "runs": {
                "batter": 0,
                "extras": 1,
                "total": 1
              }
            },
            {
              "batter": "GM Harris",
              "bowler": "B Vakarewa",
              "non_striker": "JL Jonassen",
              "runs": {
                "batter": 1,
                "extras": 0,
                "total": 1
              }
            }
          ]
        },
        {
          "over": 9,
          "deliveries": [
            {
              "batter": "GM Harris",
              "bowler": "NJ Carey",
              "non_striker": "JL Jonassen",
              "runs": {
                "batter": 1,
                "extras": 0,
                "total": 1
              }
            },
            {
              "batter": "JL Jonassen",
              "bowler": "NJ Carey",
              "non_striker": "GM Harris",
              "runs": {
                "batter": 1,
                "extras": 0,
                "total": 1
              }
            },
            {
              "batter": "GM Harris",
              "bowler": "NJ Carey",
              "non_striker": "JL Jonassen",
              "runs": {
                "batter": 0,
                "extras": 0,
                "total": 0
              }
            },
            {
              "batter": "GM Harris",
              "bowler": "NJ Carey",
              "non_striker": "JL Jonassen",
              "runs": {
                "batter": 0,
                "extras": 0,
                "total": 0
              }
            },
            {
              "batter": "GM Harris",
              "bowler": "NJ Carey",
              "non_striker": "JL Jonassen",
              "runs": {
                "batter": 1,
                "extras": 0,
                "total": 1
              }
            },
            {
              "batter": "JL Jonassen",
              "bowler": "NJ Carey",
              "non_striker": "GM Harris",
              "runs": {
                "batter": 4,
                "extras": 0,
                "total": 4
              }
            }
          ]
        },
        {
          "over": 10,
          "deliveries": [
            {
              "batter": "GM Harris",
              "bowler": "A Smith",
              "extras": {
                "legbyes": 1
              },
              "non_striker": "JL Jonassen",
              "runs": {
                "batter": 0,
                "extras": 1,
                "total": 1
              }
            },
            {
              "batter": "JL Jonassen",
              "bowler": "A Smith",
              "non_striker": "GM Harris",
              "runs": {
                "batter": 1,
                "extras": 0,
                "total": 1
              }
            },
            {
              "batter": "GM Harris",
              "bowler": "A Smith",
              "non_striker": "JL Jonassen",
              "runs": {
                "batter": 0,
                "extras": 0,
                "total": 0
              }
            },
            {
              "batter": "GM Harris",
              "bowler": "A Smith",
              "extras": {
                "wides": 1
              },
              "non_striker": "JL Jonassen",
              "runs": {
                "batter": 0,
                "extras": 1,
                "total": 1
              }
            },
            {
              "batter": "GM Harris",
              "bowler": "A Smith",
              "non_striker": "JL Jonassen",
              "runs": {
                "batter": 4,
                "extras": 0,
                "total": 4
              }
            },
            {
              "batter": "GM Harris",
              "bowler": "A Smith",
              "non_striker": "JL Jonassen",
              "runs": {
                "batter": 1,
                "extras": 0,
                "total": 1
              }
            },
            {
              "batter": "JL Jonassen",
              "bowler": "A Smith",
              "non_striker": "GM Harris",
              "runs": {
                "batter": 0,
                "extras": 0,
                "total": 0
              }
            }
          ]
        }
      ],
      "powerplays": [
        {
          "from": 0.1,
          "to": 5.6,
          "type": "mandatory"
        }
      ]
    },
    {
      "team": "Hobart Hurricanes",
      "overs": [
        {
          "over": 0,
          "deliveries": [
            {
              "batter": "RH Priest",
              "bowler": "G Prestwidge",
              "non_striker": "CL Tryon",
              "runs": {
                "batter": 0,
                "extras": 0,
                "total": 0
              }
            },
            {
              "batter": "RH Priest",
              "bowler": "G Prestwidge",
              "non_striker": "CL Tryon",
              "runs": {
                "batter": 1,
                "extras": 0,
                "total": 1
              }
            },
            {
              "batter": "CL Tryon",
              "bowler": "G Prestwidge",
              "non_striker": "RH Priest",
              "runs": {
                "batter": 0,
                "extras": 0,
                "total": 0
              }
            },
            {
              "batter": "CL Tryon",
              "bowler": "G Prestwidge",
              "non_striker": "RH Priest",
              "runs": {
                "batter": 0,
                "extras": 0,
                "total": 0
              }
            },
            {
              "batter": "CL Tryon",
              "bowler": "G Prestwidge",
              "non_striker": "RH Priest",
              "runs": {
                "batter": 1,
                "extras": 0,
                "total": 1
              }
            },
            {
              "batter": "RH Priest",
              "bowler": "G Prestwidge",
              "non_striker": "CL Tryon",
              "runs": {
                "batter": 0,
                "extras": 0,
                "total": 0
              }
            }
          ]
        },
        {
          "over": 1,
          "deliveries": [
            {
              "batter": "CL Tryon",
              "bowler": "JL Jonassen",
              "non_striker": "RH Priest",
              "runs": {
                "batter": 4,
                "extras": 0,
                "total": 4
              }
            },
            {
              "batter": "CL Tryon",
              "bowler": "JL Jonassen",
              "non_striker": "RH Priest",
              "runs": {
                "batter": 0,
                "extras": 0,
                "total": 0
              }
            },
            {
              "batter": "CL Tryon",
              "bowler": "JL Jonassen",
              "non_striker": "RH Priest",
              "runs": {
                "batter": 1,
                "extras": 0,
                "total": 1
              }
            },
            {
              "batter": "RH Priest",
              "bowler": "JL Jonassen",
              "non_striker": "CL Tryon",
              "runs": {
                "batter": 4,
                "extras": 0,
                "total": 4
              }
            },
            {
              "batter": "RH Priest",
              "bowler": "JL Jonassen",
              "non_striker": "CL Tryon",
              "runs": {
                "batter": 4,
                "extras": 0,
                "total": 4
              }
            },
            {
              "batter": "RH Priest",
              "bowler": "JL Jonassen",
              "non_striker": "CL Tryon",
              "runs": {
                "batter": 0,
                "extras": 0,
                "total": 0
              }
            }
          ]
        },
        {
          "over": 2,
          "deliveries": [
            {
              "batter": "CL Tryon",
              "bowler": "NM Hancock",
              "non_striker": "RH Priest",
              "runs": {
                "batter": 6,
                "extras": 0,
                "total": 6
              }
            },
            {
              "batter": "CL Tryon",
              "bowler": "NM Hancock",
              "non_striker": "RH Priest",
              "runs": {
                "batter": 0,
                "extras": 0,
                "total": 0
              }
            },
            {
              "batter": "CL Tryon",
              "bowler": "NM Hancock",
              "non_striker": "RH Priest",
              "runs": {
                "batter": 1,
                "extras": 0,
                "total": 1
              }
            },
            {
              "batter": "RH Priest",
              "bowler": "NM Hancock",
              "extras": {
                "wides": 1
              },
              "non_striker": "CL Tryon",
              "runs": {
                "batter": 0,
                "extras": 1,
                "total": 1
              }
            },
            {
              "batter": "RH Priest",
              "bowler": "NM Hancock",
              "non_striker": "CL Tryon",
              "runs": {
                "batter": 0,
                "extras": 0,
                "total": 0
              }
            },
            {
              "batter": "RH Priest",
              "bowler": "NM Hancock",
              "non_striker": "CL Tryon",
              "runs": {
                "batter": 1,
                "extras": 0,
                "total": 1
              }
            },
            {
              "batter": "CL Tryon",
              "bowler": "NM Hancock",
              "non_striker": "RH Priest",
              "runs": {
                "batter": 0,
                "extras": 0,
                "total": 0
              }
            }
          ]
        },
        {
          "over": 3,
          "deliveries": [
            {
              "batter": "RH Priest",
              "bowler": "DM Kimmince",
              "non_striker": "CL Tryon",
              "runs": {
                "batter": 1,
                "extras": 0,
                "total": 1
              }
            },
            {
              "batter": "CL Tryon",
              "bowler": "DM Kimmince",
              "non_striker": "RH Priest",
              "runs": {
                "batter": 4,
                "extras": 0,
                "total": 4
              }
            },
            {
              "batter": "CL Tryon",
              "bowler": "DM Kimmince",
              "non_striker": "RH Priest",
              "runs": {
                "batter": 6,
                "extras": 0,
                "total": 6
              }
            },
            {
              "batter": "CL Tryon",
              "bowler": "DM Kimmince",
              "non_striker": "RH Priest",
              "runs": {
                "batter": 1,
                "extras": 0,
                "total": 1
              }
            },
            {
              "batter": "RH Priest",
              "bowler": "DM Kimmince",
              "non_striker": "CL Tryon",
              "runs": {
                "batter": 0,
                "extras": 0,
                "total": 0
              }
            },
            {
              "batter": "RH Priest",
              "bowler": "DM Kimmince",
              "non_striker": "CL Tryon",
              "runs": {
                "batter": 4,
                "extras": 0,
                "total": 4
              }
            }
          ]
        },
        {
          "over": 4,
          "deliveries": [
            {
              "batter": "CL Tryon",
              "bowler": "AC Kerr",
              "non_striker": "RH Priest",
              "runs": {
                "batter": 1,
                "extras": 0,
                "total": 1
              }
            },
            {
              "batter": "RH Priest",
              "bowler": "AC Kerr",
              "non_striker": "CL Tryon",
              "runs": {
                "batter": 1,
                "extras": 0,
                "total": 1
              }
            },
            {
              "batter": "CL Tryon",
              "bowler": "AC Kerr",
              "non_striker": "RH Priest",
              "runs": {
                "batter": 1,
                "extras": 0,
                "total": 1
              }
            }
          ]
        }
      ],
      "powerplays": [
        {
          "from": 0.1,
          "to": 2.7,
          "type": "mandatory"
        }
      ],
      "target": {
        "overs": 11,
        "runs": 106
      }
    }
  ]
}