{
  "meta": {
    "data_version": "1.0.0",
    "created": "2020-11-14",
    "revision": 1
  },
  "info": {
    "balls_per_over": 6,
    "dates": [
      "2020-11-14"
    ],
    "event": {
      "name": "Women's Big Bash League",
      "match_number": 36
    },
    "gender": "female",
    "match_type": "T20",
    "officials": {
      "match_referees": [
        "SR Bernard"
      ],
      "tv_umpires": [
        "CA Polosak"
      ],
      "umpires": [
        "Andrew Crozier",
        "AK Wilds"
      ]
    },
    "outcome": {
      "winner": "Melbourne Stars",
      "by": {
        "wickets": 8
      }
    },
    "overs": 20,
    "player_of_match": [
      "NR Sciver"
    ],
    "players": {
      "Sydney Thunder": [
        "TT Beaumont",
        "SJ Johnson",
        "HC Knight",
        "RL Haynes",
        "P Litchfield",
        "R Trenaman",
        "T Wilson",
        "HJ Darlington",
        "LG Smith",
        "S Ismail",
        "SL Bates"
      ],
      "Melbourne Stars": [
        "EJ Villani",
        "MM Lanning",
        "M du Preez",
        "NR Sciver",
        "A Sutherland",
        "EA Osborne",
        "N Faltum",
        "T Flintoff",
        "KH Brunt",
        "S Day",
        "A King"
      ]
    },
    "registry": {
      "people": {
        "A King": "83558266",
        "A Sutherland": "65d9b6b6",
        "AK Wilds": "de412f40",
        "Andrew Crozier": "00d07580",
        "CA Polosak": "26a360d2",
        "EA Osborne": "fe731c62",
        "EJ Villani": "cde96d97",
        "HC Knight": "4ba0289e",
        "HJ Darlington": "50b558d2",
        "KH Brunt": "6a434bd3",
        "LG Smith": "9c515112",
        "M du Preez": "e219f17a",
        "MM Lanning": "27e003ce",
        "N Faltum": "9a56c670",
        "NR Sciver": "f3a18a0c",
        "P Litchfield": "4e6ef14f",
        "R Trenaman": "877dd709",
        "RL Haynes": "d7c6b0fb",
        "S Day": "c3d27d76",
        "S Ismail": "108c4c09",
        "SJ Johnson": "d7b754d4",
        "SL Bates": "0816fb1e",
        "SR Bernard": "800187dc",
        "T Flintoff": "5471b94a",
        "T Wilson": "32100b2d",
        "TT Beaumont": "b2664905"
      }
    },
    "season": "2020/21",
    "team_type": "club",
    "teams": [
      "Sydney Thunder",
      "Melbourne Stars"
    ],
    "toss": {
      "decision": "field",
      "winner": "Melbourne Stars"
    },
    "venue": "Sydney Showground Stadium"
  },
  "innings": [
    {
      "team": "Sydney Thunder",
      "overs": [
        {
          "over": 0,
          "deliveries": [
            {
              "batter": "TT Beaumont",
              "bowler": "KH Brunt",
              "non_striker": "SJ Johnson",
              "runs": {
                "batter": 1,
                "extras": 0,
                "total": 1
              }
            },
            {
              "batter": "SJ Johnson",
              "bowler": "KH Brunt",
              "extras": {
                "wides": 1
              },
              "non_striker": "TT Beaumont",
              "runs": {
                "batter": 0,
                "extras": 1,
                "total": 1
              }
            },
            {
              "batter": "SJ Johnson",
              "bowler": "KH Brunt",
              "non_striker": "TT Beaumont",
              "runs": {
                "batter": 0,
                "extras": 0,
                "total": 0
              }
            },
            {
              "batter": "SJ Johnson",
              "bowler": "KH Brunt",
              "non_striker": "TT Beaumont",
              "runs": {
                "batter": 4,
                "extras": 0,
                "total": 4
              }
            },
            {
              "batter": "SJ Johnson",
              "bowler": "KH Brunt",
              "non_striker": "TT Beaumont",
              "runs": {
                "batter": 1,
                "extras": 0,
                "total": 1
              }
            },
            {
              "batter": "TT Beaumont",
              "bowler": "KH Brunt",
              "extras": {
                "legbyes": 1
              },
              "non_striker": "SJ Johnson",
              "runs": {
                "batter": 0,
                "extras": 1,
                "total": 1
              }
            },
            {
              "batter": "SJ Johnson",
              "bowler": "KH Brunt",
              "non_striker": "TT Beaumont",
              "runs": {
                "batter": 1,
                "extras": 0,
                "total": 1
              }
            }
          ]
        },
        {
          "over": 1,
          "deliveries": [
            {
              "batter": "SJ Johnson",
              "bowler": "NR Sciver",
              "non_striker": "TT Beaumont",
              "runs": {
                "batter": 0,
                "extras": 0,
                "total": 0
              }
            },
            {
              "batter": "SJ Johnson",
              "bowler": "NR Sciver",
              "non_striker": "TT Beaumont",
              "runs": {
                "batter": 0,
                "extras": 0,
                "total": 0
              }
            },
            {
              "batter": "SJ Johnson",
              "bowler": "NR Sciver",
              "non_striker": "TT Beaumont",
              "runs": {
                "batter": 1,
                "extras": 0,
                "total": 1
              }
            },
            {
              "batter": "TT Beaumont",
              "bowler": "NR Sciver",
              "non_striker": "SJ Johnson",
              "runs": {
                "batter": 0,
                "extras": 0,
                "total": 0
              }
            },
            {
              "batter": "TT Beaumont",
              "bowler": "NR Sciver",
              "non_striker": "SJ Johnson",
              "runs": {
                "batter": 0,
                "extras": 0,
                "total": 0
              }
            },
            {
              "batter": "TT Beaumont",
              "bowler": "NR Sciver",
              "non_striker": "SJ Johnson",
              "runs": {
                "batter": 1,
                "extras": 0,
                "total": 1
              }
            }
          ]
        },
        {
          "over": 2,
          "deliveries": [
            {
              "batter": "TT Beaumont",
              "bowler": "KH Brunt",
              "extras": {
                "legbyes": 1
              },
              "non_striker": "SJ Johnson",
              "runs": {
                "batter": 0,
                "extras": 1,
                "total": 1
              }
            },
            {
              "batter": "SJ Johnson",
              "bowler": "KH Brunt",
              "non_striker": "TT Beaumont",
              "runs": {
                "batter": 0,
                "extras": 0,
                "total": 0
              },
              "wickets": [
                {
                  "player_out": "SJ Johnson",
                  "kind": "bowled"
                }
              ]
            },
            {
              "batter": "HC Knight",
              "bowler": "KH Brunt",
              "non_striker": "TT Beaumont",
              "runs": {
                "batter": 0,
                "extras": 0,
                "total": 0
              }
            },
            {
              "batter": "HC Knight",
              "bowler": "KH Brunt",
              "extras": {
                "wides": 5
              },
              "non_striker": "TT Beaumont",
              "runs": {
                "batter": 0,
                "extras": 5,
                "total": 5
              }
            },
            {
              "batter": "HC Knight",
              "bowler": "KH Brunt",
              "non_striker": "TT Beaumont",
              "runs": {
                "batter": 0,
                "extras": 0,
                "total": 0
              }
            },
            {
              "batter": "HC Knight",
              "bowler": "KH Brunt",
              "non_striker": "TT Beaumont",
              "runs": {
                "batter": 0,
                "extras": 0,
                "total": 0
              }
            },
            {
              "batter": "HC Knight",
              "bowler": "KH Brunt",
              "non_striker": "TT Beaumont",
              "runs": {
                "batter": 0,
                "extras": 0,
                "total": 0
              },
              "wickets": [
                {
                  "player_out": "HC Knight",
                  "fielders": [
                    {
                      "name": "EA Osborne"
                    }
                  ],
                  "kind": "caught"
                }
              ]
            }
          ]
        },
        {
          "over": 3,
          "deliveries": [
            {
              "batter": "RL Haynes",
              "bowler": "A Sutherland",
              "non_striker": "TT Beaumont",
              "runs": {
                "batter": 0,
                "extras": 0,
                "total": 0
              }
            },
            {
              "batter": "RL Haynes",
              "bowler": "A Sutherland",
              "non_striker": "TT Beaumont",
              "runs": {
                "batter": 0,
                "extras": 0,
                "total": 0
              }
            },
            {
              "batter": "RL Haynes",
              "bowler": "A Sutherland",
              "extras": {
                "legbyes": 1
              },
              "non_striker": "TT Beaumont",
              "runs": {
                "batter": 0,
                "extras": 1,
                "total": 1
              }
            },
            {
              "batter": "TT Beaumont",
              "bowler": "A Sutherland",
              "non_striker": "RL Haynes",
              "runs": {
                "batter": 0,
                "extras": 0,
                "total": 0
              }
            },
            {
              "batter": "TT Beaumont",
              "bowler": "A Sutherland",
              "non_striker": "RL Haynes",
              "runs": {
                "batter": 0,
                "extras": 0,
                "total": 0
              }
            },
            {
              "batter": "TT Beaumont",
              "bowler": "A Sutherland",
              "non_striker": "RL Haynes",
              "runs": {
                "batter": 0,
                "extras": 0,
                "total": 0
              }
            }
          ]
        },
        {
          "over": 4,
          "deliveries": [
            {
              "batter": "RL Haynes",
              "bowler": "KH Brunt",
              "non_striker": "TT Beaumont",
              "runs": {
                "batter": 1,
                "extras": 0,
                "total": 1
              }
            },
            {
              "batter": "TT Beaumont",
              "bowler": "KH Brunt",
              "extras": {
                "wides": 1
              },
              "non_striker": "RL Haynes",
              "runs": {
                "batter": 0,
                "extras": 1,
                "total": 1
              }
            },
            {
              "batter": "TT Beaumont",
              "bowler": "KH Brunt",
              "non_striker": "RL Haynes",
              "runs": {
                "batter": 1,
                "extras": 0,
                "total": 1
              }
            },
            {
              "batter": "RL Haynes",
              "bowler": "KH Brunt",
              "non_striker": "TT Beaumont",
              "runs": {
                "batter": 1,
                "extras": 0,
                "total": 1
              }
            },
            {
              "batter": "TT Beaumont",
              "bowler": "KH Brunt",
              "non_striker": "RL Haynes",
              "runs": {
                "batter": 1,
                "extras": 0,
                "total": 1
              }
            },
            {
              "batter": "RL Haynes",
              "bowler": "KH Brunt",
              "non_striker": "TT Beaumont",
              "runs": {
                "batter": 0,
                "extras": 0,
                "total": 0
              }
            },
            {
              "batter": "RL Haynes",
              "bowler": "KH Brunt",
              "non_striker": "TT Beaumont",
              "runs": {
                "batter": 1,
                "extras": 0,
                "total": 1
              }
            }
          ]
        },
        {
          "over": 5,
          "deliveries": [
            {
              "batter": "RL Haynes",
              "bowler": "NR Sciver",
              "non_striker": "TT Beaumont",
              "runs": {
                "batter": 0,
                "extras": 0,
                "total": 0
              }
            },
            {
              "batter": "RL Haynes",
              "bowler": "NR Sciver",
              "non_striker": "TT Beaumont",
              "runs": {
                "batter": 0,
                "extras": 0,
                "total": 0
              }
            },
            {
              "batter": "RL Haynes",
              "bowler": "NR Sciver",
              "non_striker": "TT Beaumont",
              "runs": {
                "batter": 0,
                "extras": 0,
                "total": 0
              }
            },
            {
              "batter": "RL Haynes",
              "bowler": "NR Sciver",
              "non_striker": "TT Beaumont",
              "runs": {
                "batter": 0,
                "extras": 0,
                "total": 0
              }
            },
            {
              "batter": "RL Haynes",
              "bowler": "NR Sciver",
              "non_striker": "TT Beaumont",
              "runs": {
                "batter": 4,
                "extras": 0,
                "total": 4
              }
            },
            {
              "batter": "RL Haynes",
              "bowler": "NR Sciver",
              "non_striker": "TT Beaumont",
              "runs": {
                "batter": 1,
                "extras": 0,
                "total": 1
              }
            }
          ]
        },
        {
          "over": 6,
          "deliveries": [
            {
              "batter": "RL Haynes",
              "bowler": "EA Osborne",
              "non_striker": "TT Beaumont",
              "runs": {
                "batter": 0,
                "extras": 0,
                "total": 0
              }
            },
            {
              "batter": "RL Haynes",
              "bowler": "EA Osborne",
              "non_striker": "TT Beaumont",
              "runs": {
                "batter": 0,
                "extras": 0,
                "total": 0
              }
            },
            {
              "batter": "RL Haynes",
              "bowler": "EA Osborne",
              "non_striker": "TT Beaumont",
              "runs": {
                "batter": 1,
                "extras": 0,
                "total": 1
              }
            },
            {
              "batter": "TT Beaumont",
              "bowler": "EA Osborne",
              "non_striker": "RL Haynes",
              "runs": {
                "batter": 1,
                "extras": 0,
                "total": 1
              }
            },
            {
              "batter": "RL Haynes",
              "bowler": "EA Osborne",
              "non_striker": "TT Beaumont",
              "runs": {
                "batter": 1,
                "extras": 0,
                "total": 1
              }
            },
            {
              "batter": "TT Beaumont",
              "bowler": "EA Osborne",
              "non_striker": "RL Haynes",
              "runs": {
                "batter": 0,
                "extras": 0,
                "total": 0
              }
            }
          ]
        },
        {
          "over": 7,
          "deliveries": [
            {
              "batter": "RL Haynes",
              "bowler": "S Day",
              "non_striker": "TT Beaumont",
              "runs": {
                "batter": 1,
                "extras": 0,
                "total": 1
              }
            },
            {
              "batter": "TT Beaumont",
              "bowler": "S Day",
              "extras": {
                "byes": 1
              },
              "non_striker": "RL Haynes",
              "runs": {
                "batter": 0,
                "extras": 1,
                "total": 1
              }
            },
            {
              "batter": "RL Haynes",
              "bowler": "S Day",
              "non_striker": "TT Beaumont",
              "runs": {
                "batter": 1,
                "extras": 0,
                "total": 1
              }
            },
            {
              "batter": "TT Beaumont",
              "bowler": "S Day",
              "non_striker": "RL Haynes",
              "runs": {
                "batter": 1,
                "extras": 0,
                "total": 1
              }
            },
            {
              "batter": "RL Haynes",
              "bowler": "S Day",
              "non_striker": "TT Beaumont",
              "runs": {
                "batter": 4,
                "extras": 0,
                "total": 4
              }
            },
            {
              "batter": "RL Haynes",
              "bowler": "S Day",
              "non_striker": "TT Beaumont",
              "runs": {
                "batter": 1,
                "extras": 0,
                "total": 1
              }
            }
          ]
        },
        {
          "over": 8,
          "deliveries": [
            {
              "batter": "RL Haynes",
              "bowler": "EA Osborne",
              "non_striker": "TT Beaumont",
              "runs": {
                "batter": 0,
                "extras": 0,
                "total": 0
              }
            },
            {
              "batter": "RL Haynes",
              "bowler": "EA Osborne",
              "non_striker": "TT Beaumont",
              "runs": {
                "batter": 1,
                "extras": 0,
                "total": 1
              }
            },
            {
              "batter": "TT Beaumont",
              "bowler": "EA Osborne",
              "non_striker": "RL Haynes",
              "runs": {
                "batter": 0,
                "extras": 0,
                "total": 0
              }
            },
            {
              "batter": "TT Beaumont",
              "bowler": "EA Osborne",
              "non_striker": "RL Haynes",
              "runs": {
                "batter": 0,
                "extras": 0,
                "total": 0
              }
            },
            {
              "batter": "TT Beaumont",
              "bowler": "EA Osborne",
              "non_striker": "RL Haynes",
              "runs": {
                "batter": 0,
                "extras": 0,
                "total": 0
              }
            },
            {
              "batter": "TT Beaumont",
              "bowler": "EA Osborne",
              "non_striker": "RL Haynes",
              "runs": {
                "batter": 4,
                "extras": 0,
                "total": 4
              }
            }
          ]
        },
        {
          "over": 9,
          "deliveries": [
            {
              "batter": "RL Haynes",
              "bowler": "T Flintoff",
              "non_striker": "TT Beaumont",
              "runs": {
                "batter": 1,
                "extras": 0,
                "total": 1
              }
            },
            {
              "batter": "TT Beaumont",
              "bowler": "T Flintoff",
              "non_striker": "RL Haynes",
              "runs": {
                "batter": 0,
                "extras": 0,
                "total": 0
              }
            },
            {
              "batter": "TT Beaumont",
              "bowler": "T Flintoff",
              "non_striker": "RL Haynes",
              "runs": {
                "batter": 1,
                "extras": 0,
                "total": 1
              }
            },
            {
              "batter": "RL Haynes",
              "bowler": "T Flintoff",
              "non_striker": "TT Beaumont",
              "runs": {
                "batter": 4,
                "extras": 0,
                "total": 4
              }
            },
            {
              "batter": "RL Haynes",
              "bowler": "T Flintoff",
              "non_striker": "TT Beaumont",
              "runs": {
                "batter": 0,
                "extras": 0,
                "total": 0
              }
            },
            {
              "batter": "RL Haynes",
              "bowler": "T Flintoff",
              "non_striker": "TT Beaumont",
              "runs": {
                "batter": 1,
                "extras": 0,
                "total": 1
              }
            }
          ]
        },
        {
          "over": 10,
          "deliveries": [
            {
              "batter": "RL Haynes",
              "bowler": "A King",
              "extras": {
                "wides": 1
              },
              "non_striker": "TT Beaumont",
              "runs": {
                "batter": 0,
                "extras": 1,
                "total": 1
              }
            },
            {
              "batter": "RL Haynes",
              "bowler": "A King",
              "non_striker": "TT Beaumont",
              "runs": {
                "batter": 2,
                "extras": 0,
                "total": 2
              }
            },
            {
              "batter": "RL Haynes",
              "bowler": "A King",
              "non_striker": "TT Beaumont",
              "runs": {
                "batter": 0,
                "extras": 0,
                "total": 0
              }
            },
            {
              "batter": "RL Haynes",
              "bowler": "A King",
              "non_striker": "TT Beaumont",
              "runs": {
                "batter": 1,
                "extras": 0,
                "total": 1
              }
            },
            {
              "batter": "TT Beaumont",
              "bowler": "A King",
              "non_striker": "RL Haynes",
              "runs": {
                "batter": 0,
                "extras": 0,
                "total": 0
              }
            },
            {
              "batter": "TT Beaumont",
              "bowler": "A King",
              "non_striker": "RL Haynes",
              "runs": {
                "batter": 0,
                "extras": 0,
                "total": 0
              }
            },
            {
              "batter": "TT Beaumont",
              "bowler": "A King",
              "non_striker": "RL Haynes",
              "runs": {
                "batter": 1,
                "extras": 0,
                "total": 1
              }
            }
          ]
        },
        {
          "over": 11,
          "deliveries": [
            {
              "batter": "TT Beaumont",
              "bowler": "A Sutherland",
              "non_striker": "RL Haynes",
              "runs": {
                "batter": 1,
                "extras": 0,
                "total": 1
              }
            },
            {
              "batter": "RL Haynes",
              "bowler": "A Sutherland",
              "non_striker": "TT Beaumont",
              "runs": {
                "batter": 1,
                "extras": 0,
                "total": 1
              }
            },
            {
              "batter": "TT Beaumont",
              "bowler": "A Sutherland",
              "non_striker": "RL Haynes",
              "runs": {
                "batter": 1,
                "extras": 0,
                "total": 1
              }
            },
            {
              "batter": "RL Haynes",
              "bowler": "A Sutherland",
              "non_striker": "TT Beaumont",
              "runs": {
                "batter": 0,
                "extras": 0,
                "total": 0
              }
            },
            {
              "batter": "RL Haynes",
              "bowler": "A Sutherland",
              "non_striker": "TT Beaumont",
              "runs": {
                "batter": 0,
                "extras": 0,
                "total": 0
              }
            },
            {
              "batter": "RL Haynes",
              "bowler": "A Sutherland",
              "non_striker": "TT Beaumont",
              "runs": {
                "batter": 0,
                "extras": 0,
                "total": 0
              }
            }
          ]
        },
        {
          "over": 12,
          "deliveries": [
            {
              "batter": "TT Beaumont",
              "bowler": "EA Osborne",
              "non_striker": "RL Haynes",
              "runs": {
                "batter": 0,
                "extras": 0,
                "total": 0
              },
              "wickets": [
                {
                  "player_out": "TT Beaumont",
                  "fielders": [
                    {
                      "name": "NR Sciver"
                    }
                  ],
                  "kind": "caught"
                }
              ]
            },
            {
              "batter": "P Litchfield",
              "bowler": "EA Osborne",
              "non_striker": "RL Haynes",
              "runs": {
                "batter": 0,
                "extras": 0,
                "total": 0
              }
            },
            {
              "batter": "P Litchfield",
              "bowler": "EA Osborne",
              "non_striker": "RL Haynes",
              "runs": {
                "batter": 0,
                "extras": 0,
                "total": 0
              }
            },
            {
              "batter": "P Litchfield",
              "bowler": "EA Osborne",
              "non_striker": "RL Haynes",
              "runs": {
                "batter": 0,
                "extras": 0,
                "total": 0
              }
            },
            {
              "batter": "P Litchfield",
              "bowler": "EA Osborne",
              "non_striker": "RL Haynes",
              "runs": {
                "batter": 4,
                "extras": 0,
                "total": 4
              }
            },
            {
              "batter": "P Litchfield",
              "bowler": "EA Osborne",
              "non_striker": "RL Haynes",
              "runs": {
                "batter": 1,
                "extras": 0,
                "total": 1
              }
            }
          ]
        },
        {
          "over": 13,
          "deliveries": [
            {
              "batter": "P Litchfield",
              "bowler": "T Flintoff",
              "non_striker": "RL Haynes",
              "runs": {
                "batter": 1,
                "extras": 0,
                "total": 1
              }
            },
            {
              "batter": "RL Haynes",
              "bowler": "T Flintoff",
              "non_striker": "P Litchfield",
              "runs": {
                "batter": 4,
                "extras": 0,
                "total": 4
              }
            },
            {
              "batter": "RL Haynes",
              "bowler": "T Flintoff",
              "non_striker": "P Litchfield",
              "runs": {
                "batter": 0,
                "extras": 0,
                "total": 0
              }
            },
            {
              "batter": "RL Haynes",
              "bowler": "T Flintoff",
              "non_striker": "P Litchfield",
              "runs": {
                "batter": 1,
                "extras": 0,
                "total": 1
              }
            },
            {
              "batter": "P Litchfield",
              "bowler": "T Flintoff",
              "non_striker": "RL Haynes",
              "runs": {
                "batter": 1,
                "extras": 0,
                "total": 1
              }
            },
            {
              "batter": "RL Haynes",
              "bowler": "T Flintoff",
              "non_striker": "P Litchfield",
              "runs": {
                "batter": 1,
                "extras": 0,
                "total": 1
              }
            }
          ]
        },
        {
          "over": 14,
          "deliveries": [
            {
              "batter": "RL Haynes",
              "bowler": "A Sutherland",
              "non_striker": "P Litchfield",
              "runs": {
                "batter": 0,
                "extras": 0,
                "total": 0
              }
            },
            {
              "batter": "RL Haynes",
              "bowler": "A Sutherland",
              "non_striker": "P Litchfield",
              "runs": {
                "batter": 1,
                "extras": 0,
                "total": 1
              }
            },
            {
              "batter": "P Litchfield",
              "bowler": "A Sutherland",
              "non_striker": "RL Haynes",
              "runs": {
                "batter": 1,
                "extras": 0,
                "total": 1
              }
            },
            {
              "batter": "RL Haynes",
              "bowler": "A Sutherland",
              "non_striker": "P Litchfield",
              "runs": {
                "batter": 2,
                "extras": 0,
                "total": 2
              }
            },
            {
              "batter": "RL Haynes",
              "bowler": "A Sutherland",
              "non_striker": "P Litchfield",
              "runs": {
                "batter": 1,
                "extras": 0,
                "total": 1
              }
            },
            {
              "batter": "P Litchfield",
              "bowler": "A Sutherland",
              "extras": {
                "wides": 1
              },
              "non_striker": "RL Haynes",
              "runs": {
                "batter": 0,
                "extras": 1,
                "total": 1
              }
            },
            {
              "batter": "P Litchfield",
              "bowler": "A Sutherland",
              "non_striker": "RL Haynes",
              "runs": {
                "batter": 1,
                "extras": 0,
                "total": 1
              }
            }
          ]
        },
        {
          "over": 15,
          "deliveries": [
            {
              "batter": "P Litchfield",
              "bowler": "EA Osborne",
              "non_striker": "RL Haynes",
              "runs": {
                "batter": 0,
                "extras": 0,
                "total": 0
              }
            },
            {
              "batter": "P Litchfield",
              "bowler": "EA Osborne",
              "non_striker": "RL Haynes",
              "runs": {
                "batter": 1,
                "extras": 0,
                "total": 1
              }
            },
            {
              "batter": "RL Haynes",
              "bowler": "EA Osborne",
              "non_striker": "P Litchfield",
              "runs": {
                "batter": 4,
                "extras": 0,
                "total": 4
              }
            },
            {
              "batter": "RL Haynes",
              "bowler": "EA Osborne",
              "non_striker": "P Litchfield",
              "runs": {
                "batter": 1,
                "extras": 0,
                "total": 1
              }
            },
            {
              "batter": "P Litchfield",
              "bowler": "EA Osborne",
              "non_striker": "RL Haynes",
              "runs": {
                "batter": 0,
                "extras": 0,
                "total": 0
              }
            },
            {
              "batter": "P Litchfield",
              "bowler": "EA Osborne",
              "non_striker": "RL Haynes",
              "runs": {
                "batter": 1,
                "extras": 0,
                "total": 1
              }
            }
          ]
        },
        {
          "over": 16,
          "deliveries": [
            {
              "batter": "P Litchfield",
              "bowler": "T Flintoff",
              "non_striker": "RL Haynes",
              "runs": {
                "batter": 1,
                "extras": 0,
                "total": 1
              }
            },
            {
              "batter": "RL Haynes",
              "bowler": "T Flintoff",
              "non_striker": "P Litchfield",
              "runs": {
                "batter": 4,
                "extras": 0,
                "total": 4
              }
            },
            {
              "batter": "RL Haynes",
              "bowler": "T Flintoff",
              "non_striker": "P Litchfield",
              "runs": {
                "batter": 2,
                "extras": 0,
                "total": 2
              }
            },
            {
              "batter": "RL Haynes",
              "bowler": "T Flintoff",
              "non_striker": "P Litchfield",
              "runs": {
                "batter": 1,
                "extras": 0,
                "total": 1
              }
            },
            {
              "batter": "P Litchfield",
              "bowler": "T Flintoff",
              "non_striker": "RL Haynes",
              "runs": {
                "batter": 4,
                "extras": 0,
                "total": 4
              }
            },
            {
              "batter": "P Litchfield",
              "bowler": "T Flintoff",
              "non_striker": "RL Haynes",
              "runs": {
                "batter": 1,
                "extras": 0,
                "total": 1
              }
            }
          ]
        },
        {
          "over": 17,
          "deliveries": [
            {
              "batter": "P Litchfield",
              "bowler": "NR Sciver",
              "non_striker": "RL Haynes",
              "runs": {
                "batter": 1,
                "extras": 0,
                "total": 1
              }
            },
            {
              "batter": "RL Haynes",
              "bowler": "NR Sciver",
              "non_striker": "P Litchfield",
              "runs": {
                "batter": 1,
                "extras": 0,
                "total": 1
              }
            },
            {
              "batter": "P Litchfield",
              "bowler": "NR Sciver",
              "non_striker": "RL Haynes",
              "runs": {
                "batter": 0,
                "extras": 0,
                "total": 0
              }
            },
            {
              "batter": "P Litchfield",
              "bowler": "NR Sciver",
              "non_striker": "RL Haynes",
              "runs": {
                "batter": 4,
                "extras": 0,
                "total": 4
              }
            },
            {
              "batter": "P Litchfield",
              "bowler": "NR Sciver",
              "non_striker": "RL Haynes",
              "runs": {
                "batter": 1,
                "extras": 0,
                "total": 1
              }
            },
            {
              "batter": "RL Haynes",
              "bowler": "NR Sciver",
              "non_striker": "P Litchfield",
              "runs": {
                "batter": 0,
                "extras": 0,
                "total": 0
              },
              "wickets": [
                {
                  "player_out": "RL Haynes",
                  "fielders": [
                    {
                      "name": "MM Lanning"
                    }
                  ],
                  "kind": "caught"
                }
              ]
            }
          ]
        },
        {
          "over": 18,
          "deliveries": [
            {
              "batter": "R Trenaman",
              "bowler": "A Sutherland",
              "non_striker": "P Litchfield",
              "runs": {
                "batter": 1,
                "extras": 0,
                "total": 1
              }
            },
            {
              "batter": "P Litchfield",
              "bowler": "A Sutherland",
              "non_striker": "R Trenaman",
              "runs": {
                "batter": 1,
                "extras": 0,
                "total": 1
              }
            },
            {
              "batter": "R Trenaman",
              "bowler": "A Sutherland",
              "non_striker": "P Litchfield",
              "runs": {
                "batter": 4,
                "extras": 0,
                "total": 4
              }
            },
            {
              "batter": "R Trenaman",
              "bowler": "A Sutherland",
              "non_striker": "P Litchfield",
              "runs": {
                "batter": 4,
                "extras": 0,
                "total": 4
              }
            },
            {
              "batter": "R Trenaman",
              "bowler": "A Sutherland",
              "non_striker": "P Litchfield",
              "runs": {
                "batter": 2,
                "extras": 0,
                "total": 2
              }
            },
            {
              "batter": "R Trenaman",
              "bowler": "A Sutherland",
              "non_striker": "P Litchfield",
              "runs": {
                "batter": 1,
                "extras": 0,
                "total": 1
              }
            }
          ]
        },
        {
          "over": 19,
          "deliveries": [
            {
              "batter": "R Trenaman",
              "bowler": "NR Sciver",
              "non_striker": "P Litchfield",
              "runs": {
                "batter": 1,
                "extras": 0,
                "total": 1
              }
            },
            {
              "batter": "P Litchfield",
              "bowler": "NR Sciver",
              "non_striker": "R Trenaman",
              "runs": {
                "batter": 2,
                "extras": 0,
                "total": 2
              }
            },
            {
              "batter": "P Litchfield",
              "bowler": "NR Sciver",
              "non_striker": "R Trenaman",
              "runs": {
                "batter": 2,
                "extras": 0,
                "total": 2
              }
            },
            {
              "batter": "P Litchfield",
              "bowler": "NR Sciver",
              "non_striker": "R Trenaman",
              "runs": {
                "batter": 1,
                "extras": 0,
                "total": 1
              }
            },
            {
              "batter": "R Trenaman",
              "bowler": "NR Sciver",
              "non_striker": "P Litchfield",
              "runs": {
                "batter": 4,
                "extras": 0,
                "total": 4
              }
            },
            {
              "batter": "R Trenaman",
              "bowler": "NR Sciver",
              "non_striker": "P Litchfield",
              "runs": {
                "batter": 0,
                "extras": 0,
                "total": 0
              },
              "wickets": [
                {
                  "player_out": "R Trenaman",
                  "kind": "bowled"
                }
              ]
            }
          ]
        }
      ],
      "powerplays": [
        {
          "from": 0.1,
          "to": 5.6,
          "type": "mandatory"
        }
      ]
    },
    {
      "team": "Melbourne Stars",
      "overs": [
        {
          "over": 0,
          "deliveries": [
            {
              "batter": "EJ Villani",
              "bowler": "S Ismail",
              "non_striker": "MM Lanning",
              "runs": {
                "batter": 4,
                "extras": 0,
                "total": 4
              }
            },
            {
              "batter": "EJ Villani",
              "bowler": "S Ismail",
              "non_striker": "MM Lanning",
              "runs": {
                "batter": 0,
                "extras": 0,
                "total": 0
              }
            },
            {
              "batter": "EJ Villani",
              "bowler": "S Ismail",
              "non_striker": "MM Lanning",
              "runs": {
                "batter": 4,
                "extras": 0,
                "total": 4
              }
            },
            {
              "batter": "EJ Villani",
              "bowler": "S Ismail",
              "non_striker": "MM Lanning",
              "runs": {
                "batter": 0,
                "extras": 0,
                "total": 0
              }
            },
            {
              "batter": "EJ Villani",
              "bowler": "S Ismail",
              "non_striker": "MM Lanning",
              "runs": {
                "batter": 0,
                "extras": 0,
                "total": 0
              }
            },
            {
              "batter": "EJ Villani",
              "bowler": "S Ismail",
              "non_striker": "MM Lanning",
              "runs": {
                "batter": 0,
                "extras": 0,
                "total": 0
              }
            }
          ]
        },
        {
          "over": 1,
          "deliveries": [
            {
              "batter": "MM Lanning",
              "bowler": "SL Bates",
              "non_striker": "EJ Villani",
              "runs": {
                "batter": 1,
                "extras": 0,
                "total": 1
              }
            },
            {
              "batter": "EJ Villani",
              "bowler": "SL Bates",
              "non_striker": "MM Lanning",
              "runs": {
                "batter": 0,
                "extras": 0,
                "total": 0
              }
            },
            {
              "batter": "EJ Villani",
              "bowler": "SL Bates",
              "non_striker": "MM Lanning",
              "runs": {
                "batter": 0,
                "extras": 0,
                "total": 0
              }
            },
            {
              "batter": "EJ Villani",
              "bowler": "SL Bates",
              "non_striker": "MM Lanning",
              "runs": {
                "batter": 4,
                "extras": 0,
                "total": 4
              }
            },
            {
              "batter": "EJ Villani",
              "bowler": "SL Bates",
              "non_striker": "MM Lanning",
              "runs": {
                "batter": 0,
                "extras": 0,
                "total": 0
              }
            },
            {
              "batter": "EJ Villani",
              "bowler": "SL Bates",
              "non_striker": "MM Lanning",
              "runs": {
                "batter": 4,
                "extras": 0,
                "total": 4
              }
            }
          ]
        },
        {
          "over": 2,
          "deliveries": [
            {
              "batter": "MM Lanning",
              "bowler": "S Ismail",
              "non_striker": "EJ Villani",
              "runs": {
                "batter": 1,
                "extras": 0,
                "total": 1
              }
            },
            {
              "batter": "EJ Villani",
              "bowler": "S Ismail",
              "non_striker": "MM Lanning",
              "runs": {
                "batter": 0,
                "extras": 0,
                "total": 0
              }
            },
            {
              "batter": "EJ Villani",
              "bowler": "S Ismail",
              "non_striker": "MM Lanning",
              "runs": {
                "batter": 0,
                "extras": 0,
                "total": 0
              }
            },
            {
              "batter": "EJ Villani",
              "bowler": "S Ismail",
              "non_striker": "MM Lanning",
              "runs": {
                "batter": 3,
                "extras": 0,
                "total": 3
              }
            },
            {
              "batter": "MM Lanning",
              "bowler": "S Ismail",
              "non_striker": "EJ Villani",
              "runs": {
                "batter": 0,
                "extras": 0,
                "total": 0
              }
            },
            {
              "batter": "MM Lanning",
              "bowler": "S Ismail",
              "non_striker": "EJ Villani",
              "runs": {
                "batter": 0,
                "extras": 0,
                "total": 0
              }
            }
          ]
        },
        {
          "over": 3,
          "deliveries": [
            {
              "batter": "EJ Villani",
              "bowler": "SJ Johnson",
              "non_striker": "MM Lanning",
              "runs": {
                "batter": 0,
                "extras": 0,
                "total": 0
              }
            },
            {
              "batter": "EJ Villani",
              "bowler": "SJ Johnson",
              "non_striker": "MM Lanning",
              "runs": {
                "batter": 1,
                "extras": 0,
                "total": 1
              }
            },
            {
              "batter": "MM Lanning",
              "bowler": "SJ Johnson",
              "non_striker": "EJ Villani",
              "runs": {
                "batter": 0,
                "extras": 0,
                "total": 0
              }
            },
            {
              "batter": "MM Lanning",
              "bowler": "SJ Johnson",
              "non_striker": "EJ Villani",
              "runs": {
                "batter": 0,
                "extras": 0,
                "total": 0
              }
            },
            {
              "batter": "MM Lanning",
              "bowler": "SJ Johnson",
              "non_striker": "EJ Villani",
              "runs": {
                "batter": 4,
                "extras": 0,
                "total": 4
              }
            },
            {
              "batter": "MM Lanning",
              "bowler": "SJ Johnson",
              "non_striker": "EJ Villani",
              "runs": {
                "batter": 0,
                "extras": 0,
                "total": 0
              }
            }
          ]
        },
        {
          "over": 4,
          "deliveries": [
            {
              "batter": "EJ Villani",
              "bowler": "S Ismail",
              "non_striker": "MM Lanning",
              "runs": {
                "batter": 0,
                "extras": 0,
                "total": 0
              },
              "wickets": [
                {
                  "player_out": "EJ Villani",
                  "kind": "bowled"
                }
              ]
            },
            {
              "batter": "M du Preez",
              "bowler": "S Ismail",
              "non_striker": "MM Lanning",
              "runs": {
                "batter": 4,
                "extras": 0,
                "total": 4
              }
            },
            {
              "batter": "M du Preez",
              "bowler": "S Ismail",
              "non_striker": "MM Lanning",
              "runs": {
                "batter": 1,
                "extras": 0,
                "total": 1
              }
            },
            {
              "batter": "MM Lanning",
              "bowler": "S Ismail",
              "non_striker": "M du Preez",
              "runs": {
                "batter": 0,
                "extras": 0,
                "total": 0
              }
            },
            {
              "batter": "MM Lanning",
              "bowler": "S Ismail",
              "non_striker": "M du Preez",
              "runs": {
                "batter": 1,
                "extras": 0,
                "total": 1
              }
            },
            {
              "batter": "M du Preez",
              "bowler": "S Ismail",
              "non_striker": "MM Lanning",
              "runs": {
                "batter": 0,
                "extras": 0,
                "total": 0
              }
            }
          ]
        },
        {
          "over": 5,
          "deliveries": [
            {
              "batter": "MM Lanning",
              "bowler": "SL Bates",
              "non_striker": "M du Preez",
              "runs": {
                "batter": 1,
                "extras": 0,
                "total": 1
              }
            },
            {
              "batter": "M du Preez",
              "bowler": "SL Bates",
              "non_striker": "MM Lanning",
              "runs": {
                "batter": 0,
                "extras": 0,
                "total": 0
              }
            },
            {
              "batter": "M du Preez",
              "bowler": "SL Bates",
              "non_striker": "MM Lanning",
              "runs": {
                "batter": 0,
                "extras": 0,
                "total": 0
              }
            },
            {
              "batter": "M du Preez",
              "bowler": "SL Bates",
              "non_striker": "MM Lanning",
              "runs": {
                "batter": 0,
                "extras": 0,
                "total": 0
              }
            },
            {
              "batter": "M du Preez",
              "bowler": "SL Bates",
              "non_striker": "MM Lanning",
              "runs": {
                "batter": 4,
                "extras": 0,
                "total": 4
              }
            },
            {
              "batter": "M du Preez",
              "bowler": "SL Bates",
              "non_striker": "MM Lanning",
              "runs": {
                "batter": 4,
                "extras": 0,
                "total": 4
              }
            }
          ]
        },
        {
          "over": 6,
          "deliveries": [
            {
              "batter": "MM Lanning",
              "bowler": "SJ Johnson",
              "non_striker": "M du Preez",
              "runs": {
                "batter": 1,
                "extras": 0,
                "total": 1
              }
            },
            {
              "batter": "M du Preez",
              "bowler": "SJ Johnson",
              "non_striker": "MM Lanning",
              "runs": {
                "batter": 0,
                "extras": 0,
                "total": 0
              }
            },
            {
              "batter": "M du Preez",
              "bowler": "SJ Johnson",
              "non_striker": "MM Lanning",
              "runs": {
                "batter": 2,
                "extras": 0,
                "total": 2
              }
            },
            {
              "batter": "M du Preez",
              "bowler": "SJ Johnson",
              "non_striker": "MM Lanning",
              "runs": {
                "batter": 1,
                "extras": 0,
                "total": 1
              }
            },
            {
              "batter": "MM Lanning",
              "bowler": "SJ Johnson",
              "non_striker": "M du Preez",
              "runs": {
                "batter": 1,
                "extras": 0,
                "total": 1
              }
            },
            {
              "batter": "M du Preez",
              "bowler": "SJ Johnson",
              "non_striker": "MM Lanning",
              "runs": {
                "batter": 0,
                "extras": 0,
                "total": 0
              }
            }
          ]
        },
        {
          "over": 7,
          "deliveries": [
            {
              "batter": "MM Lanning",
              "bowler": "HJ Darlington",
              "non_striker": "M du Preez",
              "runs": {
                "batter": 4,
                "extras": 0,
                "total": 4
              }
            },
            {
              "batter": "MM Lanning",
              "bowler": "HJ Darlington",
              "non_striker": "M du Preez",
              "runs": {
                "batter": 0,
                "extras": 0,
                "total": 0
              }
            },
            {
              "batter": "MM Lanning",
              "bowler": "HJ Darlington",
              "extras": {
                "wides": 1
              },
              "non_striker": "M du Preez",
              "runs": {
                "batter": 0,
                "extras": 1,
                "total": 1
              }
            },
            {
              "batter": "MM Lanning",
              "bowler": "HJ Darlington",
              "non_striker": "M du Preez",
              "runs": {
                "batter": 0,
                "extras": 0,
                "total": 0
              },
              "wickets": [
                {
                  "player_out": "MM Lanning",
                  "kind": "bowled"
                }
              ]
            },
            {
              "batter": "NR Sciver",
              "bowler": "HJ Darlington",
              "non_striker": "M du Preez",
              "runs": {
                "batter": 0,
                "extras": 0,
                "total": 0
              }
            },
            {
              "batter": "NR Sciver",
              "bowler": "HJ Darlington",
              "non_striker": "M du Preez",
              "runs": {
                "batter": 0,
                "extras": 0,
                "total": 0
              }
            },
            {
              "batter": "NR Sciver",
              "bowler": "HJ Darlington",
              "non_striker": "M du Preez",
              "runs": {
                "batter": 4,
                "extras": 0,
                "total": 4
              }
            }
          ]
        },
        {
          "over": 8,
          "deliveries": [
            {
              "batter": "M du Preez",
              "bowler": "LG Smith",
              "non_striker": "NR Sciver",
              "runs": {
                "batter": 0,
                "extras": 0,
                "total": 0
              }
            },
            {
              "batter": "M du Preez",
              "bowler": "LG Smith",
              "extras": {
                "wides": 4
              },
              "non_striker": "NR Sciver",
              "runs": {
                "batter": 0,
                "extras": 4,
                "total": 4
              }
            },
            {
              "batter": "NR Sciver",
              "bowler": "LG Smith",
              "non_striker": "M du Preez",
              "runs": {
                "batter": 0,
                "extras": 0,
                "total": 0
              }
            },
            {
              "batter": "NR Sciver",
              "bowler": "LG Smith",
              "non_striker": "M du Preez",
              "runs": {
                "batter": 1,
                "extras": 0,
                "total": 1
              }
            },
            {
              "batter": "M du Preez",
              "bowler": "LG Smith",
              "non_striker": "NR Sciver",
              "runs": {
                "batter": 1,
                "extras": 0,
                "total": 1
              }
            },
            {
              "batter": "NR Sciver",
              "bowler": "LG Smith",
              "non_striker": "M du Preez",
              "runs": {
                "batter": 0,
                "extras": 0,
                "total": 0
              }
            },
            {
              "batter": "NR Sciver",
              "bowler": "LG Smith",
              "non_striker": "M du Preez",
              "runs": {
                "batter": 1,
                "extras": 0,
                "total": 1
              }
            }
          ]
        },
        {
          "over": 9,
          "deliveries": [
            {
              "batter": "NR Sciver",
              "bowler": "HJ Darlington",
              "non_striker": "M du Preez",
              "runs": {
                "batter": 1,
                "extras": 0,
                "total": 1
              }
            },
            {
              "batter": "M du Preez",
              "bowler": "HJ Darlington",
              "non_striker": "NR Sciver",
              "runs": {
                "batter": 4,
                "extras": 0,
                "total": 4
              }
            },
            {
              "batter": "M du Preez",
              "bowler": "HJ Darlington",
              "extras": {
                "legbyes": 1
              },
              "non_striker": "NR Sciver",
              "runs": {
                "batter": 0,
                "extras": 1,
                "total": 1
              }
            },
            {
              "batter": "NR Sciver",
              "bowler": "HJ Darlington",
              "non_striker": "M du Preez",
              "runs": {
                "batter": 1,
                "extras": 0,
                "total": 1
              }
            },
            {
              "batter": "M du Preez",
              "bowler": "HJ Darlington",
              "non_striker": "NR Sciver",
              "runs": {
                "batter": 1,
                "extras": 0,
                "total": 1
              }
            },
            {
              "batter": "NR Sciver",
              "bowler": "HJ Darlington",
              "non_striker": "M du Preez",
              "runs": {
                "batter": 0,
                "extras": 0,
                "total": 0
              }
            }
          ]
        },
        {
          "over": 10,
          "deliveries": [
            {
              "batter": "M du Preez",
              "bowler": "S Ismail",
              "non_striker": "NR Sciver",
              "runs": {
                "batter": 1,
                "extras": 0,
                "total": 1
              }
            },
            {
              "batter": "NR Sciver",
              "bowler": "S Ismail",
              "non_striker": "M du Preez",
              "runs": {
                "batter": 0,
                "extras": 0,
                "total": 0
              }
            },
            {
              "batter": "NR Sciver",
              "bowler": "S Ismail",
              "non_striker": "M du Preez",
              "runs": {
                "batter": 1,
                "extras": 0,
                "total": 1
              }
            },
            {
              "batter": "M du Preez",
              "bowler": "S Ismail",
              "non_striker": "NR Sciver",
              "runs": {
                "batter": 4,
                "extras": 0,
                "total": 4
              }
            },
            {
              "batter": "M du Preez",
              "bowler": "S Ismail",
              "non_striker": "NR Sciver",
              "runs": {
                "batter": 1,
                "extras": 0,
                "total": 1
              }
            },
            {
              "batter": "NR Sciver",
              "bowler": "S Ismail",
              "non_striker": "M du Preez",
              "runs": {
                "batter": 1,
                "extras": 0,
                "total": 1
              }
            }
          ]
        },
        {
          "over": 11,
          "deliveries": [
            {
              "batter": "NR Sciver",
              "bowler": "SL Bates",
              "non_striker": "M du Preez",
              "runs": {
                "batter": 1,
                "extras": 0,
                "total": 1
              }
            },
            {
              "batter": "M du Preez",
              "bowler": "SL Bates",
              "non_striker": "NR Sciver",
              "runs": {
                "batter": 1,
                "extras": 0,
                "total": 1
              }
            },
            {
              "batter": "NR Sciver",
              "bowler": "SL Bates",
              "non_striker": "M du Preez",
              "runs": {
                "batter": 1,
                "extras": 0,
                "total": 1
              }
            },
            {
              "batter": "M du Preez",
              "bowler": "SL Bates",
              "non_striker": "NR Sciver",
              "runs": {
                "batter": 3,
                "extras": 0,
                "total": 3
              }
            },
            {
              "batter": "NR Sciver",
              "bowler": "SL Bates",
              "non_striker": "M du Preez",
              "runs": {
                "batter": 1,
                "extras": 0,
                "total": 1
              }
            },
            {
              "batter": "M du Preez",
              "bowler": "SL Bates",
              "non_striker": "NR Sciver",
              "runs": {
                "batter": 1,
                "extras": 0,
                "total": 1
              }
            }
          ]
        },
        {
          "over": 12,
          "deliveries": [
            {
              "batter": "M du Preez",
              "bowler": "LG Smith",
              "non_striker": "NR Sciver",
              "runs": {
                "batter": 1,
                "extras": 0,
                "total": 1
              }
            },
            {
              "batter": "NR Sciver",
              "bowler": "LG Smith",
              "non_striker": "M du Preez",
              "runs": {
                "batter": 1,
                "extras": 0,
                "total": 1
              }
            },
            {
              "batter": "M du Preez",
              "bowler": "LG Smith",
              "non_striker": "NR Sciver",
              "runs": {
                "batter": 1,
                "extras": 0,
                "total": 1
              }
            },
            {
              "batter": "NR Sciver",
              "bowler": "LG Smith",
              "non_striker": "M du Preez",
              "runs": {
                "batter": 4,
                "extras": 0,
                "total": 4
              }
            },
            {
              "batter": "NR Sciver",
              "bowler": "LG Smith",
              "non_striker": "M du Preez",
              "runs": {
                "batter": 0,
                "extras": 0,
                "total": 0
              }
            },
            {
              "batter": "NR Sciver",
              "bowler": "LG Smith",
              "non_striker": "M du Preez",
              "runs": {
                "batter": 1,
                "extras": 0,
                "total": 1
              }
            }
          ]
        },
        {
          "over": 13,
          "deliveries": [
            {
              "batter": "NR Sciver",
              "bowler": "HC Knight",
              "non_striker": "M du Preez",
              "runs": {
                "batter": 0,
                "extras": 0,
                "total": 0
              }
            },
            {
              "batter": "NR Sciver",
              "bowler": "HC Knight",
              "non_striker": "M du Preez",
              "runs": {
                "batter": 1,
                "extras": 0,
                "total": 1
              }
            },
            {
              "batter": "M du Preez",
              "bowler": "HC Knight",
              "extras": {
                "wides": 2
              },
              "non_striker": "NR Sciver",
              "runs": {
                "batter": 0,
                "extras": 2,
                "total": 2
              }
            },
            {
              "batter": "NR Sciver",
              "bowler": "HC Knight",
              "non_striker": "M du Preez",
              "runs": {
                "batter": 1,
                "extras": 0,
                "total": 1
              }
            },
            {
              "batter": "M du Preez",
              "bowler": "HC Knight",
              "non_striker": "NR Sciver",
              "runs": {
                "batter": 1,
                "extras": 0,
                "total": 1
              }
            },
            {
              "batter": "NR Sciver",
              "bowler": "HC Knight",
              "non_striker": "M du Preez",
              "runs": {
                "batter": 1,
                "extras": 0,
                "total": 1
              }
            },
            {
              "batter": "M du Preez",
              "bowler": "HC Knight",
              "non_striker": "NR Sciver",
              "runs": {
                "batter": 4,
                "extras": 0,
                "total": 4
              }
            }
          ]
        },
        {
          "over": 14,
          "deliveries": [
            {
              "batter": "NR Sciver",
              "bowler": "SJ Johnson",
              "non_striker": "M du Preez",
              "runs": {
                "batter": 2,
                "extras": 0,
                "total": 2
              }
            },
            {
              "batter": "NR Sciver",
              "bowler": "SJ Johnson",
              "non_striker": "M du Preez",
              "runs": {
                "batter": 4,
                "extras": 0,
                "total": 4
              }
            },
            {
              "batter": "NR Sciver",
              "bowler": "SJ Johnson",
              "non_striker": "M du Preez",
              "runs": {
                "batter": 1,
                "extras": 0,
                "total": 1
              }
            },
            {
              "batter": "M du Preez",
              "bowler": "SJ Johnson",
              "non_striker": "NR Sciver",
              "runs": {
                "batter": 1,
                "extras": 0,
                "total": 1
              }
            },
            {
              "batter": "NR Sciver",
              "bowler": "SJ Johnson",
              "non_striker": "M du Preez",
              "runs": {
                "batter": 1,
                "extras": 0,
                "total": 1
              }
            },
            {
              "batter": "M du Preez",
              "bowler": "SJ Johnson",
              "non_striker": "NR Sciver",
              "runs": {
                "batter": 1,
                "extras": 0,
                "total": 1
              }
            }
          ]
        },
        {
          "over": 15,
          "deliveries": [
            {
              "batter": "M du Preez",
              "bowler": "HJ Darlington",
              "non_striker": "NR Sciver",
              "runs": {
                "batter": 1,
                "extras": 0,
                "total": 1
              }
            },
            {
              "batter": "NR Sciver",
              "bowler": "HJ Darlington",
              "non_striker": "M du Preez",
              "runs": {
                "batter": 1,
                "extras": 0,
                "total": 1
              }
            },
            {
              "batter": "M du Preez",
              "bowler": "HJ Darlington",
              "non_striker": "NR Sciver",
              "runs": {
                "batter": 1,
                "extras": 0,
                "total": 1
              }
            },
            {
              "batter": "NR Sciver",
              "bowler": "HJ Darlington",
              "non_striker": "M du Preez",
              "runs": {
                "batter": 4,
                "extras": 0,
                "total": 4
              }
            },
            {
              "batter": "NR Sciver",
              "bowler": "HJ Darlington",
              "non_striker": "M du Preez",
              "runs": {
                "batter": 1,
                "extras": 0,
                "total": 1
              }
            },
            {
              "batter": "M du Preez",
              "bowler": "HJ Darlington",
              "non_striker": "NR Sciver",
              "runs": {
                "batter": 1,
                "extras": 0,
                "total": 1
              }
            }
          ]
        },
        {
          "over": 16,
          "deliveries": [
            {
              "batter": "M du Preez",
              "bowler": "SL Bates",
              "non_striker": "NR Sciver",
              "runs": {
                "batter": 0,
                "extras": 0,
                "total": 0
              }
            },
            {
              "batter": "M du Preez",
              "bowler": "SL Bates",
              "non_striker": "NR Sciver",
              "runs": {
                "batter": 4,
                "extras": 0,
                "total": 4
              }
            },
            {
              "batter": "M du Preez",
              "bowler": "SL Bates",
              "non_striker": "NR Sciver",
              "runs": {
                "batter": 0,
                "extras": 0,
                "total": 0
              }
            },
            {
              "batter": "M du Preez",
              "bowler": "SL Bates",
              "non_striker": "NR Sciver",
              "runs": {
                "batter": 4,
                "extras": 0,
                "total": 4
              }
            },
            {
              "batter": "M du Preez",
              "bowler": "SL Bates",
              "non_striker": "NR Sciver",
              "runs": {
                "batter": 4,
                "extras": 0,
                "total": 4
              }
            }
          ]
        }
      ],
      "powerplays": [
        {
          "from": 0.1,
          "to": 5.6,
          "type": "mandatory"
        }
      ],
      "target": {
        "overs": 20,
        "runs": 132
      }
    }
  ]
}