{
  "meta": {
    "data_version": "1.1.0",
    "created": "2021-11-17",
    "revision": 3
  },
  "info": {
    "balls_per_over": 6,
    "city": "Mackay",
    "dates": [
      "2021-11-17"
    ],
    "event": {
      "name": "Women's Big Bash League",
      "match_number": 48
    },
    "gender": "female",
    "match_type": "T20",
    "officials": {
      "match_referees": [
        "SD Fry"
      ],
      "umpires": [
        "J Adie",
        "N James"
      ]
    },
    "outcome": {
      "winner": "Melbourne Renegades",
      "by": {
        "runs": 4
      }
    },
    "overs": 20,
    "player_of_match": [
      "S Mandhana"
    ],
    "players": {
      "Melbourne Renegades": [
        "JI Rodrigues",
        "E Jones",
        "C Leeson",
        "H Kaur",
        "JE Duffin",
        "JE Dooley",
        "E Hayward",
        "S Molineux",
        "E Falconer",
        "RK O'Donnell",
        "HL Ferling"
      ],
      "Sydney Thunder": [
        "S Mandhana",
        "SJ Johnson",
        "P Litchfield",
        "T Wilson",
        "CL Hall",
        "DB Sharma",
        "HJ Darlington",
        "IECM Wong",
        "LG Smith",
        "K Peterson",
        "SL Bates"
      ]
    },
    "registry": {
      "people": {
        "C Leeson": "d71e33bb",
        "CL Hall": "6026e2ae",
        "DB Sharma": "201fef33",
        "E Falconer": "be50addf",
        "E Hayward": "eacd9bb1",
        "E Jones": "971cb321",
        "H Kaur": "53cd8da6",
        "HJ Darlington": "50b558d2",
        "HL Ferling": "a594a6e0",
        "IECM Wong": "e5b17517",
        "J Adie": "259c0030",
        "JE Dooley": "6f7e30d6",
        "JE Duffin": "5ebc3941",
        "JI Rodrigues": "cb08b611",
        "K Peterson": "5f377534",
        "LG Smith": "9c515112",
        "N James": "3de4511d",
        "P Litchfield": "4e6ef14f",
        "RK O'Donnell": "2ec8a400",
        "S Mandhana": "5d2eda89",
        "S Molineux": "99e23670",
        "SD Fry": "6b725ed1",
        "SJ Johnson": "d7b754d4",
        "SL Bates": "0816fb1e",
        "T Wilson": "32100b2d"
      }
    },
    "season": "2021/22",
    "team_type": "club",
    "teams": [
      "Melbourne Renegades",
      "Sydney Thunder"
    ],
    "toss": {
      "decision": "field",
      "winner": "Sydney Thunder"
    },
    "venue": "Ray Mitchell Oval, Harrup Park, Mackay"
  },
  "innings": [
    {
      "team": "Melbourne Renegades",
      "overs": [
        {
          "over": 0,
          "deliveries": [
            {
              "batter": "JI Rodrigues",
              "bowler": "SL Bates",
              "non_striker": "E Jones",
              "runs": {
                "batter": 0,
                "extras": 0,
                "total": 0
              }
            },
            {
              "batter": "JI Rodrigues",
              "bowler": "SL Bates",
              "non_striker": "E Jones",
              "runs": {
                "batter": 0,
                "extras": 0,
                "total": 0
              }
            },
            {
              "batter": "JI Rodrigues",
              "bowler": "SL Bates",
              "non_striker": "E Jones",
              "runs": {
                "batter": 2,
                "extras": 0,
                "total": 2
              }
            },
            {
              "batter": "JI Rodrigues",
              "bowler": "SL Bates",
              "non_striker": "E Jones",
              "runs": {
                "batter": 0,
                "extras": 0,
                "total": 0
              },
              "wickets": [
                {
                  "player_out": "JI Rodrigues",
                  "fielders": [
                    {
                      "name": "T Wilson"
                    }
                  ],
                  "kind": "caught"
                }
              ]
            },
            {
              "batter": "C Leeson",
              "bowler": "SL Bates",
              "non_striker": "E Jones",
              "runs": {
                "batter": 3,
                "extras": 0,
                "total": 3
              }
            },
            {
              "batter": "E Jones",
              "bowler": "SL Bates",
              "non_striker": "C Leeson",
              "runs": {
                "batter": 0,
                "extras": 0,
                "total": 0
              }
            }
          ]
        },
        {
          "over": 1,
          "deliveries": [
            {
              "batter": "C Leeson",
              "bowler": "IECM Wong",
              "non_striker": "E Jones",
              "runs": {
                "batter": 4,
                "extras": 0,
                "total": 4
              }
            },
            {
              "batter": "C Leeson",
              "bowler": "IECM Wong",
              "non_striker": "E Jones",
              "runs": {
                "batter": 0,
                "extras": 0,
                "total": 0
              }
            },
            {
              "batter": "C Leeson",
              "bowler": "IECM Wong",
              "non_striker": "E Jones",
              "runs": {
                "batter": 0,
                "extras": 0,
                "total": 0
              }
            },
            {
              "batter": "C Leeson",
              "bowler": "IECM Wong",
              "non_striker": "E Jones",
              "runs": {
                "batter": 0,
                "extras": 0,
                "total": 0
              }
            },
            {
              "batter": "C Leeson",
              "bowler": "IECM Wong",
              "non_striker": "E Jones",
              "runs": {
                "batter": 0,
                "extras": 0,
                "total": 0
              }
            },
            {
              "batter": "C Leeson",
              "bowler": "IECM Wong",
              "non_striker": "E Jones",
              "runs": {
                "batter": 0,
                "extras": 0,
                "total": 0
              },
              "wickets": [
                {
                  "player_out": "C Leeson",
                  "fielders": [
                    {
                      "name": "LG Smith"
                    }
                  ],
                  "kind": "caught"
                }
              ]
            }
          ]
        },
        {
          "over": 2,
          "deliveries": [
            {
              "batter": "H Kaur",
              "bowler": "SL Bates",
              "non_striker": "E Jones",
              "runs": {
                "batter": 0,
                "extras": 0,
                "total": 0
              }
            },
            {
              "batter": "H Kaur",
              "bowler": "SL Bates",
              "non_striker": "E Jones",
              "runs": {
                "batter": 2,
                "extras": 0,
                "total": 2
              }
            },
            {
              "batter": "H Kaur",
              "bowler": "SL Bates",
              "non_striker": "E Jones",
              "runs": {
                "batter": 0,
                "extras": 0,
                "total": 0
              }
            },
            {
              "batter": "H Kaur",
              "bowler": "SL Bates",
              "non_striker": "E Jones",
              "runs": {
                "batter": 0,
                "extras": 0,
                "total": 0
              }
            },
            {
              "batter": "H Kaur",
              "bowler": "SL Bates",
              "non_striker": "E Jones",
              "runs": {
                "batter": 1,
                "extras": 0,
                "total": 1
              }
            },
            {
              "batter": "E Jones",
              "bowler": "SL Bates",
              "non_striker": "H Kaur",
              "runs": {
                "batter": 0,
                "extras": 0,
                "total": 0
              }
            }
          ]
        },
        {
          "over": 3,
          "deliveries": [
            {
              "batter": "H Kaur",
              "bowler": "IECM Wong",
              "non_striker": "E Jones",
              "runs": {
                "batter": 0,
                "extras": 0,
                "total": 0
              }
            },
            {
              "batter": "H Kaur",
              "bowler": "IECM Wong",
              "non_striker": "E Jones",
              "runs": {
                "batter": 0,
                "extras": 0,
                "total": 0
              }
            },
            {
              "batter": "H Kaur",
              "bowler": "IECM Wong",
              "non_striker": "E Jones",
              "runs": {
                "batter": 1,
                "extras": 0,
                "total": 1
              }
            },
            {
              "batter": "E Jones",
              "bowler": "IECM Wong",
              "non_striker": "H Kaur",
              "runs": {
                "batter": 4,
                "extras": 0,
                "total": 4
              }
            },
            {
              "batter": "E Jones",
              "bowler": "IECM Wong",
              "non_striker": "H Kaur",
              "runs": {
                "batter": 0,
                "extras": 0,
                "total": 0
              }
            },
            {
              "batter": "E Jones",
              "bowler": "IECM Wong",
              "non_striker": "H Kaur",
              "runs": {
                "batter": 0,
                "extras": 0,
                "total": 0
              }
            }
          ]
        },
        {
          "over": 4,
          "deliveries": [
            {
              "batter": "H Kaur",
              "bowler": "SJ Johnson",
              "non_striker": "E Jones",
              "runs": {
                "batter": 4,
                "extras": 0,
                "total": 4
              }
            },
            {
              "batter": "H Kaur",
              "bowler": "SJ Johnson",
              "non_striker": "E Jones",
              "runs": {
                "batter": 0,
                "extras": 0,
                "total": 0
              }
            },
            {
              "batter": "H Kaur",
              "bowler": "SJ Johnson",
              "non_striker": "E Jones",
              "runs": {
                "batter": 1,
                "extras": 0,
                "total": 1
              }
            },
            {
              "batter": "E Jones",
              "bowler": "SJ Johnson",
              "non_striker": "H Kaur",
              "runs": {
                "batter": 4,
                "extras": 0,
                "total": 4
              }
            },
            {
              "batter": "E Jones",
              "bowler": "SJ Johnson",
              "non_striker": "H Kaur",
              "runs": {
                "batter": 0,
                "extras": 0,
                "total": 0
              }
            },
            {
              "batter": "E Jones",
              "bowler": "SJ Johnson",
              "non_striker": "H Kaur",
              "runs": {
                "batter": 0,
                "extras": 0,
                "total": 0
              }
            }
          ]
        },
        {
          "over": 5,
          "deliveries": [
            {
              "batter": "H Kaur",
              "bowler": "IECM Wong",
              "extras": {
                "wides": 1
              },
              "non_striker": "E Jones",
              "runs": {
                "batter": 0,
                "extras": 1,
                "total": 1
              }
            },
            {
              "batter": "H Kaur",
              "bowler": "IECM Wong",
              "non_striker": "E Jones",
              "runs": {
                "batter": 1,
                "extras": 0,
                "total": 1
              }
            },
            {
              "batter": "E Jones",
              "bowler": "IECM Wong",
              "non_striker": "H Kaur",
              "runs": {
                "batter": 0,
                "extras": 0,
                "total": 0
              }
            },
            {
              "batter": "E Jones",
              "bowler": "IECM Wong",
              "non_striker": "H Kaur",
              "runs": {
                "batter": 4,
                "extras": 0,
                "total": 4
              }
            },
            {
              "batter": "E Jones",
              "bowler": "IECM Wong",
              "non_striker": "H Kaur",
              "runs": {
                "batter": 0,
                "extras": 0,
                "total": 0
              }
            },
            {
              "batter": "E Jones",
              "bowler": "IECM Wong",
              "non_striker": "H Kaur",
              "runs": {
                "batter": 4,
                "extras": 0,
                "total": 4
              }
            },
            {
              "batter": "E Jones",
              "bowler": "IECM Wong",
              "non_striker": "H Kaur",
              "runs": {
                "batter": 0,
                "extras": 0,
                "total": 0
              }
            }
          ]
        },
        {
          "over": 6,
          "deliveries": [
            {
              "batter": "H Kaur",
              "bowler": "HJ Darlington",
              "non_striker": "E Jones",
              "runs": {
                "batter": 0,
                "extras": 0,
                "total": 0
              }
            },
            {
              "batter": "H Kaur",
              "bowler": "HJ Darlington",
              "non_striker": "E Jones",
              "runs": {
                "batter": 4,
                "extras": 0,
                "total": 4
              }
            },
            {
              "batter": "H Kaur",
              "bowler": "HJ Darlington",
              "non_striker": "E Jones",
              "runs": {
                "batter": 0,
                "extras": 0,
                "total": 0
              }
            },
            {
              "batter": "H Kaur",
              "bowler": "HJ Darlington",
              "non_striker": "E Jones",
              "runs": {
                "batter": 4,
                "extras": 0,
                "total": 4
              }
            },
            {
              "batter": "H Kaur",
              "bowler": "HJ Darlington",
              "non_striker": "E Jones",
              "runs": {
                "batter": 1,
                "extras": 0,
                "total": 1
              }
            },
            {
              "batter": "E Jones",
              "bowler": "HJ Darlington",
              "non_striker": "H Kaur",
              "runs": {
                "batter": 0,
                "extras": 0,
                "total": 0
              }
            }
          ]
        },
        {
          "over": 7,
          "deliveries": [
            {
              "batter": "H Kaur",
              "bowler": "DB Sharma",
              "non_striker": "E Jones",
              "runs": {
                "batter": 1,
                "extras": 0,
                "total": 1
              }
            },
            {
              "batter": "E Jones",
              "bowler": "DB Sharma",
              "non_striker": "H Kaur",
              "runs": {
                "batter": 1,
                "extras": 0,
                "total": 1
              }
            },
            {
              "batter": "H Kaur",
              "bowler": "DB Sharma",
              "non_striker": "E Jones",
              "runs": {
                "batter": 1,
                "extras": 0,
                "total": 1
              }
            },
            {
              "batter": "E Jones",
              "bowler": "DB Sharma",
              "non_striker": "H Kaur",
              "runs": {
                "batter": 1,
                "extras": 0,
                "total": 1
              }
            },
            {
              "batter": "H Kaur",
              "bowler": "DB Sharma",
              "non_striker": "E Jones",
              "runs": {
                "batter": 1,
                "extras": 0,
                "total": 1
              }
            },
            {
              "batter": "E Jones",
              "bowler": "DB Sharma",
              "non_striker": "H Kaur",
              "runs": {
                "batter": 0,
                "extras": 0,
                "total": 0
              }
            }
          ]
        },
        {
          "over": 8,
          "deliveries": [
            {
              "batter": "H Kaur",
              "bowler": "SJ Johnson",
              "non_striker": "E Jones",
              "runs": {
                "batter": 1,
                "extras": 0,
                "total": 1
              }
            },
            {
              "batter": "E Jones",
              "bowler": "SJ Johnson",
              "non_striker": "H Kaur",
              "runs": {
                "batter": 1,
                "extras": 0,
                "total": 1
              }
            },
            {
              "batter": "H Kaur",
              "bowler": "SJ Johnson",
              "non_striker": "E Jones",
              "runs": {
                "batter": 1,
                "extras": 0,
                "total": 1
              }
            },
            {
              "batter": "E Jones",
              "bowler": "SJ Johnson",
              "non_striker": "H Kaur",
              "runs": {
                "batter": 2,
                "extras": 0,
                "total": 2
              }
            },
            {
              "batter": "E Jones",
              "bowler": "SJ Johnson",
              "non_striker": "H Kaur",
              "runs": {
                "batter": 1,
                "extras": 0,
                "total": 1
              }
            },
            {
              "batter": "H Kaur",
              "bowler": "SJ Johnson",
              "non_striker": "E Jones",
              "runs": {
                "batter": 0,
                "extras": 0,
                "total": 0
              }
            }
          ]
        },
        {
          "over": 9,
          "deliveries": [
            {
              "batter": "E Jones",
              "bowler": "HJ Darlington",
              "non_striker": "H Kaur",
              "runs": {
                "batter": 0,
                "extras": 0,
                "total": 0
              }
            },
            {
              "batter": "E Jones",
              "bowler": "HJ Darlington",
              "non_striker": "H Kaur",
              "runs": {
                "batter": 1,
                "extras": 0,
                "total": 1
              }
            },
            {
              "batter": "H Kaur",
              "bowler": "HJ Darlington",
              "non_striker": "E Jones",
              "runs": {
                "batter": 0,
                "extras": 0,
                "total": 0
              }
            },
            {
              "batter": "H Kaur",
              "bowler": "HJ Darlington",
              "non_striker": "E Jones",
              "runs": {
                "batter": 1,
                "extras": 0,
                "total": 1
              }
            },
            {
              "batter": "E Jones",
              "bowler": "HJ Darlington",
              "extras": {
                "byes": 1
              },
              "non_striker": "H Kaur",
              "runs": {
                "batter": 0,
                "extras": 1,
                "total": 1
              }
            },
            {
              "batter": "H Kaur",
              "bowler": "HJ Darlington",
              "non_striker": "E Jones",
              "runs": {
                "batter": 0,
                "extras": 0,
                "total": 0
              }
            }
          ]
        },
        {
          "over": 10,
          "deliveries": [
            {
              "batter": "E Jones",
              "bowler": "SL Bates",
              "non_striker": "H Kaur",
              "runs": {
                "batter": 0,
                "extras": 0,
                "total": 0
              }
            },
            {
              "batter": "E Jones",
              "bowler": "SL Bates",
              "non_striker": "H Kaur",
              "runs": {
                "batter": 2,
                "extras": 0,
                "total": 2
              }
            },
            {
              "batter": "E Jones",
              "bowler": "SL Bates",
              "non_striker": "H Kaur",
              "runs": {
                "batter": 1,
                "extras": 0,
                "total": 1
              }
            },
            {
              "batter": "H Kaur",
              "bowler": "SL Bates",
              "non_striker": "E Jones",
              "runs": {
                "batter": 1,
                "extras": 0,
                "total": 1
              }
            },
            {
              "batter": "E Jones",
              "bowler": "SL Bates",
              "non_striker": "H Kaur",
              "runs": {
                "batter": 4,
                "extras": 0,
                "total": 4
              }
            },
            {
              "batter": "E Jones",
              "bowler": "SL Bates",
              "non_striker": "H Kaur",
              "runs": {
                "batter": 0,
                "extras": 0,
                "total": 0
              }
            }
          ]
        },
        {
          "over": 11,
          "deliveries": [
            {
              "batter": "H Kaur",
              "bowler": "DB Sharma",
              "extras": {
                "noballs": 1
              },
              "non_striker": "E Jones",
              "runs": {
                "batter": 4,
                "extras": 1,
                "total": 5
              }
            },
            {
              "batter": "H Kaur",
              "bowler": "DB Sharma",
              "non_striker": "E Jones",
              "runs": {
                "batter": 1,
                "extras": 0,
                "total": 1
              }
            },
            {
              "batter": "E Jones",
              "bowler": "DB Sharma",
              "non_striker": "H Kaur",
              "runs": {
                "batter": 4,
                "extras": 0,
                "total": 4
              }
            },
            {
              "batter": "E Jones",
              "bowler": "DB Sharma",
              "non_striker": "H Kaur",
              "runs": {
                "batter": 1,
                "extras": 0,
                "total": 1
              }
            },
            {
              "batter": "H Kaur",
              "bowler": "DB Sharma",
              "non_striker": "E Jones",
              "runs": {
                "batter": 0,
                "extras": 0,
                "total": 0
              }
            },
            {
              "batter": "H Kaur",
              "bowler": "DB Sharma",
              "extras": {
                "legbyes": 2
              },
              "non_striker": "E Jones",
              "runs": {
                "batter": 0,
                "extras": 2,
                "total": 2
              }
            },
            {
              "batter": "H Kaur",
              "bowler": "DB Sharma",
              "non_striker": "E Jones",
              "runs": {
                "batter": 1,
                "extras": 0,
                "total": 1
              }
            }
          ]
        },
        {
          "over": 12,
          "deliveries": [
            {
              "batter": "H Kaur",
              "bowler": "SJ Johnson",
              "non_striker": "E Jones",
              "runs": {
                "batter": 0,
                "extras": 0,
                "total": 0
              }
            },
            {
              "batter": "H Kaur",
              "bowler": "SJ Johnson",
              "non_striker": "E Jones",
              "runs": {
                "batter": 4,
                "extras": 0,
                "total": 4
              }
            },
            {
              "batter": "H Kaur",
              "bowler": "SJ Johnson",
              "non_striker": "E Jones",
              "runs": {
                "batter": 6,
                "extras": 0,
                "total": 6
              }
            },
            {
              "batter": "H Kaur",
              "bowler": "SJ Johnson",
              "non_striker": "E Jones",
              "runs": {
                "batter": 1,
                "extras": 0,
                "total": 1
              }
            },
            {
              "batter": "E Jones",
              "bowler": "SJ Johnson",
              "extras": {
                "wides": 1
              },
              "non_striker": "H Kaur",
              "runs": {
                "batter": 0,
                "extras": 1,
                "total": 1
              }
            },
            {
              "batter": "E Jones",
              "bowler": "SJ Johnson",
              "non_striker": "H Kaur",
              "runs": {
                "batter": 6,
                "extras": 0,
                "total": 6
              }
            },
            {
              "batter": "E Jones",
              "bowler": "SJ Johnson",
              "non_striker": "H Kaur",
              "runs": {
                "batter": 1,
                "extras": 0,
                "total": 1
              }
            }
          ]
        },
        {
          "over": 13,
          "deliveries": [
            {
              "batter": "E Jones",
              "bowler": "SL Bates",
              "non_striker": "H Kaur",
              "runs": {
                "batter": 0,
                "extras": 0,
                "total": 0
              },
              "wickets": [
                {
                  "player_out": "E Jones",
                  "fielders": [
                    {
                      "name": "CL Hall"
                    }
                  ],
                  "kind": "caught"
                }
              ]
            },
            {
              "batter": "H Kaur",
              "bowler": "SL Bates",
              "non_striker": "JE Duffin",
              "runs": {
                "batter": 1,
                "extras": 0,
                "total": 1
              }
            },
            {
              "batter": "JE Duffin",
              "bowler": "SL Bates",
              "non_striker": "H Kaur",
              "runs": {
                "batter": 0,
                "extras": 0,
                "total": 0
              }
            },
            {
              "batter": "JE Duffin",
              "bowler": "SL Bates",
              "non_striker": "H Kaur",
              "runs": {
                "batter": 0,
                "extras": 0,
                "total": 0
              }
            },
            {
              "batter": "JE Duffin",
              "bowler": "SL Bates",
              "non_striker": "H Kaur",
              "runs": {
                "batter": 0,
                "extras": 0,
                "total": 0
              }
            },
            {
              "batter": "JE Duffin",
              "bowler": "SL Bates",
              "non_striker": "H Kaur",
              "runs": {
                "batter": 4,
                "extras": 0,
                "total": 4
              }
            }
          ]
        },
        {
          "over": 14,
          "deliveries": [
            {
              "batter": "H Kaur",
              "bowler": "K Peterson",
              "non_striker": "JE Duffin",
              "runs": {
                "batter": 6,
                "extras": 0,
                "total": 6
              }
            },
            {
              "batter": "H Kaur",
              "bowler": "K Peterson",
              "non_striker": "JE Duffin",
              "runs": {
                "batter": 0,
                "extras": 0,
                "total": 0
              }
            },
            {
              "batter": "H Kaur",
              "bowler": "K Peterson",
              "extras": {
                "wides": 1
              },
              "non_striker": "JE Duffin",
              "runs": {
                "batter": 0,
                "extras": 1,
                "total": 1
              }
            },
            {
              "batter": "H Kaur",
              "bowler": "K Peterson",
              "extras": {
                "byes": 1
              },
              "non_striker": "JE Duffin",
              "runs": {
                "batter": 0,
                "extras": 1,
                "total": 1
              }
            },
            {
              "batter": "JE Duffin",
              "bowler": "K Peterson",
              "non_striker": "H Kaur",
              "runs": {
                "batter": 2,
                "extras": 0,
                "total": 2
              }
            },
            {
              "batter": "JE Duffin",
              "bowler": "K Peterson",
              "non_striker": "H Kaur",
              "runs": {
                "batter": 0,
                "extras": 0,
                "total": 0
              }
            },
            {
              "batter": "JE Duffin",
              "bowler": "K Peterson",
              "non_striker": "H Kaur",
              "runs": {
                "batter": 0,
                "extras": 0,
                "total": 0
              }
            }
          ]
        },
        {
          "over": 15,
          "deliveries": [
            {
              "batter": "H Kaur",
              "bowler": "HJ Darlington",
              "non_striker": "JE Duffin",
              "runs": {
                "batter": 1,
                "extras": 0,
                "total": 1
              }
            },
            {
              "batter": "JE Duffin",
              "bowler": "HJ Darlington",
              "non_striker": "H Kaur",
              "runs": {
                "batter": 2,
                "extras": 0,
                "total": 2
              }
            },
            {
              "batter": "JE Duffin",
              "bowler": "HJ Darlington",
              "non_striker": "H Kaur",
              "runs": {
                "batter": 1,
                "extras": 0,
                "total": 1
              }
            },
            {
              "batter": "H Kaur",
              "bowler": "HJ Darlington",
              "non_striker": "JE Duffin",
              "runs": {
                "batter": 2,
                "extras": 0,
                "total": 2
              }
            },
            {
              "batter": "H Kaur",
              "bowler": "HJ Darlington",
              "extras": {
                "wides": 1
              },
              "non_striker": "JE Duffin",
              "runs": {
                "batter": 0,
                "extras": 1,
                "total": 1
              }
            },
            {
              "batter": "H Kaur",
              "bowler": "HJ Darlington",
              "non_striker": "JE Duffin",
              "runs": {
                "batter": 1,
                "extras": 0,
                "total": 1
              }
            },
            {
              "batter": "JE Duffin",
              "bowler": "HJ Darlington",
              "non_striker": "H Kaur",
              "runs": {
                "batter": 1,
                "extras": 0,
                "total": 1
              }
            }
          ]
        },
        {
          "over": 16,
          "deliveries": [
            {
              "batter": "JE Duffin",
              "bowler": "IECM Wong",
              "non_striker": "H Kaur",
              "runs": {
                "batter": 2,
                "extras": 0,
                "total": 2
              }
            },
            {
              "batter": "JE Duffin",
              "bowler": "IECM Wong",
              "non_striker": "H Kaur",
              "runs": {
                "batter": 1,
                "extras": 0,
                "total": 1
              }
            },
            {
              "batter": "H Kaur",
              "bowler": "IECM Wong",
              "non_striker": "JE Duffin",
              "runs": {
                "batter": 4,
                "extras": 0,
                "total": 4
              }
            },
            {
              "batter": "H Kaur",
              "bowler": "IECM Wong",
              "non_striker": "JE Duffin",
              "runs": {
                "batter": 4,
                "extras": 0,
                "total": 4
              }
            },
            {
              "batter": "H Kaur",
              "bowler": "IECM Wong",
              "non_striker": "JE Duffin",
              "runs": {
                "batter": 4,
                "extras": 0,
                "total": 4
              }
            },
            {
              "batter": "H Kaur",
              "bowler": "IECM Wong",
              "non_striker": "JE Duffin",
              "runs": {
                "batter": 0,
                "extras": 0,
                "total": 0
              }
            }
          ]
        },
        {
          "over": 17,
          "deliveries": [
            {
              "batter": "JE Duffin",
              "bowler": "K Peterson",
              "non_striker": "H Kaur",
              "runs": {
                "batter": 2,
                "extras": 0,
                "total": 2
              }
            },
            {
              "batter": "JE Duffin",
              "bowler": "K Peterson",
              "non_striker": "H Kaur",
              "runs": {
                "batter": 1,
                "extras": 0,
                "total": 1
              }
            },
            {
              "batter": "H Kaur",
              "bowler": "K Peterson",
              "non_striker": "JE Duffin",
              "runs": {
                "batter": 0,
                "extras": 0,
                "total": 0
              }
            },
            {
              "batter": "H Kaur",
              "bowler": "K Peterson",
              "non_striker": "JE Duffin",
              "runs": {
                "batter": 4,
                "extras": 0,
                "total": 4
              }
            },
            {
              "batter": "H Kaur",
              "bowler": "K Peterson",
              "non_striker": "JE Duffin",
              "runs": {
                "batter": 1,
                "extras": 0,
                "total": 1
              }
            },
            {
              "batter": "JE Duffin",
              "bowler": "K Peterson",
              "non_striker": "H Kaur",
              "runs": {
                "batter": 6,
                "extras": 0,
                "total": 6
              }
            }
          ]
        },
        {
          "over": 18,
          "deliveries": [
            {
              "batter": "H Kaur",
              "bowler": "HJ Darlington",
              "non_striker": "JE Duffin",
              "runs": {
                "batter": 4,
                "extras": 0,
                "total": 4
              }
            },
            {
              "batter": "H Kaur",
              "bowler": "HJ Darlington",
              "non_striker": "JE Duffin",
              "runs": {
                "batter": 0,
                "extras": 0,
                "total": 0
              }
            },
            {
              "batter": "H Kaur",
              "bowler": "HJ Darlington",
              "non_striker": "JE Duffin",
              "runs": {
                "batter": 1,
                "extras": 0,
                "total": 1
              }
            },
            {
              "batter": "JE Duffin",
              "bowler": "HJ Darlington",
              "extras": {
                "wides": 1
              },
              "non_striker": "H Kaur",
              "runs": {
                "batter": 0,
                "extras": 1,
                "total": 1
              }
            },
            {
              "batter": "JE Duffin",
              "bowler": "HJ Darlington",
              "non_striker": "H Kaur",
              "runs": {
                "batter": 0,
                "extras": 0,
                "total": 0
              }
            },
            {
              "batter": "JE Duffin",
              "bowler": "HJ Darlington",
              "non_striker": "H Kaur",
              "runs": {
                "batter": 1,
                "extras": 0,
                "total": 1
              }
            },
            {
              "batter": "H Kaur",
              "bowler": "HJ Darlington",
              "non_striker": "JE Duffin",
              "runs": {
                "batter": 4,
                "extras": 0,
                "total": 4
              }
            }
          ]
        },
        {
          "over": 19,
          "deliveries": [
            {
              "batter": "JE Duffin",
              "bowler": "SJ Johnson",
              "non_striker": "H Kaur",
              "runs": {
                "batter": 2,
                "extras": 0,
                "total": 2
              }
            },
            {
              "batter": "JE Duffin",
              "bowler": "SJ Johnson",
              "non_striker": "H Kaur",
              "runs": {
                "batter": 1,
                "extras": 0,
                "total": 1
              }
            },
            {
              "batter": "H Kaur",
              "bowler": "SJ Johnson",
              "non_striker": "JE Duffin",
              "runs": {
                "batter": 1,
                "extras": 0,
                "total": 1
              }
            },
            {
              "batter": "JE Duffin",
              "bowler": "SJ Johnson",
              "non_striker": "H Kaur",
              "runs": {
                "batter": 2,
                "extras": 0,
                "total": 2
              }
            },
            {
              "batter": "JE Duffin",
              "bowler": "SJ Johnson",
              "non_striker": "H Kaur",
              "runs": {
                "batter": 4,
                "extras": 0,
                "total": 4
              }
            },
            {
              "batter": "JE Duffin",
              "bowler": "SJ Johnson",
              "non_striker": "H Kaur",
              "runs": {
                "batter": 1,
                "extras": 0,
                "total": 1
              },
              "wickets": [
                {
                  "player_out": "JE Duffin",
                  "fielders": [
                    {
                      "name": "T Wilson"
                    },
                    {
                      "name": "K Peterson"
                    }
                  ],
                  "kind": "run out"
                }
              ]
            }
          ]
        }
      ],
      "powerplays": [
        {
          "from": 0.1,
          "to": 5.7,
          "type": "mandatory"
        }
      ]
    },
    {
      "team": "Sydney Thunder",
      "overs": [
        {
          "over": 0,
          "deliveries": [
            {
              "batter": "S Mandhana",
              "bowler": "E Hayward",
              "non_striker": "SJ Johnson",
              "runs": {
                "batter": 4,
                "extras": 0,
                "total": 4
              }
            },
            {
              "batter": "S Mandhana",
              "bowler": "E Hayward",
              "non_striker": "SJ Johnson",
              "runs": {
                "batter": 0,
                "extras": 0,
                "total": 0
              }
            },
            {
              "batter": "S Mandhana",
              "bowler": "E Hayward",
              "non_striker": "SJ Johnson",
              "runs": {
                "batter": 0,
                "extras": 0,
                "total": 0
              }
            },
            {
              "batter": "S Mandhana",
              "bowler": "E Hayward",
              "non_striker": "SJ Johnson",
              "runs": {
                "batter": 0,
                "extras": 0,
                "total": 0
              }
            },
            {
              "batter": "S Mandhana",
              "bowler": "E Hayward",
              "non_striker": "SJ Johnson",
              "runs": {
                "batter": 1,
                "extras": 0,
                "total": 1
              }
            },
            {
              "batter": "SJ Johnson",
              "bowler": "E Hayward",
              "non_striker": "S Mandhana",
              "runs": {
                "batter": 0,
                "extras": 0,
                "total": 0
              }
            }
          ]
        },
        {
          "over": 1,
          "deliveries": [
            {
              "batter": "S Mandhana",
              "bowler": "S Molineux",
              "non_striker": "SJ Johnson",
              "runs": {
                "batter": 0,
                "extras": 0,
                "total": 0
              }
            },
            {
              "batter": "S Mandhana",
              "bowler": "S Molineux",
              "non_striker": "SJ Johnson",
              "runs": {
                "batter": 4,
                "extras": 0,
                "total": 4
              }
            },
            {
              "batter": "S Mandhana",
              "bowler": "S Molineux",
              "non_striker": "SJ Johnson",
              "runs": {
                "batter": 1,
                "extras": 0,
                "total": 1
              }
            },
            {
              "batter": "SJ Johnson",
              "bowler": "S Molineux",
              "non_striker": "S Mandhana",
              "runs": {
                "batter": 0,
                "extras": 0,
                "total": 0
              }
            },
            {
              "batter": "SJ Johnson",
              "bowler": "S Molineux",
              "non_striker": "S Mandhana",
              "runs": {
                "batter": 2,
                "extras": 0,
                "total": 2
              }
            },
            {
              "batter": "SJ Johnson",
              "bowler": "S Molineux",
              "non_striker": "S Mandhana",
              "runs": {
                "batter": 0,
                "extras": 0,
                "total": 0
              }
            }
          ]
        },
        {
          "over": 2,
          "deliveries": [
            {
              "batter": "S Mandhana",
              "bowler": "H Kaur",
              "non_striker": "SJ Johnson",
              "runs": {
                "batter": 4,
                "extras": 0,
                "total": 4
              }
            },
            {
              "batter": "S Mandhana",
              "bowler": "H Kaur",
              "non_striker": "SJ Johnson",
              "runs": {
                "batter": 0,
                "extras": 0,
                "total": 0
              }
            },
            {
              "batter": "S Mandhana",
              "bowler": "H Kaur",
              "non_striker": "SJ Johnson",
              "runs": {
                "batter": 0,
                "extras": 0,
                "total": 0
              }
            },
            {
              "batter": "S Mandhana",
              "bowler": "H Kaur",
              "non_striker": "SJ Johnson",
              "runs": {
                "batter": 0,
                "extras": 0,
                "total": 0
              }
            },
            {
              "batter": "S Mandhana",
              "bowler": "H Kaur",
              "non_striker": "SJ Johnson",
              "runs": {
                "batter": 0,
                "extras": 0,
                "total": 0
              }
            },
            {
              "batter": "S Mandhana",
              "bowler": "H Kaur",
              "non_striker": "SJ Johnson",
              "runs": {
                "batter": 0,
                "extras": 0,
                "total": 0
              }
            }
          ]
        },
        {
          "over": 3,
          "deliveries": [
            {
              "batter": "SJ Johnson",
              "bowler": "S Molineux",
              "non_striker": "S Mandhana",
              "runs": {
                "batter": 1,
                "extras": 0,
                "total": 1
              }
            },
            {
              "batter": "S Mandhana",
              "bowler": "S Molineux",
              "non_striker": "SJ Johnson",
              "runs": {
                "batter": 1,
                "extras": 0,
                "total": 1
              }
            },
            {
              "batter": "SJ Johnson",
              "bowler": "S Molineux",
              "non_striker": "S Mandhana",
              "runs": {
                "batter": 0,
                "extras": 0,
                "total": 0
              }
            },
            {
              "batter": "SJ Johnson",
              "bowler": "S Molineux",
              "non_striker": "S Mandhana",
              "runs": {
                "batter": 0,
                "extras": 0,
                "total": 0
              }
            },
            {
              "batter": "SJ Johnson",
              "bowler": "S Molineux",
              "non_striker": "S Mandhana",
              "runs": {
                "batter": 1,
                "extras": 0,
                "total": 1
              }
            },
            {
              "batter": "S Mandhana",
              "bowler": "S Molineux",
              "non_striker": "SJ Johnson",
              "runs": {
                "batter": 4,
                "extras": 0,
                "total": 4
              }
            }
          ]
        },
        {
          "over": 4,
          "deliveries": [
            {
              "batter": "SJ Johnson",
              "bowler": "H Kaur",
              "non_striker": "S Mandhana",
              "runs": {
                "batter": 0,
                "extras": 0,
                "total": 0
              }
            },
            {
              "batter": "SJ Johnson",
              "bowler": "H Kaur",
              "non_striker": "S Mandhana",
              "runs": {
                "batter": 4,
                "extras": 0,
                "total": 4
              }
            },
            {
              "batter": "SJ Johnson",
              "bowler": "H Kaur",
              "non_striker": "S Mandhana",
              "runs": {
                "batter": 0,
                "extras": 0,
                "total": 0
              }
            },
            {
              "batter": "SJ Johnson",
              "bowler": "H Kaur",
              "non_striker": "S Mandhana",
              "runs": {
                "batter": 4,
                "extras": 0,
                "total": 4
              }
            },
            {
              "batter": "SJ Johnson",
              "bowler": "H Kaur",
              "non_striker": "S Mandhana",
              "runs": {
                "batter": 0,
                "extras": 0,
                "total": 0
              }
            },
            {
              "batter": "SJ Johnson",
              "bowler": "H Kaur",
              "non_striker": "S Mandhana",
              "runs": {
                "batter": 0,
                "extras": 0,
                "total": 0
              },
              "wickets": [
                {
                  "player_out": "SJ Johnson",
                  "fielders": [
                    {
                      "name": "JE Duffin"
                    }
                  ],
                  "kind": "caught"
                }
              ]
            }
          ]
        },
        {
          "over": 5,
          "deliveries": [
            {
              "batter": "P Litchfield",
              "bowler": "E Falconer",
              "non_striker": "S Mandhana",
              "runs": {
                "batter": 0,
                "extras": 0,
                "total": 0
              }
            },
            {
              "batter": "P Litchfield",
              "bowler": "E Falconer",
              "non_striker": "S Mandhana",
              "runs": {
                "batter": 1,
                "extras": 0,
                "total": 1
              }
            },
            {
              "batter": "S Mandhana",
              "bowler": "E Falconer",
              "non_striker": "P Litchfield",
              "runs": {
                "batter": 0,
                "extras": 0,
                "total": 0
              }
            },
            {
              "batter": "S Mandhana",
              "bowler": "E Falconer",
              "non_striker": "P Litchfield",
              "runs": {
                "batter": 6,
                "extras": 0,
                "total": 6
              }
            },
            {
              "batter": "S Mandhana",
              "bowler": "E Falconer",
              "non_striker": "P Litchfield",
              "runs": {
                "batter": 4,
                "extras": 0,
                "total": 4
              }
            },
            {
              "batter": "S Mandhana",
              "bowler": "E Falconer",
              "non_striker": "P Litchfield",
              "runs": {
                "batter": 4,
                "extras": 0,
                "total": 4
              }
            }
          ]
        },
        {
          "over": 6,
          "deliveries": [
            {
              "batter": "P Litchfield",
              "bowler": "RK O'Donnell",
              "non_striker": "S Mandhana",
              "runs": {
                "batter": 0,
                "extras": 0,
                "total": 0
              },
              "wickets": [
                {
                  "player_out": "P Litchfield",
                  "fielders": [
                    {
                      "name": "E Hayward"
                    }
                  ],
                  "kind": "caught"
                }
              ]
            },
            {
              "batter": "T Wilson",
              "bowler": "RK O'Donnell",
              "non_striker": "S Mandhana",
              "runs": {
                "batter": 1,
                "extras": 0,
                "total": 1
              }
            },
            {
              "batter": "S Mandhana",
              "bowler": "RK O'Donnell",
              "non_striker": "T Wilson",
              "runs": {
                "batter": 1,
                "extras": 0,
                "total": 1
              }
            },
            {
              "batter": "T Wilson",
              "bowler": "RK O'Donnell",
              "non_striker": "S Mandhana",
              "runs": {
                "batter": 0,
                "extras": 0,
                "total": 0
              }
            },
            {
              "batter": "T Wilson",
              "bowler": "RK O'Donnell",
              "non_striker": "S Mandhana",
              "runs": {
                "batter": 4,
                "extras": 0,
                "total": 4
              }
            },
            {
              "batter": "T Wilson",
              "bowler": "RK O'Donnell",
              "non_striker": "S Mandhana",
              "runs": {
                "batter": 0,
                "extras": 0,
                "total": 0
              }
            }
          ]
        },
        {
          "over": 7,
          "deliveries": [
            {
              "batter": "S Mandhana",
              "bowler": "E Hayward",
              "non_striker": "T Wilson",
              "runs": {
                "batter": 1,
                "extras": 0,
                "total": 1
              }
            },
            {
              "batter": "T Wilson",
              "bowler": "E Hayward",
              "non_striker": "S Mandhana",
              "runs": {
                "batter": 0,
                "extras": 0,
                "total": 0
              }
            },
            {
              "batter": "T Wilson",
              "bowler": "E Hayward",
              "non_striker": "S Mandhana",
              "runs": {
                "batter": 1,
                "extras": 0,
                "total": 1
              }
            },
            {
              "batter": "S Mandhana",
              "bowler": "E Hayward",
              "non_striker": "T Wilson",
              "runs": {
                "batter": 0,
                "extras": 0,
                "total": 0
              }
            },
            {
              "batter": "S Mandhana",
              "bowler": "E Hayward",
              "non_striker": "T Wilson",
              "runs": {
                "batter": 1,
                "extras": 0,
                "total": 1
              }
            },
            {
              "batter": "T Wilson",
              "bowler": "E Hayward",
              "non_striker": "S Mandhana",
              "runs": {
                "batter": 0,
                "extras": 0,
                "total": 0
              }
            }
          ]
        },
        {
          "over": 8,
          "deliveries": [
            {
              "batter": "S Mandhana",
              "bowler": "RK O'Donnell",
              "non_striker": "T Wilson",
              "runs": {
                "batter": 1,
                "extras": 0,
                "total": 1
              }
            },
            {
              "batter": "T Wilson",
              "bowler": "RK O'Donnell",
              "non_striker": "S Mandhana",
              "runs": {
                "batter": 1,
                "extras": 0,
                "total": 1
              }
            },
            {
              "batter": "S Mandhana",
              "bowler": "RK O'Donnell",
              "non_striker": "T Wilson",
              "runs": {
                "batter": 2,
                "extras": 0,
                "total": 2
              }
            },
            {
              "batter": "S Mandhana",
              "bowler": "RK O'Donnell",
              "non_striker": "T Wilson",
              "runs": {
                "batter": 4,
                "extras": 0,
                "total": 4
              }
            },
            {
              "batter": "S Mandhana",
              "bowler": "RK O'Donnell",
              "non_striker": "T Wilson",
              "runs": {
                "batter": 4,
                "extras": 0,
                "total": 4
              }
            },
            {
              "batter": "S Mandhana",
              "bowler": "RK O'Donnell",
              "non_striker": "T Wilson",
              "runs": {
                "batter": 1,
                "extras": 0,
                "total": 1
              }
            }
          ]
        },
        {
          "over": 9,
          "deliveries": [
            {
              "batter": "S Mandhana",
              "bowler": "E Hayward",
              "non_striker": "T Wilson",
              "runs": {
                "batter": 1,
                "extras": 0,
                "total": 1
              }
            },
            {
              "batter": "T Wilson",
              "bowler": "E Hayward",
              "non_striker": "S Mandhana",
              "runs": {
                "batter": 4,
                "extras": 0,
                "total": 4
              }
            },
            {
              "batter": "T Wilson",
              "bowler": "E Hayward",
              "non_striker": "S Mandhana",
              "runs": {
                "batter": 1,
                "extras": 0,
                "total": 1
              }
            },
            {
              "batter": "S Mandhana",
              "bowler": "E Hayward",
              "non_striker": "T Wilson",
              "runs": {
                "batter": 1,
                "extras": 0,
                "total": 1
              }
            },
            {
              "batter": "T Wilson",
              "bowler": "E Hayward",
              "non_striker": "S Mandhana",
              "runs": {
                "batter": 0,
                "extras": 0,
                "total": 0
              }
            },
            {
              "batter": "T Wilson",
              "bowler": "E Hayward",
              "non_striker": "S Mandhana",
              "runs": {
                "batter": 1,
                "extras": 0,
                "total": 1
              }
            }
          ]
        },
        {
          "over": 10,
          "deliveries": [
            {
              "batter": "T Wilson",
              "bowler": "S Molineux",
              "non_striker": "S Mandhana",
              "runs": {
                "batter": 0,
                "extras": 0,
                "total": 0
              }
            },
            {
              "batter": "T Wilson",
              "bowler": "S Molineux",
              "extras": {
                "legbyes": 1
              },
              "non_striker": "S Mandhana",
              "runs": {
                "batter": 0,
                "extras": 1,
                "total": 1
              }
            },
            {
              "batter": "S Mandhana",
              "bowler": "S Molineux",
              "non_striker": "T Wilson",
              "runs": {
                "batter": 2,
                "extras": 0,
                "total": 2
              }
            },
            {
              "batter": "S Mandhana",
              "bowler": "S Molineux",
              "non_striker": "T Wilson",
              "runs": {
                "batter": 1,
                "extras": 0,
                "total": 1
              }
            },
            {
              "batter": "T Wilson",
              "bowler": "S Molineux",
              "non_striker": "S Mandhana",
              "runs": {
                "batter": 1,
                "extras": 0,
                "total": 1
              }
            },
            {
              "batter": "S Mandhana",
              "bowler": "S Molineux",
              "non_striker": "T Wilson",
              "runs": {
                "batter": 1,
                "extras": 0,
                "total": 1
              }
            }
          ]
        },
        {
          "over": 11,
          "deliveries": [
            {
              "batter": "S Mandhana",
              "bowler": "C Leeson",
              "non_striker": "T Wilson",
              "runs": {
                "batter": 4,
                "extras": 0,
                "total": 4
              }
            },
            {
              "batter": "S Mandhana",
              "bowler": "C Leeson",
              "non_striker": "T Wilson",
              "runs": {
                "batter": 1,
                "extras": 0,
                "total": 1
              }
            },
            {
              "batter": "T Wilson",
              "bowler": "C Leeson",
              "extras": {
                "wides": 1
              },
              "non_striker": "S Mandhana",
              "runs": {
                "batter": 0,
                "extras": 1,
                "total": 1
              }
            },
            {
              "batter": "T Wilson",
              "bowler": "C Leeson",
              "non_striker": "S Mandhana",
              "runs": {
                "batter": 1,
                "extras": 0,
                "total": 1
              }
            },
            {
              "batter": "S Mandhana",
              "bowler": "C Leeson",
              "non_striker": "T Wilson",
              "runs": {
                "batter": 4,
                "extras": 0,
                "total": 4
              }
            },
            {
              "batter": "S Mandhana",
              "bowler": "C Leeson",
              "non_striker": "T Wilson",
              "runs": {
                "batter": 1,
                "extras": 0,
                "total": 1
              }
            },
            {
              "batter": "T Wilson",
              "bowler": "C Leeson",
              "extras": {
                "byes": 2
              },
              "non_striker": "S Mandhana",
              "runs": {
                "batter": 0,
                "extras": 2,
                "total": 2
              }
            }
          ]
        },
        {
          "over": 12,
          "deliveries": [
            {
              "batter": "S Mandhana",
              "bowler": "H Kaur",
              "extras": {
                "wides": 1
              },
              "non_striker": "T Wilson",
              "runs": {
                "batter": 0,
                "extras": 1,
                "total": 1
              }
            },
            {
              "batter": "S Mandhana",
              "bowler": "H Kaur",
              "non_striker": "T Wilson",
              "runs": {
                "batter": 1,
                "extras": 0,
                "total": 1
              }
            },
            {
              "batter": "T Wilson",
              "bowler": "H Kaur",
              "non_striker": "S Mandhana",
              "runs": {
                "batter": 1,
                "extras": 0,
                "total": 1
              }
            },
            {
              "batter": "S Mandhana",
              "bowler": "H Kaur",
              "non_striker": "T Wilson",
              "runs": {
                "batter": 1,
                "extras": 0,
                "total": 1
              }
            },
            {
              "batter": "T Wilson",
              "bowler": "H Kaur",
              "non_striker": "S Mandhana",
              "runs": {
                "batter": 1,
                "extras": 0,
                "total": 1
              }
            },
            {
              "batter": "S Mandhana",
              "bowler": "H Kaur",
              "non_striker": "T Wilson",
              "runs": {
                "batter": 1,
                "extras": 0,
                "total": 1
              }
            },
            {
              "batter": "T Wilson",
              "bowler": "H Kaur",
              "non_striker": "S Mandhana",
              "runs": {
                "batter": 1,
                "extras": 0,
                "total": 1
              }
            }
          ]
        },
        {
          "over": 13,
          "deliveries": [
            {
              "batter": "T Wilson",
              "bowler": "HL Ferling",
              "non_striker": "S Mandhana",
              "runs": {
                "batter": 1,
                "extras": 0,
                "total": 1
              }
            },
            {
              "batter": "S Mandhana",
              "bowler": "HL Ferling",
              "non_striker": "T Wilson",
              "runs": {
                "batter": 1,
                "extras": 0,
                "total": 1
              }
            },
            {
              "batter": "T Wilson",
              "bowler": "HL Ferling",
              "non_striker": "S Mandhana",
              "runs": {
                "batter": 0,
                "extras": 0,
                "total": 0
              }
            },
            {
              "batter": "T Wilson",
              "bowler": "HL Ferling",
              "non_striker": "S Mandhana",
              "runs": {
                "batter": 1,
                "extras": 0,
                "total": 1
              }
            },
            {
              "batter": "S Mandhana",
              "bowler": "HL Ferling",
              "non_striker": "T Wilson",
              "runs": {
                "batter": 1,
                "extras": 0,
                "total": 1
              }
            },
            {
              "batter": "T Wilson",
              "bowler": "HL Ferling",
              "non_striker": "S Mandhana",
              "runs": {
                "batter": 0,
                "extras": 0,
                "total": 0
              }
            }
          ]
        },
        {
          "over": 14,
          "deliveries": [
            {
              "batter": "S Mandhana",
              "bowler": "RK O'Donnell",
              "non_striker": "T Wilson",
              "runs": {
                "batter": 1,
                "extras": 0,
                "total": 1
              }
            },
            {
              "batter": "T Wilson",
              "bowler": "RK O'Donnell",
              "non_striker": "S Mandhana",
              "runs": {
                "batter": 1,
                "extras": 0,
                "total": 1
              }
            },
            {
              "batter": "S Mandhana",
              "bowler": "RK O'Donnell",
              "non_striker": "T Wilson",
              "runs": {
                "batter": 0,
                "extras": 0,
                "total": 0
              }
            },
            {
              "batter": "S Mandhana",
              "bowler": "RK O'Donnell",
              "non_striker": "T Wilson",
              "runs": {
                "batter": 1,
                "extras": 0,
                "total": 1
              }
            },
            {
              "batter": "T Wilson",
              "bowler": "RK O'Donnell",
              "non_striker": "S Mandhana",
              "runs": {
                "batter": 2,
                "extras": 0,
                "total": 2
              }
            },
            {
              "batter": "T Wilson",
              "bowler": "RK O'Donnell",
              "non_striker": "S Mandhana",
              "runs": {
                "batter": 1,
                "extras": 0,
                "total": 1
              }
            }
          ]
        },
        {
          "over": 15,
          "deliveries": [
            {
              "batter": "T Wilson",
              "bowler": "HL Ferling",
              "non_striker": "S Mandhana",
              "runs": {
                "batter": 1,
                "extras": 0,
                "total": 1
              }
            },
            {
              "batter": "S Mandhana",
              "bowler": "HL Ferling",
              "non_striker": "T Wilson",
              "runs": {
                "batter": 4,
                "extras": 0,
                "total": 4
              }
            },
            {
              "batter": "S Mandhana",
              "bowler": "HL Ferling",
              "non_striker": "T Wilson",
              "runs": {
                "batter": 1,
                "extras": 0,
                "total": 1
              }
            },
            {
              "batter": "T Wilson",
              "bowler": "HL Ferling",
              "non_striker": "S Mandhana",
              "runs": {
                "batter": 1,
                "extras": 0,
                "total": 1
              }
            },
            {
              "batter": "S Mandhana",
              "bowler": "HL Ferling",
              "non_striker": "T Wilson",
              "runs": {
                "batter": 0,
                "extras": 0,
                "total": 0
              }
            },
            {
              "batter": "S Mandhana",
              "bowler": "HL Ferling",
              "non_striker": "T Wilson",
              "runs": {
                "batter": 1,
                "extras": 0,
                "total": 1
              }
            }
          ]
        },
        {
          "over": 16,
          "deliveries": [
            {
              "batter": "S Mandhana",
              "bowler": "E Hayward",
              "non_striker": "T Wilson",
              "runs": {
                "batter": 1,
                "extras": 0,
                "total": 1
              }
            },
            {
              "batter": "T Wilson",
              "bowler": "E Hayward",
              "non_striker": "S Mandhana",
              "runs": {
                "batter": 0,
                "extras": 0,
                "total": 0
              }
            },
            {
              "batter": "T Wilson",
              "bowler": "E Hayward",
              "non_striker": "S Mandhana",
              "runs": {
                "batter": 2,
                "extras": 0,
                "total": 2
              }
            },
            {
              "batter": "T Wilson",
              "bowler": "E Hayward",
              "non_striker": "S Mandhana",
              "runs": {
                "batter": 1,
                "extras": 0,
                "total": 1
              }
            },
            {
              "batter": "S Mandhana",
              "bowler": "E Hayward",
              "non_striker": "T Wilson",
              "runs": {
                "batter": 1,
                "extras": 0,
                "total": 1
              }
            },
            {
              "batter": "T Wilson",
              "bowler": "E Hayward",
              "non_striker": "S Mandhana",
              "runs": {
                "batter": 4,
                "extras": 0,
                "total": 4
              }
            }
          ]
        },
        {
          "over": 17,
          "deliveries": [
            {
              "batter": "S Mandhana",
              "bowler": "HL Ferling",
              "non_striker": "T Wilson",
              "runs": {
                "batter": 4,
                "extras": 0,
                "total": 4
              }
            },
            {
              "batter": "S Mandhana",
              "bowler": "HL Ferling",
              "non_striker": "T Wilson",
              "runs": {
                "batter": 6,
                "extras": 0,
                "total": 6
              }
            },
            {
              "batter": "S Mandhana",
              "bowler": "HL Ferling",
              "non_striker": "T Wilson",
              "runs": {
                "batter": 4,
                "extras": 0,
                "total": 4
              }
            },
            {
              "batter": "S Mandhana",
              "bowler": "HL Ferling",
              "non_striker": "T Wilson",
              "runs": {
                "batter": 6,
                "extras": 0,
                "total": 6
              }
            },
            {
              "batter": "S Mandhana",
              "bowler": "HL Ferling",
              "non_striker": "T Wilson",
              "runs": {
                "batter": 2,
                "extras": 0,
                "total": 2
              }
            },
            {
              "batter": "S Mandhana",
              "bowler": "HL Ferling",
              "non_striker": "T Wilson",
              "runs": {
                "batter": 2,
                "extras": 0,
                "total": 2
              }
            }
          ]
        },
        {
          "over": 18,
          "deliveries": [
            {
              "batter": "T Wilson",
              "bowler": "S Molineux",
              "non_striker": "S Mandhana",
              "runs": {
                "batter": 2,
                "extras": 0,
                "total": 2
              }
            },
            {
              "batter": "T Wilson",
              "bowler": "S Molineux",
              "non_striker": "S Mandhana",
              "runs": {
                "batter": 0,
                "extras": 0,
                "total": 0
              }
            },
            {
              "batter": "T Wilson",
              "bowler": "S Molineux",
              "extras": {
                "legbyes": 1
              },
              "non_striker": "S Mandhana",
              "runs": {
                "batter": 0,
                "extras": 1,
                "total": 1
              }
            },
            {
              "batter": "S Mandhana",
              "bowler": "S Molineux",
              "non_striker": "T Wilson",
              "runs": {
                "batter": 1,
                "extras": 0,
                "total": 1
              }
            },
            {
              "batter": "T Wilson",
              "bowler": "S Molineux",
              "non_striker": "S Mandhana",
              "runs": {
                "batter": 1,
                "extras": 0,
                "total": 1
              }
            },
            {
              "batter": "S Mandhana",
              "bowler": "S Molineux",
              "non_striker": "T Wilson",
              "runs": {
                "batter": 4,
                "extras": 0,
                "total": 4
              }
            }
          ]
        },
        {
          "over": 19,
          "deliveries": [
            {
              "batter": "T Wilson",
              "bowler": "H Kaur",
              "non_striker": "S Mandhana",
              "runs": {
                "batter": 1,
                "extras": 0,
                "total": 1
              }
            },
            {
              "batter": "S Mandhana",
              "bowler": "H Kaur",
              "non_striker": "T Wilson",
              "runs": {
                "batter": 1,
                "extras": 0,
                "total": 1
              }
            },
            {
              "batter": "T Wilson",
              "bowler": "H Kaur",
              "non_striker": "S Mandhana",
              "runs": {
                "batter": 1,
                "extras": 0,
                "total": 1
              }
            },
            {
              "batter": "S Mandhana",
              "bowler": "H Kaur",
              "non_striker": "T Wilson",
              "runs": {
                "batter": 2,
                "extras": 0,
                "total": 2
              }
            },
            {
              "batter": "S Mandhana",
              "bowler": "H Kaur",
              "non_striker": "T Wilson",
              "runs": {
                "batter": 2,
                "extras": 0,
                "total": 2
              }
            },
            {
              "batter": "S Mandhana",
              "bowler": "H Kaur",
              "non_striker": "T Wilson",
              "runs": {
                "batter": 1,
                "extras": 0,
                "total": 1
              }
            }
          ]
        }
      ],
      "powerplays": [
        {
          "from": 0.1,
          "to": 5.6,
          "type": "mandatory"
        }
      ],
      "target": {
        "overs": 20,
        "runs": 176
      }
    }
  ]
}