{
  "meta": {
    "data_version": "1.1.0",
    "created": "2021-10-16",
    "revision": 2
  },
  "info": {
    "balls_per_over": 6,
    "city": "Hobart",
    "dates": [
      "2021-10-16"
    ],
    "event": {
      "name": "Women's Big Bash League",
      "match_number": 3
    },
    "gender": "female",
    "match_type": "T20",
    "officials": {
      "match_referees": [
        "SR Bernard"
      ],
      "reserve_umpires": [
        "D Taylor"
      ],
      "umpires": [
        "Mattis van Eck",
        "SA Lightbody"
      ]
    },
    "outcome": {
      "winner": "Adelaide Strikers",
      "by": {
        "runs": 30
      }
    },
    "overs": 20,
    "player_of_match": [
      "TM McGrath"
    ],
    "players": {
      "Adelaide Strikers": [
        "D van Niekerk",
        "KM Mack",
        "L Wolvaardt",
        "TM McGrath",
        "BE Patterson",
        "M Penna",
        "A Wellington",
        "TJ McPharlin",
        "SJ Coyte",
        "JL Barsby",
        "D Brown"
      ],
      "Sydney Thunder": [
        "SJ Johnson",
        "S Mandhana",
        "P Litchfield",
        "CL Hall",
        "A Learoyd",
        "DB Sharma",
        "HJ Darlington",
        "LG Smith",
        "IECM Wong",
        "EJ Smith",
        "SL Bates"
      ]
    },
    "registry": {
      "people": {
        "A Learoyd": "1757bedf",
        "A Wellington": "9b3bcca4",
        "BE Patterson": "7dfbcfff",
        "CL Hall": "6026e2ae",
        "D Brown": "2e81be88",
        "D Taylor": "b940a2b2",
        "D van Niekerk": "8c5775f3",
        "DB Sharma": "201fef33",
        "EJ Smith": "05911fef",
        "HJ Darlington": "50b558d2",
        "IECM Wong": "e5b17517",
        "JL Barsby": "47bcaf7a",
        "KM Mack": "ef13bd20",
        "L Wolvaardt": "e60f81c9",
        "LG Smith": "9c515112",
        "M Penna": "36453b99",
        "Mattis van Eck": "bf1a68c1",
        "P Litchfield": "4e6ef14f",
        "S Mandhana": "5d2eda89",
        "SA Lightbody": "680b8cbf",
        "SJ Coyte": "a5f488bc",
        "SJ Johnson": "d7b754d4",
        "SL Bates": "0816fb1e",
        "SR Bernard": "800187dc",
        "TJ McPharlin": "595e1ee7",
        "TM McGrath": "ca5acfa4"
      }
    },
    "season": "2021/22",
    "team_type": "club",
    "teams": [
      "Adelaide Strikers",
      "Sydney Thunder"
    ],
    "toss": {
      "decision": "field",
      "winner": "Sydney Thunder"
    },
    "venue": "Bellerive Oval, Hobart"
  },
  "innings": [
    {
      "team": "Adelaide Strikers",
      "overs": [
        {
          "over": 0,
          "deliveries": [
            {
              "batter": "D van Niekerk",
              "bowler": "IECM Wong",
              "non_striker": "KM Mack",
              "runs": {
                "batter": 0,
                "extras": 0,
                "total": 0
              }
            },
            {
              "batter": "D van Niekerk",
              "bowler": "IECM Wong",
              "extras": {
                "wides": 1
              },
              "non_striker": "KM Mack",
              "runs": {
                "batter": 0,
                "extras": 1,
                "total": 1
              }
            },
            {
              "batter": "D van Niekerk",
              "bowler": "IECM Wong",
              "non_striker": "KM Mack",
              "runs": {
                "batter": 0,
                "extras": 0,
                "total": 0
              }
            },
            {
              "batter": "D van Niekerk",
              "bowler": "IECM Wong",
              "non_striker": "KM Mack",
              "runs": {
                "batter": 0,
                "extras": 0,
                "total": 0
              }
            },
            {
              "batter": "D van Niekerk",
              "bowler": "IECM Wong",
              "non_striker": "KM Mack",
              "runs": {
                "batter": 2,
                "extras": 0,
                "total": 2
              }
            },
            {
              "batter": "D van Niekerk",
              "bowler": "IECM Wong",
              "extras": {
                "wides": 1
              },
              "non_striker": "KM Mack",
              "runs": {
                "batter": 0,
                "extras": 1,
                "total": 1
              }
            },
            {
              "batter": "D van Niekerk",
              "bowler": "IECM Wong",
              "non_striker": "KM Mack",
              "runs": {
                "batter": 4,
                "extras": 0,
                "total": 4
              }
            },
            {
              "batter": "D van Niekerk",
              "bowler": "IECM Wong",
              "non_striker": "KM Mack",
              "runs": {
                "batter": 0,
                "extras": 0,
                "total": 0
              }
            }
          ]
        },
        {
          "over": 1,
          "deliveries": [
            {
              "batter": "KM Mack",
              "bowler": "SL Bates",
              "non_striker": "D van Niekerk",
              "runs": {
                "batter": 2,
                "extras": 0,
                "total": 2
              }
            },
            {
              "batter": "KM Mack",
              "bowler": "SL Bates",
              "non_striker": "D van Niekerk",
              "runs": {
                "batter": 4,
                "extras": 0,
                "total": 4
              }
            },
            {
              "batter": "KM Mack",
              "bowler": "SL Bates",
              "extras": {
                "legbyes": 1
              },
              "non_striker": "D van Niekerk",
              "runs": {
                "batter": 0,
                "extras": 1,
                "total": 1
              }
            },
            {
              "batter": "D van Niekerk",
              "bowler": "SL Bates",
              "non_striker": "KM Mack",
              "runs": {
                "batter": 1,
                "extras": 0,
                "total": 1
              }
            },
            {
              "batter": "KM Mack",
              "bowler": "SL Bates",
              "non_striker": "D van Niekerk",
              "runs": {
                "batter": 0,
                "extras": 0,
                "total": 0
              }
            },
            {
              "batter": "KM Mack",
              "bowler": "SL Bates",
              "non_striker": "D van Niekerk",
              "runs": {
                "batter": 0,
                "extras": 0,
                "total": 0
              },
              "wickets": [
                {
                  "player_out": "KM Mack",
                  "kind": "bowled"
                }
              ]
            }
          ]
        },
        {
          "over": 2,
          "deliveries": [
            {
              "batter": "D van Niekerk",
              "bowler": "SJ Johnson",
              "non_striker": "L Wolvaardt",
              "runs": {
                "batter": 0,
                "extras": 0,
                "total": 0
              }
            },
            {
              "batter": "D van Niekerk",
              "bowler": "SJ Johnson",
              "non_striker": "L Wolvaardt",
              "runs": {
                "batter": 0,
                "extras": 0,
                "total": 0
              }
            },
            {
              "batter": "D van Niekerk",
              "bowler": "SJ Johnson",
              "non_striker": "L Wolvaardt",
              "runs": {
                "batter": 4,
                "extras": 0,
                "total": 4
              }
            },
            {
              "batter": "D van Niekerk",
              "bowler": "SJ Johnson",
              "non_striker": "L Wolvaardt",
              "runs": {
                "batter": 0,
                "extras": 0,
                "total": 0
              }
            },
            {
              "batter": "D van Niekerk",
              "bowler": "SJ Johnson",
              "non_striker": "L Wolvaardt",
              "runs": {
                "batter": 0,
                "extras": 0,
                "total": 0
              }
            },
            {
              "batter": "D van Niekerk",
              "bowler": "SJ Johnson",
              "non_striker": "L Wolvaardt",
              "runs": {
                "batter": 0,
                "extras": 0,
                "total": 0
              },
              "wickets": [
                {
                  "player_out": "D van Niekerk",
                  "fielders": [
                    {
                      "name": "HJ Darlington"
                    }
                  ],
                  "kind": "caught"
                }
              ]
            }
          ]
        },
        {
          "over": 3,
          "deliveries": [
            {
              "batter": "TM McGrath",
              "bowler": "DB Sharma",
              "extras": {
                "wides": 1
              },
              "non_striker": "L Wolvaardt",
              "runs": {
                "batter": 0,
                "extras": 1,
                "total": 1
              }
            },
            {
              "batter": "TM McGrath",
              "bowler": "DB Sharma",
              "non_striker": "L Wolvaardt",
              "runs": {
                "batter": 0,
                "extras": 0,
                "total": 0
              }
            },
            {
              "batter": "TM McGrath",
              "bowler": "DB Sharma",
              "non_striker": "L Wolvaardt",
              "runs": {
                "batter": 4,
                "extras": 0,
                "total": 4
              }
            },
            {
              "batter": "TM McGrath",
              "bowler": "DB Sharma",
              "non_striker": "L Wolvaardt",
              "runs": {
                "batter": 1,
                "extras": 0,
                "total": 1
              }
            },
            {
              "batter": "L Wolvaardt",
              "bowler": "DB Sharma",
              "non_striker": "TM McGrath",
              "runs": {
                "batter": 0,
                "extras": 0,
                "total": 0
              },
              "wickets": [
                {
                  "player_out": "L Wolvaardt",
                  "fielders": [
                    {
                      "name": "SJ Johnson"
                    }
                  ],
                  "kind": "caught"
                }
              ]
            },
            {
              "batter": "BE Patterson",
              "bowler": "DB Sharma",
              "non_striker": "TM McGrath",
              "runs": {
                "batter": 1,
                "extras": 0,
                "total": 1
              }
            },
            {
              "batter": "TM McGrath",
              "bowler": "DB Sharma",
              "non_striker": "BE Patterson",
              "runs": {
                "batter": 1,
                "extras": 0,
                "total": 1
              }
            }
          ]
        },
        {
          "over": 4,
          "deliveries": [
            {
              "batter": "TM McGrath",
              "bowler": "IECM Wong",
              "non_striker": "BE Patterson",
              "runs": {
                "batter": 0,
                "extras": 0,
                "total": 0
              }
            },
            {
              "batter": "TM McGrath",
              "bowler": "IECM Wong",
              "non_striker": "BE Patterson",
              "runs": {
                "batter": 4,
                "extras": 0,
                "total": 4
              }
            },
            {
              "batter": "TM McGrath",
              "bowler": "IECM Wong",
              "non_striker": "BE Patterson",
              "runs": {
                "batter": 1,
                "extras": 0,
                "total": 1
              }
            },
            {
              "batter": "BE Patterson",
              "bowler": "IECM Wong",
              "extras": {
                "wides": 1
              },
              "non_striker": "TM McGrath",
              "runs": {
                "batter": 0,
                "extras": 1,
                "total": 1
              }
            },
            {
              "batter": "BE Patterson",
              "bowler": "IECM Wong",
              "non_striker": "TM McGrath",
              "runs": {
                "batter": 0,
                "extras": 0,
                "total": 0
              }
            },
            {
              "batter": "BE Patterson",
              "bowler": "IECM Wong",
              "non_striker": "TM McGrath",
              "runs": {
                "batter": 2,
                "extras": 0,
                "total": 2
              }
            },
            {
              "batter": "BE Patterson",
              "bowler": "IECM Wong",
              "non_striker": "TM McGrath",
              "runs": {
                "batter": 1,
                "extras": 0,
                "total": 1
              }
            }
          ]
        },
        {
          "over": 5,
          "deliveries": [
            {
              "batter": "BE Patterson",
              "bowler": "SJ Johnson",
              "non_striker": "TM McGrath",
              "runs": {
                "batter": 0,
                "extras": 0,
                "total": 0
              }
            },
            {
              "batter": "BE Patterson",
              "bowler": "SJ Johnson",
              "non_striker": "TM McGrath",
              "runs": {
                "batter": 4,
                "extras": 0,
                "total": 4
              }
            },
            {
              "batter": "BE Patterson",
              "bowler": "SJ Johnson",
              "non_striker": "TM McGrath",
              "runs": {
                "batter": 2,
                "extras": 0,
                "total": 2
              }
            },
            {
              "batter": "BE Patterson",
              "bowler": "SJ Johnson",
              "non_striker": "TM McGrath",
              "runs": {
                "batter": 0,
                "extras": 0,
                "total": 0
              }
            },
            {
              "batter": "BE Patterson",
              "bowler": "SJ Johnson",
              "non_striker": "TM McGrath",
              "runs": {
                "batter": 1,
                "extras": 0,
                "total": 1
              }
            },
            {
              "batter": "TM McGrath",
              "bowler": "SJ Johnson",
              "non_striker": "BE Patterson",
              "runs": {
                "batter": 1,
                "extras": 0,
                "total": 1
              }
            }
          ]
        },
        {
          "over": 6,
          "deliveries": [
            {
              "batter": "TM McGrath",
              "bowler": "HJ Darlington",
              "non_striker": "BE Patterson",
              "runs": {
                "batter": 1,
                "extras": 0,
                "total": 1
              }
            },
            {
              "batter": "BE Patterson",
              "bowler": "HJ Darlington",
              "non_striker": "TM McGrath",
              "runs": {
                "batter": 0,
                "extras": 0,
                "total": 0
              },
              "wickets": [
                {
                  "player_out": "BE Patterson",
                  "kind": "bowled"
                }
              ]
            },
            {
              "batter": "M Penna",
              "bowler": "HJ Darlington",
              "non_striker": "TM McGrath",
              "runs": {
                "batter": 0,
                "extras": 0,
                "total": 0
              }
            },
            {
              "batter": "M Penna",
              "bowler": "HJ Darlington",
              "non_striker": "TM McGrath",
              "runs": {
                "batter": 0,
                "extras": 0,
                "total": 0
              }
            },
            {
              "batter": "M Penna",
              "bowler": "HJ Darlington",
              "extras": {
                "wides": 1
              },
              "non_striker": "TM McGrath",
              "runs": {
                "batter": 0,
                "extras": 1,
                "total": 1
              }
            },
            {
              "batter": "M Penna",
              "bowler": "HJ Darlington",
              "non_striker": "TM McGrath",
              "runs": {
                "batter": 0,
                "extras": 0,
                "total": 0
              }
            },
            {
              "batter": "M Penna",
              "bowler": "HJ Darlington",
              "non_striker": "TM McGrath",
              "runs": {
                "batter": 1,
                "extras": 0,
                "total": 1
              }
            }
          ]
        },
        {
          "over": 7,
          "deliveries": [
            {
              "batter": "M Penna",
              "bowler": "SL Bates",
              "non_striker": "TM McGrath",
              "runs": {
                "batter": 1,
                "extras": 0,
                "total": 1
              }
            },
            {
              "batter": "TM McGrath",
              "bowler": "SL Bates",
              "non_striker": "M Penna",
              "runs": {
                "batter": 0,
                "extras": 0,
                "total": 0
              }
            },
            {
              "batter": "TM McGrath",
              "bowler": "SL Bates",
              "non_striker": "M Penna",
              "runs": {
                "batter": 1,
                "extras": 0,
                "total": 1
              }
            },
            {
              "batter": "M Penna",
              "bowler": "SL Bates",
              "non_striker": "TM McGrath",
              "runs": {
                "batter": 0,
                "extras": 0,
                "total": 0
              }
            },
            {
              "batter": "M Penna",
              "bowler": "SL Bates",
              "non_striker": "TM McGrath",
              "runs": {
                "batter": 1,
                "extras": 0,
                "total": 1
              }
            },
            {
              "batter": "TM McGrath",
              "bowler": "SL Bates",
              "non_striker": "M Penna",
              "runs": {
                "batter": 2,
                "extras": 0,
                "total": 2
              }
            }
          ]
        },
        {
          "over": 8,
          "deliveries": [
            {
              "batter": "M Penna",
              "bowler": "DB Sharma",
              "non_striker": "TM McGrath",
              "runs": {
                "batter": 0,
                "extras": 0,
                "total": 0
              }
            },
            {
              "batter": "M Penna",
              "bowler": "DB Sharma",
              "non_striker": "TM McGrath",
              "runs": {
                "batter": 1,
                "extras": 0,
                "total": 1
              }
            },
            {
              "batter": "TM McGrath",
              "bowler": "DB Sharma",
              "non_striker": "M Penna",
              "runs": {
                "batter": 1,
                "extras": 0,
                "total": 1
              }
            },
            {
              "batter": "M Penna",
              "bowler": "DB Sharma",
              "non_striker": "TM McGrath",
              "runs": {
                "batter": 1,
                "extras": 0,
                "total": 1
              }
            },
            {
              "batter": "TM McGrath",
              "bowler": "DB Sharma",
              "non_striker": "M Penna",
              "runs": {
                "batter": 1,
                "extras": 0,
                "total": 1
              }
            },
            {
              "batter": "M Penna",
              "bowler": "DB Sharma",
              "non_striker": "TM McGrath",
              "runs": {
                "batter": 1,
                "extras": 0,
                "total": 1
              }
            }
          ]
        },
        {
          "over": 9,
          "deliveries": [
            {
              "batter": "M Penna",
              "bowler": "HJ Darlington",
              "non_striker": "TM McGrath",
              "runs": {
                "batter": 0,
                "extras": 0,
                "total": 0
              }
            },
            {
              "batter": "M Penna",
              "bowler": "HJ Darlington",
              "non_striker": "TM McGrath",
              "runs": {
                "batter": 0,
                "extras": 0,
                "total": 0
              }
            },
            {
              "batter": "M Penna",
              "bowler": "HJ Darlington",
              "extras": {
                "wides": 1
              },
              "non_striker": "TM McGrath",
              "runs": {
                "batter": 0,
                "extras": 1,
                "total": 1
              }
            },
            {
              "batter": "M Penna",
              "bowler": "HJ Darlington",
              "non_striker": "TM McGrath",
              "runs": {
                "batter": 0,
                "extras": 0,
                "total": 0
              }
            },
            {
              "batter": "M Penna",
              "bowler": "HJ Darlington",
              "non_striker": "TM McGrath",
              "runs": {
                "batter": 0,
                "extras": 0,
                "total": 0
              }
            },
            {
              "batter": "M Penna",
              "bowler": "HJ Darlington",
              "non_striker": "TM McGrath",
              "runs": {
                "batter": 0,
                "extras": 0,
                "total": 0
              }
            },
            {
              "batter": "M Penna",
              "bowler": "HJ Darlington",
              "non_striker": "TM McGrath",
              "runs": {
                "batter": 4,
                "extras": 0,
                "total": 4
              }
            }
          ]
        },
        {
          "over": 10,
          "deliveries": [
            {
              "batter": "TM McGrath",
              "bowler": "LG Smith",
              "non_striker": "M Penna",
              "runs": {
                "batter": 0,
                "extras": 0,
                "total": 0
              }
            },
            {
              "batter": "TM McGrath",
              "bowler": "LG Smith",
              "non_striker": "M Penna",
              "runs": {
                "batter": 0,
                "extras": 0,
                "total": 0
              }
            },
            {
              "batter": "TM McGrath",
              "bowler": "LG Smith",
              "non_striker": "M Penna",
              "runs": {
                "batter": 4,
                "extras": 0,
                "total": 4
              }
            },
            {
              "batter": "TM McGrath",
              "bowler": "LG Smith",
              "non_striker": "M Penna",
              "runs": {
                "batter": 1,
                "extras": 0,
                "total": 1
              }
            },
            {
              "batter": "M Penna",
              "bowler": "LG Smith",
              "non_striker": "TM McGrath",
              "runs": {
                "batter": 4,
                "extras": 0,
                "total": 4
              }
            },
            {
              "batter": "M Penna",
              "bowler": "LG Smith",
              "non_striker": "TM McGrath",
              "runs": {
                "batter": 1,
                "extras": 0,
                "total": 1
              }
            }
          ]
        },
        {
          "over": 11,
          "deliveries": [
            {
              "batter": "M Penna",
              "bowler": "SL Bates",
              "extras": {
                "wides": 2
              },
              "non_striker": "TM McGrath",
              "runs": {
                "batter": 0,
                "extras": 2,
                "total": 2
              }
            },
            {
              "batter": "TM McGrath",
              "bowler": "SL Bates",
              "non_striker": "M Penna",
              "runs": {
                "batter": 1,
                "extras": 0,
                "total": 1
              }
            },
            {
              "batter": "M Penna",
              "bowler": "SL Bates",
              "non_striker": "TM McGrath",
              "runs": {
                "batter": 0,
                "extras": 0,
                "total": 0
              }
            },
            {
              "batter": "M Penna",
              "bowler": "SL Bates",
              "non_striker": "TM McGrath",
              "runs": {
                "batter": 1,
                "extras": 0,
                "total": 1
              }
            },
            {
              "batter": "TM McGrath",
              "bowler": "SL Bates",
              "non_striker": "M Penna",
              "runs": {
                "batter": 1,
                "extras": 0,
                "total": 1
              }
            },
            {
              "batter": "M Penna",
              "bowler": "SL Bates",
              "non_striker": "TM McGrath",
              "runs": {
                "batter": 2,
                "extras": 0,
                "total": 2
              }
            },
            {
              "batter": "M Penna",
              "bowler": "SL Bates",
              "non_striker": "TM McGrath",
              "runs": {
                "batter": 0,
                "extras": 0,
                "total": 0
              }
            }
          ]
        },
        {
          "over": 12,
          "deliveries": [
            {
              "batter": "TM McGrath",
              "bowler": "SJ Johnson",
              "non_striker": "M Penna",
              "runs": {
                "batter": 1,
                "extras": 0,
                "total": 1
              }
            },
            {
              "batter": "M Penna",
              "bowler": "SJ Johnson",
              "non_striker": "TM McGrath",
              "runs": {
                "batter": 0,
                "extras": 0,
                "total": 0
              }
            },
            {
              "batter": "M Penna",
              "bowler": "SJ Johnson",
              "non_striker": "TM McGrath",
              "runs": {
                "batter": 1,
                "extras": 0,
                "total": 1
              }
            },
            {
              "batter": "TM McGrath",
              "bowler": "SJ Johnson",
              "non_striker": "M Penna",
              "runs": {
                "batter": 1,
                "extras": 0,
                "total": 1
              }
            },
            {
              "batter": "M Penna",
              "bowler": "SJ Johnson",
              "non_striker": "TM McGrath",
              "runs": {
                "batter": 0,
                "extras": 0,
                "total": 0
              }
            },
            {
              "batter": "M Penna",
              "bowler": "SJ Johnson",
              "non_striker": "TM McGrath",
              "runs": {
                "batter": 0,
                "extras": 0,
                "total": 0
              }
            }
          ]
        },
        {
          "over": 13,
          "deliveries": [
            {
              "batter": "TM McGrath",
              "bowler": "DB Sharma",
              "non_striker": "M Penna",
              "runs": {
                "batter": 1,
                "extras": 0,
                "total": 1
              }
            },
            {
              "batter": "M Penna",
              "bowler": "DB Sharma",
              "non_striker": "TM McGrath",
              "runs": {
                "batter": 4,
                "extras": 0,
                "total": 4
              }
            },
            {
              "batter": "M Penna",
              "bowler": "DB Sharma",
              "extras": {
                "legbyes": 1
              },
              "non_striker": "TM McGrath",
              "runs": {
                "batter": 0,
                "extras": 1,
                "total": 1
              }
            },
            {
              "batter": "TM McGrath",
              "bowler": "DB Sharma",
              "non_striker": "M Penna",
              "runs": {
                "batter": 1,
                "extras": 0,
                "total": 1
              }
            },
            {
              "batter": "M Penna",
              "bowler": "DB Sharma",
              "non_striker": "TM McGrath",
              "runs": {
                "batter": 2,
                "extras": 0,
                "total": 2
              }
            },
            {
              "batter": "M Penna",
              "bowler": "DB Sharma",
              "non_striker": "TM McGrath",
              "runs": {
                "batter": 1,
                "extras": 0,
                "total": 1
              }
            }
          ]
        },
        {
          "over": 14,
          "deliveries": [
            {
              "batter": "M Penna",
              "bowler": "HJ Darlington",
              "non_striker": "TM McGrath",
              "runs": {
                "batter": 4,
                "extras": 0,
                "total": 4
              }
            },
            {
              "batter": "M Penna",
              "bowler": "HJ Darlington",
              "non_striker": "TM McGrath",
              "runs": {
                "batter": 1,
                "extras": 0,
                "total": 1
              }
            },
            {
              "batter": "TM McGrath",
              "bowler": "HJ Darlington",
              "non_striker": "M Penna",
              "runs": {
                "batter": 2,
                "extras": 0,
                "total": 2
              }
            },
            {
              "batter": "TM McGrath",
              "bowler": "HJ Darlington",
              "non_striker": "M Penna",
              "runs": {
                "batter": 0,
                "extras": 0,
                "total": 0
              }
            },
            {
              "batter": "TM McGrath",
              "bowler": "HJ Darlington",
              "non_striker": "M Penna",
              "runs": {
                "batter": 1,
                "extras": 0,
                "total": 1
              }
            },
            {
              "batter": "M Penna",
              "bowler": "HJ Darlington",
              "non_striker": "TM McGrath",
              "runs": {
                "batter": 2,
                "extras": 0,
                "total": 2
              }
            }
          ]
        },
        {
          "over": 15,
          "deliveries": [
            {
              "batter": "TM McGrath",
              "bowler": "SL Bates",
              "non_striker": "M Penna",
              "runs": {
                "batter": 1,
                "extras": 0,
                "total": 1
              }
            },
            {
              "batter": "M Penna",
              "bowler": "SL Bates",
              "non_striker": "TM McGrath",
              "runs": {
                "batter": 1,
                "extras": 0,
                "total": 1
              }
            },
            {
              "batter": "TM McGrath",
              "bowler": "SL Bates",
              "non_striker": "M Penna",
              "runs": {
                "batter": 0,
                "extras": 0,
                "total": 0
              }
            },
            {
              "batter": "TM McGrath",
              "bowler": "SL Bates",
              "non_striker": "M Penna",
              "runs": {
                "batter": 2,
                "extras": 0,
                "total": 2
              }
            },
            {
              "batter": "TM McGrath",
              "bowler": "SL Bates",
              "non_striker": "M Penna",
              "runs": {
                "batter": 2,
                "extras": 0,
                "total": 2
              }
            },
            {
              "batter": "TM McGrath",
              "bowler": "SL Bates",
              "extras": {
                "wides": 1
              },
              "non_striker": "M Penna",
              "runs": {
                "batter": 0,
                "extras": 1,
                "total": 1
              }
            },
            {
              "batter": "TM McGrath",
              "bowler": "SL Bates",
              "non_striker": "M Penna",
              "runs": {
                "batter": 1,
                "extras": 0,
                "total": 1
              }
            }
          ]
        },
        {
          "over": 16,
          "deliveries": [
            {
              "batter": "TM McGrath",
              "bowler": "LG Smith",
              "non_striker": "M Penna",
              "runs": {
                "batter": 4,
                "extras": 0,
                "total": 4
              }
            },
            {
              "batter": "TM McGrath",
              "bowler": "LG Smith",
              "non_striker": "M Penna",
              "runs": {
                "batter": 0,
                "extras": 0,
                "total": 0
              },
              "wickets": [
                {
                  "player_out": "TM McGrath",
                  "fielders": [
                    {
                      "name": "P Litchfield"
                    }
                  ],
                  "kind": "caught"
                }
              ]
            },
            {
              "batter": "M Penna",
              "bowler": "LG Smith",
              "non_striker": "A Wellington",
              "runs": {
                "batter": 1,
                "extras": 0,
                "total": 1
              }
            },
            {
              "batter": "A Wellington",
              "bowler": "LG Smith",
              "non_striker": "M Penna",
              "runs": {
                "batter": 1,
                "extras": 0,
                "total": 1
              }
            },
            {
              "batter": "M Penna",
              "bowler": "LG Smith",
              "non_striker": "A Wellington",
              "runs": {
                "batter": 0,
                "extras": 0,
                "total": 0
              },
              "wickets": [
                {
                  "player_out": "M Penna",
                  "fielders": [
                    {
                      "name": "EJ Smith"
                    }
                  ],
                  "kind": "stumped"
                }
              ]
            },
            {
              "batter": "TJ McPharlin",
              "bowler": "LG Smith",
              "non_striker": "A Wellington",
              "runs": {
                "batter": 1,
                "extras": 0,
                "total": 1
              }
            }
          ]
        },
        {
          "over": 17,
          "deliveries": [
            {
              "batter": "TJ McPharlin",
              "bowler": "DB Sharma",
              "extras": {
                "wides": 1
              },
              "non_striker": "A Wellington",
              "runs": {
                "batter": 0,
                "extras": 1,
                "total": 1
              }
            },
            {
              "batter": "TJ McPharlin",
              "bowler": "DB Sharma",
              "non_striker": "A Wellington",
              "runs": {
                "batter": 1,
                "extras": 0,
                "total": 1
              }
            },
            {
              "batter": "A Wellington",
              "bowler": "DB Sharma",
              "non_striker": "TJ McPharlin",
              "runs": {
                "batter": 0,
                "extras": 0,
                "total": 0
              }
            },
            {
              "batter": "A Wellington",
              "bowler": "DB Sharma",
              "extras": {
                "noballs": 1
              },
              "non_striker": "TJ McPharlin",
              "runs": {
                "batter": 4,
                "extras": 1,
                "total": 5
              }
            },
            {
              "batter": "A Wellington",
              "bowler": "DB Sharma",
              "non_striker": "TJ McPharlin",
              "runs": {
                "batter": 1,
                "extras": 0,
                "total": 1
              }
            },
            {
              "batter": "TJ McPharlin",
              "bowler": "DB Sharma",
              "non_striker": "A Wellington",
              "runs": {
                "batter": 0,
                "extras": 0,
                "total": 0
              }
            },
            {
              "batter": "TJ McPharlin",
              "bowler": "DB Sharma",
              "non_striker": "A Wellington",
              "runs": {
                "batter": 1,
                "extras": 0,
                "total": 1
              }
            },
            {
              "batter": "A Wellington",
              "bowler": "DB Sharma",
              "non_striker": "TJ McPharlin",
              "runs": {
                "batter": 1,
                "extras": 0,
                "total": 1
              }
            }
          ]
        },
        {
          "over": 18,
          "deliveries": [
            {
              "batter": "A Wellington",
              "bowler": "HJ Darlington",
              "non_striker": "TJ McPharlin",
              "runs": {
                "batter": 1,
                "extras": 0,
                "total": 1
              }
            },
            {
              "batter": "TJ McPharlin",
              "bowler": "HJ Darlington",
              "non_striker": "A Wellington",
              "runs": {
                "batter": 1,
                "extras": 0,
                "total": 1
              }
            },
            {
              "batter": "A Wellington",
              "bowler": "HJ Darlington",
              "non_striker": "TJ McPharlin",
              "runs": {
                "batter": 1,
                "extras": 0,
                "total": 1
              }
            },
            {
              "batter": "TJ McPharlin",
              "bowler": "HJ Darlington",
              "extras": {
                "legbyes": 1
              },
              "non_striker": "A Wellington",
              "runs": {
                "batter": 0,
                "extras": 1,
                "total": 1
              }
            },
            {
              "batter": "A Wellington",
              "bowler": "HJ Darlington",
              "non_striker": "TJ McPharlin",
              "runs": {
                "batter": 1,
                "extras": 0,
                "total": 1
              }
            },
            {
              "batter": "TJ McPharlin",
              "bowler": "HJ Darlington",
              "non_striker": "A Wellington",
              "runs": {
                "batter": 0,
                "extras": 0,
                "total": 0
              }
            }
          ]
        },
        {
          "over": 19,
          "deliveries": [
            {
              "batter": "A Wellington",
              "bowler": "SJ Johnson",
              "non_striker": "TJ McPharlin",
              "runs": {
                "batter": 1,
                "extras": 0,
                "total": 1
              }
            },
            {
              "batter": "TJ McPharlin",
              "bowler": "SJ Johnson",
              "non_striker": "A Wellington",
              "runs": {
                "batter": 1,
                "extras": 0,
                "total": 1
              }
            },
            {
              "batter": "A Wellington",
              "bowler": "SJ Johnson",
              "non_striker": "TJ McPharlin",
              "runs": {
                "batter": 3,
                "extras": 0,
                "total": 3
              }
            },
            {
              "batter": "TJ McPharlin",
              "bowler": "SJ Johnson",
              "non_striker": "A Wellington",
              "runs": {
                "batter": 1,
                "extras": 0,
                "total": 1
              }
            },
            {
              "batter": "A Wellington",
              "bowler": "SJ Johnson",
              "non_striker": "TJ McPharlin",
              "runs": {
                "batter": 1,
                "extras": 0,
                "total": 1
              }
            },
            {
              "batter": "TJ McPharlin",
              "bowler": "SJ Johnson",
              "non_striker": "A Wellington",
              "runs": {
                "batter": 0,
                "extras": 0,
                "total": 0
              },
              "wickets": [
                {
                  "player_out": "TJ McPharlin",
                  "fielders": [
                    {
                      "name": "EJ Smith"
                    }
                  ],
                  "kind": "stumped"
                }
              ]
            }
          ]
        }
      ],
      "powerplays": [
        {
          "from": 0.1,
          "to": 5.6,
          "type": "mandatory"
        }
      ]
    },
    {
      "team": "Sydney Thunder",
      "overs": [
        {
          "over": 0,
          "deliveries": [
            {
              "batter": "SJ Johnson",
              "bowler": "D Brown",
              "non_striker": "S Mandhana",
              "runs": {
                "batter": 0,
                "extras": 0,
                "total": 0
              }
            },
            {
              "batter": "SJ Johnson",
              "bowler": "D Brown",
              "non_striker": "S Mandhana",
              "runs": {
                "batter": 0,
                "extras": 0,
                "total": 0
              }
            },
            {
              "batter": "SJ Johnson",
              "bowler": "D Brown",
              "non_striker": "S Mandhana",
              "runs": {
                "batter": 4,
                "extras": 0,
                "total": 4
              }
            },
            {
              "batter": "SJ Johnson",
              "bowler": "D Brown",
              "non_striker": "S Mandhana",
              "runs": {
                "batter": 0,
                "extras": 0,
                "total": 0
              },
              "wickets": [
                {
                  "player_out": "SJ Johnson",
                  "fielders": [
                    {
                      "name": "M Penna"
                    }
                  ],
                  "kind": "caught"
                }
              ]
            },
            {
              "batter": "P Litchfield",
              "bowler": "D Brown",
              "non_striker": "S Mandhana",
              "runs": {
                "batter": 1,
                "extras": 0,
                "total": 1
              }
            },
            {
              "batter": "S Mandhana",
              "bowler": "D Brown",
              "non_striker": "P Litchfield",
              "runs": {
                "batter": 0,
                "extras": 0,
                "total": 0
              }
            }
          ]
        },
        {
          "over": 1,
          "deliveries": [
            {
              "batter": "P Litchfield",
              "bowler": "TM McGrath",
              "non_striker": "S Mandhana",
              "runs": {
                "batter": 4,
                "extras": 0,
                "total": 4
              }
            },
            {
              "batter": "P Litchfield",
              "bowler": "TM McGrath",
              "non_striker": "S Mandhana",
              "runs": {
                "batter": 1,
                "extras": 0,
                "total": 1
              }
            },
            {
              "batter": "S Mandhana",
              "bowler": "TM McGrath",
              "non_striker": "P Litchfield",
              "runs": {
                "batter": 0,
                "extras": 0,
                "total": 0
              }
            },
            {
              "batter": "S Mandhana",
              "bowler": "TM McGrath",
              "non_striker": "P Litchfield",
              "runs": {
                "batter": 4,
                "extras": 0,
                "total": 4
              }
            },
            {
              "batter": "S Mandhana",
              "bowler": "TM McGrath",
              "non_striker": "P Litchfield",
              "runs": {
                "batter": 0,
                "extras": 0,
                "total": 0
              },
              "wickets": [
                {
                  "player_out": "S Mandhana",
                  "fielders": [
                    {
                      "name": "L Wolvaardt"
                    }
                  ],
                  "kind": "caught"
                }
              ]
            },
            {
              "batter": "CL Hall",
              "bowler": "TM McGrath",
              "non_striker": "P Litchfield",
              "runs": {
                "batter": 1,
                "extras": 0,
                "total": 1
              }
            }
          ]
        },
        {
          "over": 2,
          "deliveries": [
            {
              "batter": "CL Hall",
              "bowler": "D Brown",
              "non_striker": "P Litchfield",
              "runs": {
                "batter": 4,
                "extras": 0,
                "total": 4
              }
            },
            {
              "batter": "CL Hall",
              "bowler": "D Brown",
              "non_striker": "P Litchfield",
              "runs": {
                "batter": 0,
                "extras": 0,
                "total": 0
              }
            },
            {
              "batter": "CL Hall",
              "bowler": "D Brown",
              "non_striker": "P Litchfield",
              "runs": {
                "batter": 1,
                "extras": 0,
                "total": 1
              }
            },
            {
              "batter": "P Litchfield",
              "bowler": "D Brown",
              "extras": {
                "wides": 1
              },
              "non_striker": "CL Hall",
              "runs": {
                "batter": 0,
                "extras": 1,
                "total": 1
              }
            },
            {
              "batter": "P Litchfield",
              "bowler": "D Brown",
              "non_striker": "CL Hall",
              "runs": {
                "batter": 0,
                "extras": 0,
                "total": 0
              }
            },
            {
              "batter": "P Litchfield",
              "bowler": "D Brown",
              "non_striker": "CL Hall",
              "runs": {
                "batter": 4,
                "extras": 0,
                "total": 4
              }
            },
            {
              "batter": "P Litchfield",
              "bowler": "D Brown",
              "non_striker": "CL Hall",
              "runs": {
                "batter": 0,
                "extras": 0,
                "total": 0
              }
            }
          ]
        },
        {
          "over": 3,
          "deliveries": [
            {
              "batter": "CL Hall",
              "bowler": "TM McGrath",
              "extras": {
                "legbyes": 1
              },
              "non_striker": "P Litchfield",
              "runs": {
                "batter": 0,
                "extras": 1,
                "total": 1
              }
            },
            {
              "batter": "P Litchfield",
              "bowler": "TM McGrath",
              "non_striker": "CL Hall",
              "runs": {
                "batter": 0,
                "extras": 0,
                "total": 0
              }
            },
            {
              "batter": "P Litchfield",
              "bowler": "TM McGrath",
              "non_striker": "CL Hall",
              "runs": {
                "batter": 0,
                "extras": 0,
                "total": 0
              }
            },
            {
              "batter": "P Litchfield",
              "bowler": "TM McGrath",
              "non_striker": "CL Hall",
              "runs": {
                "batter": 0,
                "extras": 0,
                "total": 0
              }
            },
            {
              "batter": "P Litchfield",
              "bowler": "TM McGrath",
              "non_striker": "CL Hall",
              "runs": {
                "batter": 1,
                "extras": 0,
                "total": 1
              }
            },
            {
              "batter": "CL Hall",
              "bowler": "TM McGrath",
              "non_striker": "P Litchfield",
              "runs": {
                "batter": 0,
                "extras": 0,
                "total": 0
              }
            }
          ]
        },
        {
          "over": 4,
          "deliveries": [
            {
              "batter": "P Litchfield",
              "bowler": "D Brown",
              "non_striker": "CL Hall",
              "runs": {
                "batter": 0,
                "extras": 0,
                "total": 0
              }
            },
            {
              "batter": "P Litchfield",
              "bowler": "D Brown",
              "non_striker": "CL Hall",
              "runs": {
                "batter": 4,
                "extras": 0,
                "total": 4
              }
            },
            {
              "batter": "P Litchfield",
              "bowler": "D Brown",
              "non_striker": "CL Hall",
              "runs": {
                "batter": 1,
                "extras": 0,
                "total": 1
              }
            },
            {
              "batter": "CL Hall",
              "bowler": "D Brown",
              "non_striker": "P Litchfield",
              "runs": {
                "batter": 0,
                "extras": 0,
                "total": 0
              }
            },
            {
              "batter": "CL Hall",
              "bowler": "D Brown",
              "non_striker": "P Litchfield",
              "runs": {
                "batter": 0,
                "extras": 0,
                "total": 0
              }
            },
            {
              "batter": "CL Hall",
              "bowler": "D Brown",
              "non_striker": "P Litchfield",
              "runs": {
                "batter": 2,
                "extras": 0,
                "total": 2
              }
            }
          ]
        },
        {
          "over": 5,
          "deliveries": [
            {
              "batter": "P Litchfield",
              "bowler": "JL Barsby",
              "non_striker": "CL Hall",
              "runs": {
                "batter": 0,
                "extras": 0,
                "total": 0
              }
            },
            {
              "batter": "P Litchfield",
              "bowler": "JL Barsby",
              "non_striker": "CL Hall",
              "runs": {
                "batter": 0,
                "extras": 0,
                "total": 0
              }
            },
            {
              "batter": "P Litchfield",
              "bowler": "JL Barsby",
              "non_striker": "CL Hall",
              "runs": {
                "batter": 0,
                "extras": 0,
                "total": 0
              },
              "wickets": [
                {
                  "player_out": "P Litchfield",
                  "fielders": [
                    {
                      "name": "TJ McPharlin"
                    }
                  ],
                  "kind": "caught"
                }
              ]
            },
            {
              "batter": "A Learoyd",
              "bowler": "JL Barsby",
              "non_striker": "CL Hall",
              "runs": {
                "batter": 0,
                "extras": 0,
                "total": 0
              }
            },
            {
              "batter": "A Learoyd",
              "bowler": "JL Barsby",
              "non_striker": "CL Hall",
              "runs": {
                "batter": 0,
                "extras": 0,
                "total": 0
              }
            },
            {
              "batter": "A Learoyd",
              "bowler": "JL Barsby",
              "non_striker": "CL Hall",
              "runs": {
                "batter": 0,
                "extras": 0,
                "total": 0
              }
            }
          ]
        },
        {
          "over": 6,
          "deliveries": [
            {
              "batter": "CL Hall",
              "bowler": "D van Niekerk",
              "non_striker": "A Learoyd",
              "runs": {
                "batter": 1,
                "extras": 0,
                "total": 1
              }
            },
            {
              "batter": "A Learoyd",
              "bowler": "D van Niekerk",
              "non_striker": "CL Hall",
              "runs": {
                "batter": 0,
                "extras": 0,
                "total": 0
              }
            },
            {
              "batter": "A Learoyd",
              "bowler": "D van Niekerk",
              "extras": {
                "wides": 1
              },
              "non_striker": "CL Hall",
              "runs": {
                "batter": 0,
                "extras": 1,
                "total": 1
              }
            },
            {
              "batter": "A Learoyd",
              "bowler": "D van Niekerk",
              "non_striker": "CL Hall",
              "runs": {
                "batter": 0,
                "extras": 0,
                "total": 0
              }
            },
            {
              "batter": "A Learoyd",
              "bowler": "D van Niekerk",
              "extras": {
                "wides": 1
              },
              "non_striker": "CL Hall",
              "runs": {
                "batter": 0,
                "extras": 1,
                "total": 1
              }
            },
            {
              "batter": "A Learoyd",
              "bowler": "D van Niekerk",
              "non_striker": "CL Hall",
              "runs": {
                "batter": 1,
                "extras": 0,
                "total": 1
              }
            },
            {
              "batter": "CL Hall",
              "bowler": "D van Niekerk",
              "non_striker": "A Learoyd",
              "runs": {
                "batter": 0,
                "extras": 0,
                "total": 0
              }
            },
            {
              "batter": "CL Hall",
              "bowler": "D van Niekerk",
              "non_striker": "A Learoyd",
              "runs": {
                "batter": 1,
                "extras": 0,
                "total": 1
              }
            }
          ]
        },
        {
          "over": 7,
          "deliveries": [
            {
              "batter": "CL Hall",
              "bowler": "A Wellington",
              "non_striker": "A Learoyd",
              "runs": {
                "batter": 1,
                "extras": 0,
                "total": 1
              }
            },
            {
              "batter": "A Learoyd",
              "bowler": "A Wellington",
              "non_striker": "CL Hall",
              "runs": {
                "batter": 1,
                "extras": 0,
                "total": 1
              }
            },
            {
              "batter": "CL Hall",
              "bowler": "A Wellington",
              "non_striker": "A Learoyd",
              "runs": {
                "batter": 1,
                "extras": 0,
                "total": 1
              }
            },
            {
              "batter": "A Learoyd",
              "bowler": "A Wellington",
              "non_striker": "CL Hall",
              "runs": {
                "batter": 0,
                "extras": 0,
                "total": 0
              }
            },
            {
              "batter": "A Learoyd",
              "bowler": "A Wellington",
              "non_striker": "CL Hall",
              "runs": {
                "batter": 1,
                "extras": 0,
                "total": 1
              }
            },
            {
              "batter": "CL Hall",
              "bowler": "A Wellington",
              "non_striker": "A Learoyd",
              "runs": {
                "batter": 1,
                "extras": 0,
                "total": 1
              }
            }
          ]
        },
        {
          "over": 8,
          "deliveries": [
            {
              "batter": "CL Hall",
              "bowler": "D van Niekerk",
              "non_striker": "A Learoyd",
              "runs": {
                "batter": 0,
                "extras": 0,
                "total": 0
              }
            },
            {
              "batter": "CL Hall",
              "bowler": "D van Niekerk",
              "non_striker": "A Learoyd",
              "runs": {
                "batter": 2,
                "extras": 0,
                "total": 2
              }
            },
            {
              "batter": "CL Hall",
              "bowler": "D van Niekerk",
              "non_striker": "A Learoyd",
              "runs": {
                "batter": 2,
                "extras": 0,
                "total": 2
              }
            },
            {
              "batter": "CL Hall",
              "bowler": "D van Niekerk",
              "non_striker": "A Learoyd",
              "runs": {
                "batter": 1,
                "extras": 0,
                "total": 1
              }
            },
            {
              "batter": "A Learoyd",
              "bowler": "D van Niekerk",
              "non_striker": "CL Hall",
              "runs": {
                "batter": 1,
                "extras": 0,
                "total": 1
              }
            },
            {
              "batter": "CL Hall",
              "bowler": "D van Niekerk",
              "non_striker": "A Learoyd",
              "runs": {
                "batter": 1,
                "extras": 0,
                "total": 1
              }
            }
          ]
        },
        {
          "over": 9,
          "deliveries": [
            {
              "batter": "CL Hall",
              "bowler": "A Wellington",
              "non_striker": "A Learoyd",
              "runs": {
                "batter": 1,
                "extras": 0,
                "total": 1
              }
            },
            {
              "batter": "A Learoyd",
              "bowler": "A Wellington",
              "non_striker": "CL Hall",
              "runs": {
                "batter": 0,
                "extras": 0,
                "total": 0
              }
            },
            {
              "batter": "A Learoyd",
              "bowler": "A Wellington",
              "non_striker": "CL Hall",
              "runs": {
                "batter": 0,
                "extras": 0,
                "total": 0
              }
            },
            {
              "batter": "A Learoyd",
              "bowler": "A Wellington",
              "extras": {
                "wides": 1
              },
              "non_striker": "CL Hall",
              "runs": {
                "batter": 0,
                "extras": 1,
                "total": 1
              }
            },
            {
              "batter": "A Learoyd",
              "bowler": "A Wellington",
              "extras": {
                "wides": 1
              },
              "non_striker": "CL Hall",
              "runs": {
                "batter": 0,
                "extras": 1,
                "total": 1
              }
            },
            {
              "batter": "A Learoyd",
              "bowler": "A Wellington",
              "non_striker": "CL Hall",
              "runs": {
                "batter": 0,
                "extras": 0,
                "total": 0
              }
            },
            {
              "batter": "A Learoyd",
              "bowler": "A Wellington",
              "non_striker": "CL Hall",
              "runs": {
                "batter": 0,
                "extras": 0,
                "total": 0
              }
            },
            {
              "batter": "A Learoyd",
              "bowler": "A Wellington",
              "non_striker": "CL Hall",
              "runs": {
                "batter": 1,
                "extras": 0,
                "total": 1
              }
            }
          ]
        },
        {
          "over": 10,
          "deliveries": [
            {
              "batter": "A Learoyd",
              "bowler": "JL Barsby",
              "non_striker": "CL Hall",
              "runs": {
                "batter": 1,
                "extras": 0,
                "total": 1
              }
            },
            {
              "batter": "CL Hall",
              "bowler": "JL Barsby",
              "non_striker": "A Learoyd",
              "runs": {
                "batter": 1,
                "extras": 0,
                "total": 1
              }
            },
            {
              "batter": "A Learoyd",
              "bowler": "JL Barsby",
              "non_striker": "CL Hall",
              "runs": {
                "batter": 1,
                "extras": 0,
                "total": 1
              }
            },
            {
              "batter": "CL Hall",
              "bowler": "JL Barsby",
              "non_striker": "A Learoyd",
              "runs": {
                "batter": 1,
                "extras": 0,
                "total": 1
              }
            },
            {
              "batter": "A Learoyd",
              "bowler": "JL Barsby",
              "non_striker": "CL Hall",
              "runs": {
                "batter": 4,
                "extras": 0,
                "total": 4
              }
            },
            {
              "batter": "A Learoyd",
              "bowler": "JL Barsby",
              "non_striker": "CL Hall",
              "runs": {
                "batter": 1,
                "extras": 0,
                "total": 1
              }
            }
          ]
        },
        {
          "over": 11,
          "deliveries": [
            {
              "batter": "A Learoyd",
              "bowler": "SJ Coyte",
              "non_striker": "CL Hall",
              "runs": {
                "batter": 0,
                "extras": 0,
                "total": 0
              }
            },
            {
              "batter": "A Learoyd",
              "bowler": "SJ Coyte",
              "non_striker": "CL Hall",
              "runs": {
                "batter": 1,
                "extras": 0,
                "total": 1
              }
            },
            {
              "batter": "CL Hall",
              "bowler": "SJ Coyte",
              "non_striker": "A Learoyd",
              "runs": {
                "batter": 4,
                "extras": 0,
                "total": 4
              }
            },
            {
              "batter": "CL Hall",
              "bowler": "SJ Coyte",
              "non_striker": "A Learoyd",
              "runs": {
                "batter": 1,
                "extras": 0,
                "total": 1
              }
            },
            {
              "batter": "A Learoyd",
              "bowler": "SJ Coyte",
              "non_striker": "CL Hall",
              "runs": {
                "batter": 1,
                "extras": 0,
                "total": 1
              }
            },
            {
              "batter": "CL Hall",
              "bowler": "SJ Coyte",
              "non_striker": "A Learoyd",
              "runs": {
                "batter": 0,
                "extras": 0,
                "total": 0
              }
            }
          ]
        },
        {
          "over": 12,
          "deliveries": [
            {
              "batter": "A Learoyd",
              "bowler": "D van Niekerk",
              "non_striker": "CL Hall",
              "runs": {
                "batter": 1,
                "extras": 0,
                "total": 1
              }
            },
            {
              "batter": "CL Hall",
              "bowler": "D van Niekerk",
              "non_striker": "A Learoyd",
              "runs": {
                "batter": 4,
                "extras": 0,
                "total": 4
              }
            },
            {
              "batter": "CL Hall",
              "bowler": "D van Niekerk",
              "non_striker": "A Learoyd",
              "runs": {
                "batter": 1,
                "extras": 0,
                "total": 1
              }
            },
            {
              "batter": "A Learoyd",
              "bowler": "D van Niekerk",
              "non_striker": "CL Hall",
              "runs": {
                "batter": 2,
                "extras": 0,
                "total": 2
              }
            },
            {
              "batter": "A Learoyd",
              "bowler": "D van Niekerk",
              "non_striker": "CL Hall",
              "runs": {
                "batter": 1,
                "extras": 0,
                "total": 1
              }
            },
            {
              "batter": "CL Hall",
              "bowler": "D van Niekerk",
              "non_striker": "A Learoyd",
              "runs": {
                "batter": 1,
                "extras": 0,
                "total": 1
              }
            }
          ]
        },
        {
          "over": 13,
          "deliveries": [
            {
              "batter": "CL Hall",
              "bowler": "SJ Coyte",
              "non_striker": "A Learoyd",
              "runs": {
                "batter": 1,
                "extras": 0,
                "total": 1
              }
            },
            {
              "batter": "A Learoyd",
              "bowler": "SJ Coyte",
              "non_striker": "CL Hall",
              "runs": {
                "batter": 4,
                "extras": 0,
                "total": 4
              }
            },
            {
              "batter": "A Learoyd",
              "bowler": "SJ Coyte",
              "non_striker": "CL Hall",
              "runs": {
                "batter": 0,
                "extras": 0,
                "total": 0
              }
            },
            {
              "batter": "A Learoyd",
              "bowler": "SJ Coyte",
              "non_striker": "CL Hall",
              "runs": {
                "batter": 1,
                "extras": 0,
                "total": 1
              }
            },
            {
              "batter": "CL Hall",
              "bowler": "SJ Coyte",
              "non_striker": "A Learoyd",
              "runs": {
                "batter": 1,
                "extras": 0,
                "total": 1
              }
            },
            {
              "batter": "A Learoyd",
              "bowler": "SJ Coyte",
              "non_striker": "CL Hall",
              "runs": {
                "batter": 0,
                "extras": 0,
                "total": 0
              }
            }
          ]
        },
        {
          "over": 14,
          "deliveries": [
            {
              "batter": "CL Hall",
              "bowler": "TM McGrath",
              "non_striker": "A Learoyd",
              "runs": {
                "batter": 2,
                "extras": 0,
                "total": 2
              }
            },
            {
              "batter": "CL Hall",
              "bowler": "TM McGrath",
              "non_striker": "A Learoyd",
              "runs": {
                "batter": 1,
                "extras": 0,
                "total": 1
              }
            },
            {
              "batter": "A Learoyd",
              "bowler": "TM McGrath",
              "extras": {
                "legbyes": 1
              },
              "non_striker": "CL Hall",
              "runs": {
                "batter": 0,
                "extras": 1,
                "total": 1
              }
            },
            {
              "batter": "CL Hall",
              "bowler": "TM McGrath",
              "extras": {
                "wides": 1
              },
              "non_striker": "A Learoyd",
              "runs": {
                "batter": 0,
                "extras": 1,
                "total": 1
              }
            },
            {
              "batter": "CL Hall",
              "bowler": "TM McGrath",
              "non_striker": "A Learoyd",
              "runs": {
                "batter": 0,
                "extras": 0,
                "total": 0
              }
            },
            {
              "batter": "CL Hall",
              "bowler": "TM McGrath",
              "non_striker": "A Learoyd",
              "runs": {
                "batter": 0,
                "extras": 0,
                "total": 0
              },
              "wickets": [
                {
                  "player_out": "CL Hall",
                  "fielders": [
                    {
                      "name": "BE Patterson"
                    }
                  ],
                  "kind": "caught"
                }
              ]
            },
            {
              "batter": "A Learoyd",
              "bowler": "TM McGrath",
              "non_striker": "DB Sharma",
              "runs": {
                "batter": 0,
                "extras": 0,
                "total": 0
              },
              "wickets": [
                {
                  "player_out": "A Learoyd",
                  "fielders": [
                    {
                      "name": "BE Patterson"
                    }
                  ],
                  "kind": "caught"
                }
              ]
            }
          ]
        },
        {
          "over": 15,
          "deliveries": [
            {
              "batter": "DB Sharma",
              "bowler": "A Wellington",
              "non_striker": "HJ Darlington",
              "runs": {
                "batter": 0,
                "extras": 0,
                "total": 0
              }
            },
            {
              "batter": "DB Sharma",
              "bowler": "A Wellington",
              "non_striker": "HJ Darlington",
              "runs": {
                "batter": 1,
                "extras": 0,
                "total": 1
              }
            },
            {
              "batter": "HJ Darlington",
              "bowler": "A Wellington",
              "non_striker": "DB Sharma",
              "runs": {
                "batter": 0,
                "extras": 0,
                "total": 0
              }
            },
            {
              "batter": "HJ Darlington",
              "bowler": "A Wellington",
              "non_striker": "DB Sharma",
              "runs": {
                "batter": 0,
                "extras": 0,
                "total": 0
              },
              "wickets": [
                {
                  "player_out": "HJ Darlington",
                  "fielders": [
                    {
                      "name": "TJ McPharlin"
                    }
                  ],
                  "kind": "stumped"
                }
              ]
            },
            {
              "batter": "LG Smith",
              "bowler": "A Wellington",
              "non_striker": "DB Sharma",
              "runs": {
                "batter": 1,
                "extras": 0,
                "total": 1
              }
            },
            {
              "batter": "DB Sharma",
              "bowler": "A Wellington",
              "non_striker": "LG Smith",
              "runs": {
                "batter": 2,
                "extras": 0,
                "total": 2
              }
            }
          ]
        },
        {
          "over": 16,
          "deliveries": [
            {
              "batter": "LG Smith",
              "bowler": "TM McGrath",
              "non_striker": "DB Sharma",
              "runs": {
                "batter": 0,
                "extras": 0,
                "total": 0
              }
            },
            {
              "batter": "LG Smith",
              "bowler": "TM McGrath",
              "non_striker": "DB Sharma",
              "runs": {
                "batter": 0,
                "extras": 0,
                "total": 0
              }
            },
            {
              "batter": "LG Smith",
              "bowler": "TM McGrath",
              "non_striker": "DB Sharma",
              "runs": {
                "batter": 1,
                "extras": 0,
                "total": 1
              }
            },
            {
              "batter": "DB Sharma",
              "bowler": "TM McGrath",
              "non_striker": "LG Smith",
              "runs": {
                "batter": 0,
                "extras": 0,
                "total": 0
              }
            },
            {
              "batter": "DB Sharma",
              "bowler": "TM McGrath",
              "non_striker": "LG Smith",
              "runs": {
                "batter": 1,
                "extras": 0,
                "total": 1
              }
            },
            {
              "batter": "LG Smith",
              "bowler": "TM McGrath",
              "non_striker": "DB Sharma",
              "runs": {
                "batter": 0,
                "extras": 0,
                "total": 0
              }
            }
          ]
        },
        {
          "over": 17,
          "deliveries": [
            {
              "batter": "DB Sharma",
              "bowler": "SJ Coyte",
              "non_striker": "LG Smith",
              "runs": {
                "batter": 0,
                "extras": 0,
                "total": 0
              },
              "wickets": [
                {
                  "player_out": "DB Sharma",
                  "fielders": [
                    {
                      "name": "TM McGrath"
                    }
                  ],
                  "kind": "caught"
                }
              ]
            },
            {
              "batter": "LG Smith",
              "bowler": "SJ Coyte",
              "non_striker": "IECM Wong",
              "runs": {
                "batter": 0,
                "extras": 0,
                "total": 0
              },
              "wickets": [
                {
                  "player_out": "LG Smith",
                  "fielders": [
                    {
                      "name": "SJ Coyte"
                    },
                    {
                      "name": "D Brown"
                    }
                  ],
                  "kind": "run out"
                }
              ]
            },
            {
              "batter": "IECM Wong",
              "bowler": "SJ Coyte",
              "non_striker": "EJ Smith",
              "runs": {
                "batter": 1,
                "extras": 0,
                "total": 1
              }
            },
            {
              "batter": "EJ Smith",
              "bowler": "SJ Coyte",
              "non_striker": "IECM Wong",
              "runs": {
                "batter": 1,
                "extras": 0,
                "total": 1
              }
            },
            {
              "batter": "IECM Wong",
              "bowler": "SJ Coyte",
              "non_striker": "EJ Smith",
              "runs": {
                "batter": 0,
                "extras": 0,
                "total": 0
              }
            },
            {
              "batter": "IECM Wong",
              "bowler": "SJ Coyte",
              "non_striker": "EJ Smith",
              "runs": {
                "batter": 1,
                "extras": 0,
                "total": 1
              }
            }
          ]
        },
        {
          "over": 18,
          "deliveries": [
            {
              "batter": "IECM Wong",
              "bowler": "A Wellington",
              "non_striker": "EJ Smith",
              "runs": {
                "batter": 0,
                "extras": 0,
                "total": 0
              }
            },
            {
              "batter": "IECM Wong",
              "bowler": "A Wellington",
              "non_striker": "EJ Smith",
              "runs": {
                "batter": 0,
                "extras": 0,
                "total": 0
              }
            },
            {
              "batter": "IECM Wong",
              "bowler": "A Wellington",
              "non_striker": "EJ Smith",
              "runs": {
                "batter": 4,
                "extras": 0,
                "total": 4
              }
            },
            {
              "batter": "IECM Wong",
              "bowler": "A Wellington",
              "non_striker": "EJ Smith",
              "runs": {
                "batter": 0,
                "extras": 0,
                "total": 0
              },
              "wickets": [
                {
                  "player_out": "IECM Wong",
                  "fielders": [
                    {
                      "name": "BE Patterson"
                    }
                  ],
                  "kind": "caught"
                }
              ]
            },
            {
              "batter": "EJ Smith",
              "bowler": "A Wellington",
              "non_striker": "SL Bates",
              "runs": {
                "batter": 2,
                "extras": 0,
                "total": 2
              }
            },
            {
              "batter": "EJ Smith",
              "bowler": "A Wellington",
              "non_striker": "SL Bates",
              "runs": {
                "batter": 1,
                "extras": 0,
                "total": 1
              }
            }
          ]
        },
        {
          "over": 19,
          "deliveries": [
            {
              "batter": "EJ Smith",
              "bowler": "SJ Coyte",
              "non_striker": "SL Bates",
              "runs": {
                "batter": 1,
                "extras": 0,
                "total": 1
              }
            },
            {
              "batter": "SL Bates",
              "bowler": "SJ Coyte",
              "non_striker": "EJ Smith",
              "runs": {
                "batter": 0,
                "extras": 0,
                "total": 0
              },
              "wickets": [
                {
                  "player_out": "SL Bates",
                  "fielders": [
                    {
                      "name": "TJ McPharlin"
                    }
                  ],
                  "kind": "stumped"
                }
              ]
            }
          ]
        }
      ],
      "powerplays": [
        {
          "from": 0.1,
          "to": 5.6,
          "type": "mandatory"
        }
      ],
      "target": {
        "overs": 20,
        "runs": 141
      }
    }
  ]
}