{
  "meta": {
    "data_version": "1.1.0",
    "created": "2021-11-08",
    "revision": 3
  },
  "info": {
    "balls_per_over": 6,
    "city": "Adelaide",
    "dates": [
      "2021-11-07"
    ],
    "event": {
      "name": "Women's Big Bash League",
      "match_number": 35
    },
    "gender": "female",
    "match_type": "T20",
    "officials": {
      "match_referees": [
        "SD Fry"
      ],
      "reserve_umpires": [
        "D Taylor"
      ],
      "umpires": [
        "Eloise Sheridan",
        "SA Lightbody"
      ]
    },
    "outcome": {
      "winner": "Melbourne Renegades",
      "by": {
        "wickets": 7
      }
    },
    "overs": 20,
    "player_of_match": [
      "S Molineux"
    ],
    "players": {
      "Melbourne Stars": [
        "EJ Villani",
        "MM Lanning",
        "A Sutherland",
        "ME Bouchier",
        "KJ Garth",
        "EA Osborne",
        "T Flintoff",
        "N Faltum",
        "LCN Smith",
        "R McKenna",
        "S Day"
      ],
      "Melbourne Renegades": [
        "JI Rodrigues",
        "E Jones",
        "C Leeson",
        "H Kaur",
        "JE Duffin",
        "S Molineux",
        "JE Dooley",
        "E Falconer",
        "RK O'Donnell",
        "E Hayward",
        "HL Ferling"
      ]
    },
    "registry": {
      "people": {
        "A Sutherland": "65d9b6b6",
        "C Leeson": "d71e33bb",
        "D Taylor": "b940a2b2",
        "E Falconer": "be50addf",
        "E Hayward": "eacd9bb1",
        "E Jones": "971cb321",
        "EA Osborne": "fe731c62",
        "EJ Villani": "cde96d97",
        "Eloise Sheridan": "d8d43840",
        "H Kaur": "53cd8da6",
        "HL Ferling": "a594a6e0",
        "JE Dooley": "6f7e30d6",
        "JE Duffin": "5ebc3941",
        "JI Rodrigues": "cb08b611",
        "KJ Garth": "0b69a844",
        "LCN Smith": "340202b0",
        "ME Bouchier": "c2554b59",
        "MM Lanning": "27e003ce",
        "N Faltum": "9a56c670",
        "R McKenna": "f7e41cd8",
        "RK O'Donnell": "2ec8a400",
        "S Day": "c3d27d76",
        "S Molineux": "99e23670",
        "SA Lightbody": "680b8cbf",
        "SD Fry": "6b725ed1",
        "T Flintoff": "5471b94a"
      }
    },
    "season": "2021/22",
    "team_type": "club",
    "teams": [
      "Melbourne Stars",
      "Melbourne Renegades"
    ],
    "toss": {
      "decision": "bat",
      "winner": "Melbourne Stars"
    },
    "venue": "Adelaide Oval"
  },
  "innings": [
    {
      "team": "Melbourne Stars",
      "overs": [
        {
          "over": 0,
          "deliveries": [
            {
              "batter": "EJ Villani",
              "bowler": "S Molineux",
              "non_striker": "MM Lanning",
              "runs": {
                "batter": 1,
                "extras": 0,
                "total": 1
              }
            },
            {
              "batter": "MM Lanning",
              "bowler": "S Molineux",
              "non_striker": "EJ Villani",
              "runs": {
                "batter": 0,
                "extras": 0,
                "total": 0
              }
            },
            {
              "batter": "MM Lanning",
              "bowler": "S Molineux",
              "non_striker": "EJ Villani",
              "runs": {
                "batter": 0,
                "extras": 0,
                "total": 0
              }
            },
            {
              "batter": "MM Lanning",
              "bowler": "S Molineux",
              "non_striker": "EJ Villani",
              "runs": {
                "batter": 0,
                "extras": 0,
                "total": 0
              }
            },
            {
              "batter": "MM Lanning",
              "bowler": "S Molineux",
              "non_striker": "EJ Villani",
              "runs": {
                "batter": 0,
                "extras": 0,
                "total": 0
              }
            },
            {
              "batter": "MM Lanning",
              "bowler": "S Molineux",
              "non_striker": "EJ Villani",
              "runs": {
                "batter": 0,
                "extras": 0,
                "total": 0
              }
            }
          ]
        },
        {
          "over": 1,
          "deliveries": [
            {
              "batter": "EJ Villani",
              "bowler": "H Kaur",
              "non_striker": "MM Lanning",
              "runs": {
                "batter": 0,
                "extras": 0,
                "total": 0
              },
              "wickets": [
                {
                  "player_out": "EJ Villani",
                  "fielders": [
                    {
                      "name": "JI Rodrigues"
                    }
                  ],
                  "kind": "caught"
                }
              ]
            },
            {
              "batter": "A Sutherland",
              "bowler": "H Kaur",
              "non_striker": "MM Lanning",
              "runs": {
                "batter": 1,
                "extras": 0,
                "total": 1
              }
            },
            {
              "batter": "MM Lanning",
              "bowler": "H Kaur",
              "non_striker": "A Sutherland",
              "runs": {
                "batter": 0,
                "extras": 0,
                "total": 0
              }
            },
            {
              "batter": "MM Lanning",
              "bowler": "H Kaur",
              "non_striker": "A Sutherland",
              "runs": {
                "batter": 3,
                "extras": 0,
                "total": 3
              }
            },
            {
              "batter": "A Sutherland",
              "bowler": "H Kaur",
              "non_striker": "MM Lanning",
              "runs": {
                "batter": 1,
                "extras": 0,
                "total": 1
              }
            },
            {
              "batter": "MM Lanning",
              "bowler": "H Kaur",
              "non_striker": "A Sutherland",
              "runs": {
                "batter": 4,
                "extras": 0,
                "total": 4
              }
            }
          ]
        },
        {
          "over": 2,
          "deliveries": [
            {
              "batter": "A Sutherland",
              "bowler": "S Molineux",
              "non_striker": "MM Lanning",
              "runs": {
                "batter": 0,
                "extras": 0,
                "total": 0
              }
            },
            {
              "batter": "A Sutherland",
              "bowler": "S Molineux",
              "non_striker": "MM Lanning",
              "runs": {
                "batter": 0,
                "extras": 0,
                "total": 0
              }
            },
            {
              "batter": "A Sutherland",
              "bowler": "S Molineux",
              "non_striker": "MM Lanning",
              "runs": {
                "batter": 1,
                "extras": 0,
                "total": 1
              }
            },
            {
              "batter": "MM Lanning",
              "bowler": "S Molineux",
              "non_striker": "A Sutherland",
              "runs": {
                "batter": 0,
                "extras": 0,
                "total": 0
              }
            },
            {
              "batter": "MM Lanning",
              "bowler": "S Molineux",
              "non_striker": "A Sutherland",
              "runs": {
                "batter": 0,
                "extras": 0,
                "total": 0
              }
            },
            {
              "batter": "MM Lanning",
              "bowler": "S Molineux",
              "non_striker": "A Sutherland",
              "runs": {
                "batter": 0,
                "extras": 0,
                "total": 0
              }
            }
          ]
        },
        {
          "over": 3,
          "deliveries": [
            {
              "batter": "A Sutherland",
              "bowler": "E Falconer",
              "non_striker": "MM Lanning",
              "runs": {
                "batter": 0,
                "extras": 0,
                "total": 0
              }
            },
            {
              "batter": "A Sutherland",
              "bowler": "E Falconer",
              "non_striker": "MM Lanning",
              "runs": {
                "batter": 0,
                "extras": 0,
                "total": 0
              }
            },
            {
              "batter": "A Sutherland",
              "bowler": "E Falconer",
              "non_striker": "MM Lanning",
              "runs": {
                "batter": 6,
                "extras": 0,
                "total": 6
              }
            },
            {
              "batter": "A Sutherland",
              "bowler": "E Falconer",
              "non_striker": "MM Lanning",
              "runs": {
                "batter": 0,
                "extras": 0,
                "total": 0
              },
              "wickets": [
                {
                  "player_out": "A Sutherland",
                  "fielders": [
                    {
                      "name": "JE Duffin"
                    }
                  ],
                  "kind": "caught"
                }
              ]
            },
            {
              "batter": "MM Lanning",
              "bowler": "E Falconer",
              "non_striker": "ME Bouchier",
              "runs": {
                "batter": 0,
                "extras": 0,
                "total": 0
              }
            },
            {
              "batter": "MM Lanning",
              "bowler": "E Falconer",
              "non_striker": "ME Bouchier",
              "runs": {
                "batter": 4,
                "extras": 0,
                "total": 4
              }
            }
          ]
        },
        {
          "over": 4,
          "deliveries": [
            {
              "batter": "ME Bouchier",
              "bowler": "HL Ferling",
              "non_striker": "MM Lanning",
              "runs": {
                "batter": 0,
                "extras": 0,
                "total": 0
              }
            },
            {
              "batter": "ME Bouchier",
              "bowler": "HL Ferling",
              "non_striker": "MM Lanning",
              "runs": {
                "batter": 2,
                "extras": 0,
                "total": 2
              }
            },
            {
              "batter": "ME Bouchier",
              "bowler": "HL Ferling",
              "non_striker": "MM Lanning",
              "runs": {
                "batter": 0,
                "extras": 0,
                "total": 0
              }
            },
            {
              "batter": "ME Bouchier",
              "bowler": "HL Ferling",
              "non_striker": "MM Lanning",
              "runs": {
                "batter": 0,
                "extras": 0,
                "total": 0
              }
            },
            {
              "batter": "ME Bouchier",
              "bowler": "HL Ferling",
              "non_striker": "MM Lanning",
              "runs": {
                "batter": 1,
                "extras": 0,
                "total": 1
              }
            },
            {
              "batter": "MM Lanning",
              "bowler": "HL Ferling",
              "non_striker": "ME Bouchier",
              "runs": {
                "batter": 1,
                "extras": 0,
                "total": 1
              }
            }
          ]
        },
        {
          "over": 5,
          "deliveries": [
            {
              "batter": "MM Lanning",
              "bowler": "E Falconer",
              "non_striker": "ME Bouchier",
              "runs": {
                "batter": 1,
                "extras": 0,
                "total": 1
              }
            },
            {
              "batter": "ME Bouchier",
              "bowler": "E Falconer",
              "non_striker": "MM Lanning",
              "runs": {
                "batter": 0,
                "extras": 0,
                "total": 0
              }
            },
            {
              "batter": "ME Bouchier",
              "bowler": "E Falconer",
              "extras": {
                "legbyes": 1
              },
              "non_striker": "MM Lanning",
              "runs": {
                "batter": 0,
                "extras": 1,
                "total": 1
              }
            },
            {
              "batter": "MM Lanning",
              "bowler": "E Falconer",
              "non_striker": "ME Bouchier",
              "runs": {
                "batter": 0,
                "extras": 0,
                "total": 0
              }
            },
            {
              "batter": "MM Lanning",
              "bowler": "E Falconer",
              "non_striker": "ME Bouchier",
              "runs": {
                "batter": 4,
                "extras": 0,
                "total": 4
              }
            },
            {
              "batter": "MM Lanning",
              "bowler": "E Falconer",
              "non_striker": "ME Bouchier",
              "runs": {
                "batter": 0,
                "extras": 0,
                "total": 0
              }
            }
          ]
        },
        {
          "over": 6,
          "deliveries": [
            {
              "batter": "ME Bouchier",
              "bowler": "RK O'Donnell",
              "non_striker": "MM Lanning",
              "runs": {
                "batter": 0,
                "extras": 0,
                "total": 0
              }
            },
            {
              "batter": "ME Bouchier",
              "bowler": "RK O'Donnell",
              "non_striker": "MM Lanning",
              "runs": {
                "batter": 0,
                "extras": 0,
                "total": 0
              }
            },
            {
              "batter": "ME Bouchier",
              "bowler": "RK O'Donnell",
              "non_striker": "MM Lanning",
              "runs": {
                "batter": 0,
                "extras": 0,
                "total": 0
              }
            },
            {
              "batter": "ME Bouchier",
              "bowler": "RK O'Donnell",
              "non_striker": "MM Lanning",
              "runs": {
                "batter": 0,
                "extras": 0,
                "total": 0
              }
            },
            {
              "batter": "ME Bouchier",
              "bowler": "RK O'Donnell",
              "non_striker": "MM Lanning",
              "runs": {
                "batter": 0,
                "extras": 0,
                "total": 0
              }
            },
            {
              "batter": "ME Bouchier",
              "bowler": "RK O'Donnell",
              "non_striker": "MM Lanning",
              "runs": {
                "batter": 0,
                "extras": 0,
                "total": 0
              }
            }
          ]
        },
        {
          "over": 7,
          "deliveries": [
            {
              "batter": "MM Lanning",
              "bowler": "E Hayward",
              "non_striker": "ME Bouchier",
              "runs": {
                "batter": 0,
                "extras": 0,
                "total": 0
              },
              "wickets": [
                {
                  "player_out": "MM Lanning",
                  "kind": "bowled"
                }
              ]
            },
            {
              "batter": "KJ Garth",
              "bowler": "E Hayward",
              "non_striker": "ME Bouchier",
              "runs": {
                "batter": 1,
                "extras": 0,
                "total": 1
              }
            },
            {
              "batter": "ME Bouchier",
              "bowler": "E Hayward",
              "non_striker": "KJ Garth",
              "runs": {
                "batter": 1,
                "extras": 0,
                "total": 1
              }
            },
            {
              "batter": "KJ Garth",
              "bowler": "E Hayward",
              "non_striker": "ME Bouchier",
              "runs": {
                "batter": 1,
                "extras": 0,
                "total": 1
              }
            },
            {
              "batter": "ME Bouchier",
              "bowler": "E Hayward",
              "non_striker": "KJ Garth",
              "runs": {
                "batter": 1,
                "extras": 0,
                "total": 1
              }
            },
            {
              "batter": "KJ Garth",
              "bowler": "E Hayward",
              "non_striker": "ME Bouchier",
              "runs": {
                "batter": 1,
                "extras": 0,
                "total": 1
              }
            }
          ]
        },
        {
          "over": 8,
          "deliveries": [
            {
              "batter": "KJ Garth",
              "bowler": "RK O'Donnell",
              "non_striker": "ME Bouchier",
              "runs": {
                "batter": 4,
                "extras": 0,
                "total": 4
              }
            },
            {
              "batter": "KJ Garth",
              "bowler": "RK O'Donnell",
              "non_striker": "ME Bouchier",
              "runs": {
                "batter": 1,
                "extras": 0,
                "total": 1
              }
            },
            {
              "batter": "ME Bouchier",
              "bowler": "RK O'Donnell",
              "non_striker": "KJ Garth",
              "runs": {
                "batter": 0,
                "extras": 0,
                "total": 0
              },
              "wickets": [
                {
                  "player_out": "ME Bouchier",
                  "fielders": [
                    {
                      "name": "S Molineux"
                    }
                  ],
                  "kind": "caught"
                }
              ]
            },
            {
              "batter": "EA Osborne",
              "bowler": "RK O'Donnell",
              "non_striker": "KJ Garth",
              "runs": {
                "batter": 0,
                "extras": 0,
                "total": 0
              }
            },
            {
              "batter": "EA Osborne",
              "bowler": "RK O'Donnell",
              "non_striker": "KJ Garth",
              "runs": {
                "batter": 2,
                "extras": 0,
                "total": 2
              }
            },
            {
              "batter": "EA Osborne",
              "bowler": "RK O'Donnell",
              "non_striker": "KJ Garth",
              "runs": {
                "batter": 0,
                "extras": 0,
                "total": 0
              }
            }
          ]
        },
        {
          "over": 9,
          "deliveries": [
            {
              "batter": "KJ Garth",
              "bowler": "E Hayward",
              "non_striker": "EA Osborne",
              "runs": {
                "batter": 1,
                "extras": 0,
                "total": 1
              }
            },
            {
              "batter": "EA Osborne",
              "bowler": "E Hayward",
              "non_striker": "KJ Garth",
              "runs": {
                "batter": 0,
                "extras": 0,
                "total": 0
              }
            },
            {
              "batter": "EA Osborne",
              "bowler": "E Hayward",
              "non_striker": "KJ Garth",
              "runs": {
                "batter": 2,
                "extras": 0,
                "total": 2
              }
            },
            {
              "batter": "EA Osborne",
              "bowler": "E Hayward",
              "non_striker": "KJ Garth",
              "runs": {
                "batter": 0,
                "extras": 0,
                "total": 0
              }
            },
            {
              "batter": "EA Osborne",
              "bowler": "E Hayward",
              "non_striker": "KJ Garth",
              "runs": {
                "batter": 1,
                "extras": 0,
                "total": 1
              }
            },
            {
              "batter": "KJ Garth",
              "bowler": "E Hayward",
              "non_striker": "EA Osborne",
              "runs": {
                "batter": 1,
                "extras": 0,
                "total": 1
              }
            }
          ]
        },
        {
          "over": 10,
          "deliveries": [
            {
              "batter": "KJ Garth",
              "bowler": "RK O'Donnell",
              "non_striker": "EA Osborne",
              "runs": {
                "batter": 1,
                "extras": 0,
                "total": 1
              }
            },
            {
              "batter": "EA Osborne",
              "bowler": "RK O'Donnell",
              "non_striker": "KJ Garth",
              "runs": {
                "batter": 0,
                "extras": 0,
                "total": 0
              }
            },
            {
              "batter": "EA Osborne",
              "bowler": "RK O'Donnell",
              "non_striker": "KJ Garth",
              "runs": {
                "batter": 1,
                "extras": 0,
                "total": 1
              }
            },
            {
              "batter": "KJ Garth",
              "bowler": "RK O'Donnell",
              "non_striker": "EA Osborne",
              "runs": {
                "batter": 1,
                "extras": 0,
                "total": 1
              }
            },
            {
              "batter": "EA Osborne",
              "bowler": "RK O'Donnell",
              "non_striker": "KJ Garth",
              "runs": {
                "batter": 2,
                "extras": 0,
                "total": 2
              }
            },
            {
              "batter": "EA Osborne",
              "bowler": "RK O'Donnell",
              "non_striker": "KJ Garth",
              "runs": {
                "batter": 1,
                "extras": 0,
                "total": 1
              }
            }
          ]
        },
        {
          "over": 11,
          "deliveries": [
            {
              "batter": "EA Osborne",
              "bowler": "E Hayward",
              "non_striker": "KJ Garth",
              "runs": {
                "batter": 1,
                "extras": 0,
                "total": 1
              }
            },
            {
              "batter": "KJ Garth",
              "bowler": "E Hayward",
              "non_striker": "EA Osborne",
              "runs": {
                "batter": 0,
                "extras": 0,
                "total": 0
              }
            },
            {
              "batter": "KJ Garth",
              "bowler": "E Hayward",
              "non_striker": "EA Osborne",
              "runs": {
                "batter": 2,
                "extras": 0,
                "total": 2
              }
            },
            {
              "batter": "KJ Garth",
              "bowler": "E Hayward",
              "non_striker": "EA Osborne",
              "runs": {
                "batter": 0,
                "extras": 0,
                "total": 0
              }
            },
            {
              "batter": "KJ Garth",
              "bowler": "E Hayward",
              "non_striker": "EA Osborne",
              "runs": {
                "batter": 2,
                "extras": 0,
                "total": 2
              }
            },
            {
              "batter": "KJ Garth",
              "bowler": "E Hayward",
              "non_striker": "EA Osborne",
              "runs": {
                "batter": 0,
                "extras": 0,
                "total": 0
              }
            }
          ]
        },
        {
          "over": 12,
          "deliveries": [
            {
              "batter": "EA Osborne",
              "bowler": "RK O'Donnell",
              "non_striker": "KJ Garth",
              "runs": {
                "batter": 0,
                "extras": 0,
                "total": 0
              }
            },
            {
              "batter": "EA Osborne",
              "bowler": "RK O'Donnell",
              "non_striker": "KJ Garth",
              "runs": {
                "batter": 0,
                "extras": 0,
                "total": 0
              }
            },
            {
              "batter": "EA Osborne",
              "bowler": "RK O'Donnell",
              "non_striker": "KJ Garth",
              "runs": {
                "batter": 1,
                "extras": 0,
                "total": 1
              }
            },
            {
              "batter": "KJ Garth",
              "bowler": "RK O'Donnell",
              "non_striker": "EA Osborne",
              "runs": {
                "batter": 4,
                "extras": 0,
                "total": 4
              }
            },
            {
              "batter": "KJ Garth",
              "bowler": "RK O'Donnell",
              "non_striker": "EA Osborne",
              "runs": {
                "batter": 1,
                "extras": 0,
                "total": 1
              }
            },
            {
              "batter": "EA Osborne",
              "bowler": "RK O'Donnell",
              "non_striker": "KJ Garth",
              "runs": {
                "batter": 0,
                "extras": 0,
                "total": 0
              }
            }
          ]
        },
        {
          "over": 13,
          "deliveries": [
            {
              "batter": "KJ Garth",
              "bowler": "H Kaur",
              "non_striker": "EA Osborne",
              "runs": {
                "batter": 1,
                "extras": 0,
                "total": 1
              }
            },
            {
              "batter": "EA Osborne",
              "bowler": "H Kaur",
              "extras": {
                "legbyes": 1
              },
              "non_striker": "KJ Garth",
              "runs": {
                "batter": 0,
                "extras": 1,
                "total": 1
              }
            },
            {
              "batter": "KJ Garth",
              "bowler": "H Kaur",
              "non_striker": "EA Osborne",
              "runs": {
                "batter": 1,
                "extras": 0,
                "total": 1
              }
            },
            {
              "batter": "EA Osborne",
              "bowler": "H Kaur",
              "non_striker": "KJ Garth",
              "runs": {
                "batter": 1,
                "extras": 0,
                "total": 1
              }
            },
            {
              "batter": "KJ Garth",
              "bowler": "H Kaur",
              "non_striker": "EA Osborne",
              "runs": {
                "batter": 1,
                "extras": 0,
                "total": 1
              }
            },
            {
              "batter": "EA Osborne",
              "bowler": "H Kaur",
              "non_striker": "KJ Garth",
              "runs": {
                "batter": 1,
                "extras": 0,
                "total": 1
              }
            }
          ]
        },
        {
          "over": 14,
          "deliveries": [
            {
              "batter": "EA Osborne",
              "bowler": "E Falconer",
              "non_striker": "KJ Garth",
              "runs": {
                "batter": 1,
                "extras": 0,
                "total": 1
              }
            },
            {
              "batter": "KJ Garth",
              "bowler": "E Falconer",
              "non_striker": "EA Osborne",
              "runs": {
                "batter": 4,
                "extras": 0,
                "total": 4
              }
            },
            {
              "batter": "KJ Garth",
              "bowler": "E Falconer",
              "non_striker": "EA Osborne",
              "runs": {
                "batter": 0,
                "extras": 0,
                "total": 0
              }
            },
            {
              "batter": "KJ Garth",
              "bowler": "E Falconer",
              "non_striker": "EA Osborne",
              "runs": {
                "batter": 2,
                "extras": 0,
                "total": 2
              }
            },
            {
              "batter": "KJ Garth",
              "bowler": "E Falconer",
              "non_striker": "EA Osborne",
              "runs": {
                "batter": 1,
                "extras": 0,
                "total": 1
              }
            },
            {
              "batter": "EA Osborne",
              "bowler": "E Falconer",
              "non_striker": "KJ Garth",
              "runs": {
                "batter": 1,
                "extras": 0,
                "total": 1
              }
            }
          ]
        },
        {
          "over": 15,
          "deliveries": [
            {
              "batter": "EA Osborne",
              "bowler": "H Kaur",
              "non_striker": "KJ Garth",
              "runs": {
                "batter": 1,
                "extras": 0,
                "total": 1
              }
            },
            {
              "batter": "KJ Garth",
              "bowler": "H Kaur",
              "non_striker": "EA Osborne",
              "runs": {
                "batter": 1,
                "extras": 0,
                "total": 1
              }
            },
            {
              "batter": "EA Osborne",
              "bowler": "H Kaur",
              "non_striker": "KJ Garth",
              "runs": {
                "batter": 1,
                "extras": 0,
                "total": 1
              },
              "wickets": [
                {
                  "player_out": "KJ Garth",
                  "fielders": [
                    {
                      "name": "H Kaur"
                    },
                    {
                      "name": "HL Ferling"
                    }
                  ],
                  "kind": "run out"
                }
              ]
            },
            {
              "batter": "EA Osborne",
              "bowler": "H Kaur",
              "non_striker": "T Flintoff",
              "runs": {
                "batter": 1,
                "extras": 0,
                "total": 1
              }
            },
            {
              "batter": "T Flintoff",
              "bowler": "H Kaur",
              "non_striker": "EA Osborne",
              "runs": {
                "batter": 1,
                "extras": 0,
                "total": 1
              }
            },
            {
              "batter": "EA Osborne",
              "bowler": "H Kaur",
              "non_striker": "T Flintoff",
              "runs": {
                "batter": 1,
                "extras": 0,
                "total": 1
              }
            }
          ]
        },
        {
          "over": 16,
          "deliveries": [
            {
              "batter": "EA Osborne",
              "bowler": "S Molineux",
              "non_striker": "T Flintoff",
              "runs": {
                "batter": 1,
                "extras": 0,
                "total": 1
              }
            },
            {
              "batter": "T Flintoff",
              "bowler": "S Molineux",
              "non_striker": "EA Osborne",
              "runs": {
                "batter": 0,
                "extras": 0,
                "total": 0
              }
            },
            {
              "batter": "T Flintoff",
              "bowler": "S Molineux",
              "non_striker": "EA Osborne",
              "runs": {
                "batter": 0,
                "extras": 0,
                "total": 0
              },
              "wickets": [
                {
                  "player_out": "T Flintoff",
                  "fielders": [
                    {
                      "name": "E Hayward"
                    }
                  ],
                  "kind": "caught"
                }
              ]
            },
            {
              "batter": "EA Osborne",
              "bowler": "S Molineux",
              "non_striker": "N Faltum",
              "runs": {
                "batter": 1,
                "extras": 0,
                "total": 1
              }
            },
            {
              "batter": "N Faltum",
              "bowler": "S Molineux",
              "non_striker": "EA Osborne",
              "runs": {
                "batter": 1,
                "extras": 0,
                "total": 1
              }
            },
            {
              "batter": "EA Osborne",
              "bowler": "S Molineux",
              "non_striker": "N Faltum",
              "runs": {
                "batter": 1,
                "extras": 0,
                "total": 1
              }
            }
          ]
        },
        {
          "over": 17,
          "deliveries": [
            {
              "batter": "EA Osborne",
              "bowler": "E Hayward",
              "non_striker": "N Faltum",
              "runs": {
                "batter": 1,
                "extras": 0,
                "total": 1
              }
            },
            {
              "batter": "N Faltum",
              "bowler": "E Hayward",
              "non_striker": "EA Osborne",
              "runs": {
                "batter": 1,
                "extras": 0,
                "total": 1
              }
            },
            {
              "batter": "EA Osborne",
              "bowler": "E Hayward",
              "non_striker": "N Faltum",
              "runs": {
                "batter": 1,
                "extras": 0,
                "total": 1
              }
            },
            {
              "batter": "N Faltum",
              "bowler": "E Hayward",
              "non_striker": "EA Osborne",
              "runs": {
                "batter": 1,
                "extras": 0,
                "total": 1
              }
            },
            {
              "batter": "EA Osborne",
              "bowler": "E Hayward",
              "non_striker": "N Faltum",
              "runs": {
                "batter": 2,
                "extras": 0,
                "total": 2
              }
            },
            {
              "batter": "EA Osborne",
              "bowler": "E Hayward",
              "non_striker": "N Faltum",
              "runs": {
                "batter": 1,
                "extras": 0,
                "total": 1
              }
            }
          ]
        },
        {
          "over": 18,
          "deliveries": [
            {
              "batter": "EA Osborne",
              "bowler": "S Molineux",
              "non_striker": "N Faltum",
              "runs": {
                "batter": 2,
                "extras": 0,
                "total": 2
              }
            },
            {
              "batter": "EA Osborne",
              "bowler": "S Molineux",
              "non_striker": "N Faltum",
              "runs": {
                "batter": 0,
                "extras": 0,
                "total": 0
              }
            },
            {
              "batter": "EA Osborne",
              "bowler": "S Molineux",
              "non_striker": "N Faltum",
              "runs": {
                "batter": 0,
                "extras": 0,
                "total": 0
              }
            },
            {
              "batter": "EA Osborne",
              "bowler": "S Molineux",
              "non_striker": "N Faltum",
              "runs": {
                "batter": 0,
                "extras": 0,
                "total": 0
              },
              "wickets": [
                {
                  "player_out": "EA Osborne",
                  "fielders": [
                    {
                      "name": "H Kaur"
                    }
                  ],
                  "kind": "caught"
                }
              ]
            },
            {
              "batter": "N Faltum",
              "bowler": "S Molineux",
              "non_striker": "LCN Smith",
              "runs": {
                "batter": 1,
                "extras": 0,
                "total": 1
              }
            },
            {
              "batter": "LCN Smith",
              "bowler": "S Molineux",
              "non_striker": "N Faltum",
              "runs": {
                "batter": 1,
                "extras": 0,
                "total": 1
              }
            }
          ]
        },
        {
          "over": 19,
          "deliveries": [
            {
              "batter": "LCN Smith",
              "bowler": "H Kaur",
              "non_striker": "N Faltum",
              "runs": {
                "batter": 1,
                "extras": 0,
                "total": 1
              }
            },
            {
              "batter": "N Faltum",
              "bowler": "H Kaur",
              "non_striker": "LCN Smith",
              "runs": {
                "batter": 0,
                "extras": 0,
                "total": 0
              }
            },
            {
              "batter": "N Faltum",
              "bowler": "H Kaur",
              "non_striker": "LCN Smith",
              "runs": {
                "batter": 1,
                "extras": 0,
                "total": 1
              }
            },
            {
              "batter": "LCN Smith",
              "bowler": "H Kaur",
              "non_striker": "N Faltum",
              "runs": {
                "batter": 0,
                "extras": 0,
                "total": 0
              },
              "wickets": [
                {
                  "player_out": "LCN Smith",
                  "fielders": [
                    {
                      "name": "JE Dooley"
                    }
                  ],
                  "kind": "stumped"
                }
              ]
            },
            {
              "batter": "R McKenna",
              "bowler": "H Kaur",
              "non_striker": "N Faltum",
              "runs": {
                "batter": 0,
                "extras": 0,
                "total": 0
              },
              "wickets": [
                {
                  "player_out": "R McKenna",
                  "fielders": [
                    {
                      "name": "HL Ferling"
                    }
                  ],
                  "kind": "caught"
                }
              ]
            },
            {
              "batter": "N Faltum",
              "bowler": "H Kaur",
              "non_striker": "S Day",
              "runs": {
                "batter": 0,
                "extras": 0,
                "total": 0
              },
              "wickets": [
                {
                  "player_out": "N Faltum",
                  "fielders": [
                    {
                      "name": "H Kaur"
                    }
                  ],
                  "kind": "run out"
                }
              ]
            }
          ]
        }
      ],
      "powerplays": [
        {
          "from": 0.1,
          "to": 5.6,
          "type": "mandatory"
        }
      ]
    },
    {
      "team": "Melbourne Renegades",
      "overs": [
        {
          "over": 0,
          "deliveries": [
            {
              "batter": "JI Rodrigues",
              "bowler": "KJ Garth",
              "non_striker": "E Jones",
              "runs": {
                "batter": 0,
                "extras": 0,
                "total": 0
              }
            },
            {
              "batter": "JI Rodrigues",
              "bowler": "KJ Garth",
              "non_striker": "E Jones",
              "runs": {
                "batter": 2,
                "extras": 0,
                "total": 2
              }
            },
            {
              "batter": "JI Rodrigues",
              "bowler": "KJ Garth",
              "non_striker": "E Jones",
              "runs": {
                "batter": 0,
                "extras": 0,
                "total": 0
              }
            },
            {
              "batter": "JI Rodrigues",
              "bowler": "KJ Garth",
              "non_striker": "E Jones",
              "runs": {
                "batter": 0,
                "extras": 0,
                "total": 0
              }
            },
            {
              "batter": "JI Rodrigues",
              "bowler": "KJ Garth",
              "non_striker": "E Jones",
              "runs": {
                "batter": 1,
                "extras": 0,
                "total": 1
              }
            },
            {
              "batter": "E Jones",
              "bowler": "KJ Garth",
              "extras": {
                "legbyes": 1
              },
              "non_striker": "JI Rodrigues",
              "runs": {
                "batter": 0,
                "extras": 1,
                "total": 1
              }
            }
          ]
        },
        {
          "over": 1,
          "deliveries": [
            {
              "batter": "E Jones",
              "bowler": "T Flintoff",
              "non_striker": "JI Rodrigues",
              "runs": {
                "batter": 0,
                "extras": 0,
                "total": 0
              }
            },
            {
              "batter": "E Jones",
              "bowler": "T Flintoff",
              "non_striker": "JI Rodrigues",
              "runs": {
                "batter": 0,
                "extras": 0,
                "total": 0
              }
            },
            {
              "batter": "E Jones",
              "bowler": "T Flintoff",
              "non_striker": "JI Rodrigues",
              "runs": {
                "batter": 0,
                "extras": 0,
                "total": 0
              }
            },
            {
              "batter": "E Jones",
              "bowler": "T Flintoff",
              "non_striker": "JI Rodrigues",
              "runs": {
                "batter": 0,
                "extras": 0,
                "total": 0
              },
              "wickets": [
                {
                  "player_out": "E Jones",
                  "kind": "bowled"
                }
              ]
            },
            {
              "batter": "C Leeson",
              "bowler": "T Flintoff",
              "non_striker": "JI Rodrigues",
              "runs": {
                "batter": 1,
                "extras": 0,
                "total": 1
              }
            },
            {
              "batter": "JI Rodrigues",
              "bowler": "T Flintoff",
              "non_striker": "C Leeson",
              "runs": {
                "batter": 1,
                "extras": 0,
                "total": 1
              }
            }
          ]
        },
        {
          "over": 2,
          "deliveries": [
            {
              "batter": "JI Rodrigues",
              "bowler": "KJ Garth",
              "non_striker": "C Leeson",
              "runs": {
                "batter": 0,
                "extras": 0,
                "total": 0
              }
            },
            {
              "batter": "JI Rodrigues",
              "bowler": "KJ Garth",
              "non_striker": "C Leeson",
              "runs": {
                "batter": 4,
                "extras": 0,
                "total": 4
              }
            },
            {
              "batter": "JI Rodrigues",
              "bowler": "KJ Garth",
              "extras": {
                "wides": 1
              },
              "non_striker": "C Leeson",
              "runs": {
                "batter": 0,
                "extras": 1,
                "total": 1
              }
            },
            {
              "batter": "JI Rodrigues",
              "bowler": "KJ Garth",
              "non_striker": "C Leeson",
              "runs": {
                "batter": 0,
                "extras": 0,
                "total": 0
              }
            },
            {
              "batter": "JI Rodrigues",
              "bowler": "KJ Garth",
              "non_striker": "C Leeson",
              "runs": {
                "batter": 4,
                "extras": 0,
                "total": 4
              }
            },
            {
              "batter": "JI Rodrigues",
              "bowler": "KJ Garth",
              "non_striker": "C Leeson",
              "runs": {
                "batter": 1,
                "extras": 0,
                "total": 1
              }
            },
            {
              "batter": "C Leeson",
              "bowler": "KJ Garth",
              "non_striker": "JI Rodrigues",
              "runs": {
                "batter": 0,
                "extras": 0,
                "total": 0
              }
            }
          ]
        },
        {
          "over": 3,
          "deliveries": [
            {
              "batter": "JI Rodrigues",
              "bowler": "A Sutherland",
              "non_striker": "C Leeson",
              "runs": {
                "batter": 4,
                "extras": 0,
                "total": 4
              }
            },
            {
              "batter": "JI Rodrigues",
              "bowler": "A Sutherland",
              "non_striker": "C Leeson",
              "runs": {
                "batter": 1,
                "extras": 0,
                "total": 1
              }
            },
            {
              "batter": "C Leeson",
              "bowler": "A Sutherland",
              "extras": {
                "wides": 1
              },
              "non_striker": "JI Rodrigues",
              "runs": {
                "batter": 0,
                "extras": 1,
                "total": 1
              }
            },
            {
              "batter": "C Leeson",
              "bowler": "A Sutherland",
              "non_striker": "JI Rodrigues",
              "runs": {
                "batter": 4,
                "extras": 0,
                "total": 4
              }
            },
            {
              "batter": "C Leeson",
              "bowler": "A Sutherland",
              "extras": {
                "wides": 1
              },
              "non_striker": "JI Rodrigues",
              "runs": {
                "batter": 0,
                "extras": 1,
                "total": 1
              }
            },
            {
              "batter": "C Leeson",
              "bowler": "A Sutherland",
              "non_striker": "JI Rodrigues",
              "runs": {
                "batter": 1,
                "extras": 0,
                "total": 1
              }
            },
            {
              "batter": "JI Rodrigues",
              "bowler": "A Sutherland",
              "non_striker": "C Leeson",
              "runs": {
                "batter": 1,
                "extras": 0,
                "total": 1
              }
            },
            {
              "batter": "C Leeson",
              "bowler": "A Sutherland",
              "non_striker": "JI Rodrigues",
              "runs": {
                "batter": 2,
                "extras": 0,
                "total": 2
              }
            }
          ]
        },
        {
          "over": 4,
          "deliveries": [
            {
              "batter": "JI Rodrigues",
              "bowler": "LCN Smith",
              "non_striker": "C Leeson",
              "runs": {
                "batter": 1,
                "extras": 0,
                "total": 1
              }
            },
            {
              "batter": "C Leeson",
              "bowler": "LCN Smith",
              "non_striker": "JI Rodrigues",
              "runs": {
                "batter": 4,
                "extras": 0,
                "total": 4
              }
            },
            {
              "batter": "C Leeson",
              "bowler": "LCN Smith",
              "non_striker": "JI Rodrigues",
              "runs": {
                "batter": 4,
                "extras": 0,
                "total": 4
              }
            },
            {
              "batter": "C Leeson",
              "bowler": "LCN Smith",
              "non_striker": "JI Rodrigues",
              "runs": {
                "batter": 0,
                "extras": 0,
                "total": 0
              }
            },
            {
              "batter": "C Leeson",
              "bowler": "LCN Smith",
              "non_striker": "JI Rodrigues",
              "runs": {
                "batter": 1,
                "extras": 0,
                "total": 1
              }
            },
            {
              "batter": "JI Rodrigues",
              "bowler": "LCN Smith",
              "non_striker": "C Leeson",
              "runs": {
                "batter": 0,
                "extras": 0,
                "total": 0
              }
            }
          ]
        },
        {
          "over": 5,
          "deliveries": [
            {
              "batter": "C Leeson",
              "bowler": "T Flintoff",
              "non_striker": "JI Rodrigues",
              "runs": {
                "batter": 0,
                "extras": 0,
                "total": 0
              }
            },
            {
              "batter": "C Leeson",
              "bowler": "T Flintoff",
              "non_striker": "JI Rodrigues",
              "runs": {
                "batter": 0,
                "extras": 0,
                "total": 0
              }
            },
            {
              "batter": "C Leeson",
              "bowler": "T Flintoff",
              "non_striker": "JI Rodrigues",
              "runs": {
                "batter": 2,
                "extras": 0,
                "total": 2
              }
            },
            {
              "batter": "C Leeson",
              "bowler": "T Flintoff",
              "non_striker": "JI Rodrigues",
              "runs": {
                "batter": 1,
                "extras": 0,
                "total": 1
              }
            },
            {
              "batter": "JI Rodrigues",
              "bowler": "T Flintoff",
              "non_striker": "C Leeson",
              "runs": {
                "batter": 0,
                "extras": 0,
                "total": 0
              }
            },
            {
              "batter": "JI Rodrigues",
              "bowler": "T Flintoff",
              "non_striker": "C Leeson",
              "runs": {
                "batter": 2,
                "extras": 0,
                "total": 2
              }
            }
          ]
        },
        {
          "over": 6,
          "deliveries": [
            {
              "batter": "C Leeson",
              "bowler": "EA Osborne",
              "non_striker": "JI Rodrigues",
              "runs": {
                "batter": 1,
                "extras": 0,
                "total": 1
              }
            },
            {
              "batter": "JI Rodrigues",
              "bowler": "EA Osborne",
              "non_striker": "C Leeson",
              "runs": {
                "batter": 1,
                "extras": 0,
                "total": 1
              }
            },
            {
              "batter": "C Leeson",
              "bowler": "EA Osborne",
              "non_striker": "JI Rodrigues",
              "runs": {
                "batter": 1,
                "extras": 0,
                "total": 1
              }
            },
            {
              "batter": "JI Rodrigues",
              "bowler": "EA Osborne",
              "non_striker": "C Leeson",
              "runs": {
                "batter": 4,
                "extras": 0,
                "total": 4
              }
            },
            {
              "batter": "JI Rodrigues",
              "bowler": "EA Osborne",
              "non_striker": "C Leeson",
              "runs": {
                "batter": 4,
                "extras": 0,
                "total": 4
              }
            },
            {
              "batter": "JI Rodrigues",
              "bowler": "EA Osborne",
              "non_striker": "C Leeson",
              "runs": {
                "batter": 1,
                "extras": 0,
                "total": 1
              }
            }
          ]
        },
        {
          "over": 7,
          "deliveries": [
            {
              "batter": "JI Rodrigues",
              "bowler": "R McKenna",
              "non_striker": "C Leeson",
              "runs": {
                "batter": 0,
                "extras": 0,
                "total": 0
              }
            },
            {
              "batter": "JI Rodrigues",
              "bowler": "R McKenna",
              "non_striker": "C Leeson",
              "runs": {
                "batter": 0,
                "extras": 0,
                "total": 0
              }
            },
            {
              "batter": "JI Rodrigues",
              "bowler": "R McKenna",
              "non_striker": "C Leeson",
              "runs": {
                "batter": 1,
                "extras": 0,
                "total": 1
              }
            },
            {
              "batter": "C Leeson",
              "bowler": "R McKenna",
              "non_striker": "JI Rodrigues",
              "runs": {
                "batter": 1,
                "extras": 0,
                "total": 1
              }
            },
            {
              "batter": "JI Rodrigues",
              "bowler": "R McKenna",
              "non_striker": "C Leeson",
              "runs": {
                "batter": 2,
                "extras": 0,
                "total": 2
              }
            },
            {
              "batter": "JI Rodrigues",
              "bowler": "R McKenna",
              "non_striker": "C Leeson",
              "runs": {
                "batter": 0,
                "extras": 0,
                "total": 0
              }
            }
          ]
        },
        {
          "over": 8,
          "deliveries": [
            {
              "batter": "C Leeson",
              "bowler": "S Day",
              "non_striker": "JI Rodrigues",
              "runs": {
                "batter": 0,
                "extras": 0,
                "total": 0
              }
            },
            {
              "batter": "C Leeson",
              "bowler": "S Day",
              "non_striker": "JI Rodrigues",
              "runs": {
                "batter": 1,
                "extras": 0,
                "total": 1
              }
            },
            {
              "batter": "JI Rodrigues",
              "bowler": "S Day",
              "non_striker": "C Leeson",
              "runs": {
                "batter": 0,
                "extras": 0,
                "total": 0
              }
            },
            {
              "batter": "JI Rodrigues",
              "bowler": "S Day",
              "non_striker": "C Leeson",
              "runs": {
                "batter": 0,
                "extras": 0,
                "total": 0
              }
            },
            {
              "batter": "JI Rodrigues",
              "bowler": "S Day",
              "non_striker": "C Leeson",
              "runs": {
                "batter": 0,
                "extras": 0,
                "total": 0
              }
            },
            {
              "batter": "JI Rodrigues",
              "bowler": "S Day",
              "non_striker": "C Leeson",
              "runs": {
                "batter": 1,
                "extras": 0,
                "total": 1
              }
            }
          ]
        },
        {
          "over": 9,
          "deliveries": [
            {
              "batter": "JI Rodrigues",
              "bowler": "T Flintoff",
              "non_striker": "C Leeson",
              "runs": {
                "batter": 1,
                "extras": 0,
                "total": 1
              }
            },
            {
              "batter": "C Leeson",
              "bowler": "T Flintoff",
              "non_striker": "JI Rodrigues",
              "runs": {
                "batter": 4,
                "extras": 0,
                "total": 4
              }
            },
            {
              "batter": "C Leeson",
              "bowler": "T Flintoff",
              "non_striker": "JI Rodrigues",
              "runs": {
                "batter": 1,
                "extras": 0,
                "total": 1
              }
            },
            {
              "batter": "JI Rodrigues",
              "bowler": "T Flintoff",
              "extras": {
                "wides": 2
              },
              "non_striker": "C Leeson",
              "runs": {
                "batter": 0,
                "extras": 2,
                "total": 2
              }
            },
            {
              "batter": "C Leeson",
              "bowler": "T Flintoff",
              "non_striker": "JI Rodrigues",
              "runs": {
                "batter": 1,
                "extras": 0,
                "total": 1
              }
            },
            {
              "batter": "JI Rodrigues",
              "bowler": "T Flintoff",
              "non_striker": "C Leeson",
              "runs": {
                "batter": 1,
                "extras": 0,
                "total": 1
              }
            },
            {
              "batter": "C Leeson",
              "bowler": "T Flintoff",
              "non_striker": "JI Rodrigues",
              "runs": {
                "batter": 1,
                "extras": 0,
                "total": 1
              }
            }
          ]
        },
        {
          "over": 10,
          "deliveries": [
            {
              "batter": "C Leeson",
              "bowler": "S Day",
              "non_striker": "JI Rodrigues",
              "runs": {
                "batter": 1,
                "extras": 0,
                "total": 1
              }
            },
            {
              "batter": "JI Rodrigues",
              "bowler": "S Day",
              "non_striker": "C Leeson",
              "runs": {
                "batter": 0,
                "extras": 0,
                "total": 0
              }
            },
            {
              "batter": "JI Rodrigues",
              "bowler": "S Day",
              "non_striker": "C Leeson",
              "runs": {
                "batter": 2,
                "extras": 0,
                "total": 2
              }
            },
            {
              "batter": "JI Rodrigues",
              "bowler": "S Day",
              "non_striker": "C Leeson",
              "runs": {
                "batter": 1,
                "extras": 0,
                "total": 1
              }
            },
            {
              "batter": "C Leeson",
              "bowler": "S Day",
              "non_striker": "JI Rodrigues",
              "runs": {
                "batter": 2,
                "extras": 0,
                "total": 2
              }
            },
            {
              "batter": "C Leeson",
              "bowler": "S Day",
              "non_striker": "JI Rodrigues",
              "runs": {
                "batter": 0,
                "extras": 0,
                "total": 0
              }
            }
          ]
        },
        {
          "over": 11,
          "deliveries": [
            {
              "batter": "JI Rodrigues",
              "bowler": "KJ Garth",
              "non_striker": "C Leeson",
              "runs": {
                "batter": 4,
                "extras": 0,
                "total": 4
              }
            },
            {
              "batter": "JI Rodrigues",
              "bowler": "KJ Garth",
              "non_striker": "C Leeson",
              "runs": {
                "batter": 0,
                "extras": 0,
                "total": 0
              },
              "wickets": [
                {
                  "player_out": "JI Rodrigues",
                  "fielders": [
                    {
                      "name": "R McKenna"
                    }
                  ],
                  "kind": "caught"
                }
              ]
            },
            {
              "batter": "H Kaur",
              "bowler": "KJ Garth",
              "non_striker": "C Leeson",
              "runs": {
                "batter": 2,
                "extras": 0,
                "total": 2
              }
            },
            {
              "batter": "H Kaur",
              "bowler": "KJ Garth",
              "non_striker": "C Leeson",
              "runs": {
                "batter": 0,
                "extras": 0,
                "total": 0
              }
            },
            {
              "batter": "H Kaur",
              "bowler": "KJ Garth",
              "non_striker": "C Leeson",
              "runs": {
                "batter": 0,
                "extras": 0,
                "total": 0
              }
            },
            {
              "batter": "H Kaur",
              "bowler": "KJ Garth",
              "non_striker": "C Leeson",
              "runs": {
                "batter": 1,
                "extras": 0,
                "total": 1
              }
            }
          ]
        },
        {
          "over": 12,
          "deliveries": [
            {
              "batter": "H Kaur",
              "bowler": "T Flintoff",
              "non_striker": "C Leeson",
              "runs": {
                "batter": 3,
                "extras": 0,
                "total": 3
              }
            },
            {
              "batter": "C Leeson",
              "bowler": "T Flintoff",
              "non_striker": "H Kaur",
              "runs": {
                "batter": 0,
                "extras": 0,
                "total": 0
              }
            },
            {
              "batter": "C Leeson",
              "bowler": "T Flintoff",
              "non_striker": "H Kaur",
              "runs": {
                "batter": 4,
                "extras": 0,
                "total": 4
              }
            },
            {
              "batter": "C Leeson",
              "bowler": "T Flintoff",
              "non_striker": "H Kaur",
              "runs": {
                "batter": 0,
                "extras": 0,
                "total": 0
              }
            },
            {
              "batter": "C Leeson",
              "bowler": "T Flintoff",
              "non_striker": "H Kaur",
              "runs": {
                "batter": 1,
                "extras": 0,
                "total": 1
              }
            },
            {
              "batter": "H Kaur",
              "bowler": "T Flintoff",
              "non_striker": "C Leeson",
              "runs": {
                "batter": 1,
                "extras": 0,
                "total": 1
              }
            }
          ]
        },
        {
          "over": 13,
          "deliveries": [
            {
              "batter": "H Kaur",
              "bowler": "KJ Garth",
              "non_striker": "C Leeson",
              "runs": {
                "batter": 0,
                "extras": 0,
                "total": 0
              }
            },
            {
              "batter": "H Kaur",
              "bowler": "KJ Garth",
              "non_striker": "C Leeson",
              "runs": {
                "batter": 1,
                "extras": 0,
                "total": 1
              }
            },
            {
              "batter": "C Leeson",
              "bowler": "KJ Garth",
              "non_striker": "H Kaur",
              "runs": {
                "batter": 0,
                "extras": 0,
                "total": 0
              }
            },
            {
              "batter": "C Leeson",
              "bowler": "KJ Garth",
              "non_striker": "H Kaur",
              "runs": {
                "batter": 2,
                "extras": 0,
                "total": 2
              }
            },
            {
              "batter": "C Leeson",
              "bowler": "KJ Garth",
              "non_striker": "H Kaur",
              "runs": {
                "batter": 0,
                "extras": 0,
                "total": 0
              }
            },
            {
              "batter": "C Leeson",
              "bowler": "KJ Garth",
              "non_striker": "H Kaur",
              "runs": {
                "batter": 0,
                "extras": 0,
                "total": 0
              },
              "wickets": [
                {
                  "player_out": "C Leeson",
                  "kind": "lbw"
                }
              ]
            }
          ]
        },
        {
          "over": 14,
          "deliveries": [
            {
              "batter": "H Kaur",
              "bowler": "R McKenna",
              "non_striker": "JE Duffin",
              "runs": {
                "batter": 4,
                "extras": 0,
                "total": 4
              }
            }
          ]
        }
      ],
      "powerplays": [
        {
          "from": 0.1,
          "to": 5.6,
          "type": "mandatory"
        }
      ],
      "target": {
        "overs": 20,
        "runs": 104
      }
    }
  ]
}