{
  "meta": {
    "data_version": "1.1.0",
    "created": "2022-10-20",
    "revision": 2
  },
  "info": {
    "balls_per_over": 6,
    "city": "Perth",
    "dates": [
      "2022-10-20"
    ],
    "event": {
      "name": "Women's Big Bash League",
      "match_number": 11
    },
    "gender": "female",
    "match_type": "T20",
    "officials": {
      "match_referees": [
        "David Johnston"
      ],
      "tv_umpires": [
        "S Redfern"
      ],
      "umpires": [
        "SE Dionysius",
        "T Steenholdt"
      ]
    },
    "outcome": {
      "winner": "Perth Scorchers",
      "by": {
        "wickets": 2
      }
    },
    "overs": 20,
    "player_of_match": [
      "BL Mooney"
    ],
    "players": {
      "Melbourne Stars": [
        "L Winfield-Hill",
        "JI Rodrigues",
        "A Capsey",
        "A Sutherland",
        "KJ Garth",
        "N Faltum",
        "SK Moloney",
        "S Reid",
        "T Flintoff",
        "R McKenna",
        "S Day"
      ],
      "Perth Scorchers": [
        "SFM Devine",
        "BL Mooney",
        "C Piparo",
        "ML Green",
        "M Kapp",
        "M Carmichael",
        "AL Edgar",
        "A King",
        "P Cleary",
        "L Mills",
        "T Peschel"
      ]
    },
    "registry": {
      "people": {
        "A Capsey": "910dd54e",
        "A King": "83558266",
        "A Sutherland": "65d9b6b6",
        "AL Edgar": "795ff893",
        "BL Mooney": "52d1dbc8",
        "C Piparo": "276f3dde",
        "David Johnston": "92cef862",
        "JI Rodrigues": "cb08b611",
        "KJ Garth": "0b69a844",
        "L Mills": "c35a0b8a",
        "L Winfield-Hill": "5230a33d",
        "M Carmichael": "4b546c04",
        "M Kapp": "63e3b6b3",
        "ML Green": "865eae1f",
        "N Faltum": "9a56c670",
        "P Cleary": "507acf2e",
        "R McKenna": "f7e41cd8",
        "S Day": "c3d27d76",
        "S Redfern": "5b038989",
        "S Reid": "1380c4c2",
        "SE Dionysius": "ac886e6f",
        "SFM Devine": "de69af96",
        "SK Moloney": "a0bc8dc1",
        "T Flintoff": "5471b94a",
        "T Peschel": "923402d8",
        "T Steenholdt": "715959cd"
      }
    },
    "season": "2022/23",
    "team_type": "club",
    "teams": [
      "Melbourne Stars",
      "Perth Scorchers"
    ],
    "toss": {
      "decision": "field",
      "winner": "Perth Scorchers"
    },
    "venue": "Western Australia Cricket Association Ground, Perth"
  },
  "innings": [
    {
      "team": "Melbourne Stars",
      "overs": [
        {
          "over": 0,
          "deliveries": [
            {
              "batter": "L Winfield-Hill",
              "bowler": "T Peschel",
              "non_striker": "JI Rodrigues",
              "runs": {
                "batter": 0,
                "extras": 0,
                "total": 0
              },
              "wickets": [
                {
                  "player_out": "L Winfield-Hill",
                  "fielders": [
                    {
                      "name": "BL Mooney"
                    }
                  ],
                  "kind": "caught"
                }
              ]
            },
            {
              "batter": "A Capsey",
              "bowler": "T Peschel",
              "non_striker": "JI Rodrigues",
              "runs": {
                "batter": 1,
                "extras": 0,
                "total": 1
              }
            },
            {
              "batter": "JI Rodrigues",
              "bowler": "T Peschel",
              "non_striker": "A Capsey",
              "runs": {
                "batter": 0,
                "extras": 0,
                "total": 0
              }
            },
            {
              "batter": "JI Rodrigues",
              "bowler": "T Peschel",
              "non_striker": "A Capsey",
              "runs": {
                "batter": 0,
                "extras": 0,
                "total": 0
              }
            },
            {
              "batter": "JI Rodrigues",
              "bowler": "T Peschel",
              "non_striker": "A Capsey",
              "runs": {
                "batter": 0,
                "extras": 0,
                "total": 0
              }
            },
            {
              "batter": "JI Rodrigues",
              "bowler": "T Peschel",
              "non_striker": "A Capsey",
              "runs": {
                "batter": 0,
                "extras": 0,
                "total": 0
              }
            }
          ]
        },
        {
          "over": 1,
          "deliveries": [
            {
              "batter": "A Capsey",
              "bowler": "M Kapp",
              "non_striker": "JI Rodrigues",
              "runs": {
                "batter": 0,
                "extras": 0,
                "total": 0
              }
            },
            {
              "batter": "A Capsey",
              "bowler": "M Kapp",
              "non_striker": "JI Rodrigues",
              "runs": {
                "batter": 0,
                "extras": 0,
                "total": 0
              }
            },
            {
              "batter": "A Capsey",
              "bowler": "M Kapp",
              "non_striker": "JI Rodrigues",
              "runs": {
                "batter": 0,
                "extras": 0,
                "total": 0
              }
            },
            {
              "batter": "A Capsey",
              "bowler": "M Kapp",
              "non_striker": "JI Rodrigues",
              "runs": {
                "batter": 0,
                "extras": 0,
                "total": 0
              }
            },
            {
              "batter": "A Capsey",
              "bowler": "M Kapp",
              "non_striker": "JI Rodrigues",
              "runs": {
                "batter": 0,
                "extras": 0,
                "total": 0
              }
            },
            {
              "batter": "A Capsey",
              "bowler": "M Kapp",
              "non_striker": "JI Rodrigues",
              "runs": {
                "batter": 4,
                "extras": 0,
                "total": 4
              }
            }
          ]
        },
        {
          "over": 2,
          "deliveries": [
            {
              "batter": "JI Rodrigues",
              "bowler": "T Peschel",
              "non_striker": "A Capsey",
              "runs": {
                "batter": 0,
                "extras": 0,
                "total": 0
              },
              "wickets": [
                {
                  "player_out": "JI Rodrigues",
                  "fielders": [
                    {
                      "name": "SFM Devine"
                    }
                  ],
                  "kind": "caught"
                }
              ]
            },
            {
              "batter": "A Sutherland",
              "bowler": "T Peschel",
              "non_striker": "A Capsey",
              "runs": {
                "batter": 0,
                "extras": 0,
                "total": 0
              }
            },
            {
              "batter": "A Sutherland",
              "bowler": "T Peschel",
              "non_striker": "A Capsey",
              "runs": {
                "batter": 0,
                "extras": 0,
                "total": 0
              }
            },
            {
              "batter": "A Sutherland",
              "bowler": "T Peschel",
              "non_striker": "A Capsey",
              "runs": {
                "batter": 4,
                "extras": 0,
                "non_boundary": true,
                "total": 4
              }
            },
            {
              "batter": "A Sutherland",
              "bowler": "T Peschel",
              "non_striker": "A Capsey",
              "runs": {
                "batter": 0,
                "extras": 0,
                "total": 0
              }
            },
            {
              "batter": "A Sutherland",
              "bowler": "T Peschel",
              "non_striker": "A Capsey",
              "runs": {
                "batter": 4,
                "extras": 0,
                "total": 4
              }
            }
          ]
        },
        {
          "over": 3,
          "deliveries": [
            {
              "batter": "A Capsey",
              "bowler": "M Kapp",
              "non_striker": "A Sutherland",
              "runs": {
                "batter": 0,
                "extras": 0,
                "total": 0
              }
            },
            {
              "batter": "A Capsey",
              "bowler": "M Kapp",
              "non_striker": "A Sutherland",
              "runs": {
                "batter": 1,
                "extras": 0,
                "total": 1
              }
            },
            {
              "batter": "A Sutherland",
              "bowler": "M Kapp",
              "non_striker": "A Capsey",
              "runs": {
                "batter": 4,
                "extras": 0,
                "total": 4
              }
            },
            {
              "batter": "A Sutherland",
              "bowler": "M Kapp",
              "non_striker": "A Capsey",
              "runs": {
                "batter": 0,
                "extras": 0,
                "total": 0
              }
            },
            {
              "batter": "A Sutherland",
              "bowler": "M Kapp",
              "non_striker": "A Capsey",
              "runs": {
                "batter": 0,
                "extras": 0,
                "total": 0
              }
            },
            {
              "batter": "A Sutherland",
              "bowler": "M Kapp",
              "non_striker": "A Capsey",
              "runs": {
                "batter": 0,
                "extras": 0,
                "total": 0
              }
            }
          ]
        },
        {
          "over": 4,
          "deliveries": [
            {
              "batter": "A Capsey",
              "bowler": "T Peschel",
              "non_striker": "A Sutherland",
              "runs": {
                "batter": 1,
                "extras": 0,
                "total": 1
              }
            },
            {
              "batter": "A Sutherland",
              "bowler": "T Peschel",
              "non_striker": "A Capsey",
              "runs": {
                "batter": 0,
                "extras": 0,
                "total": 0
              }
            },
            {
              "batter": "A Sutherland",
              "bowler": "T Peschel",
              "non_striker": "A Capsey",
              "runs": {
                "batter": 4,
                "extras": 0,
                "total": 4
              }
            },
            {
              "batter": "A Sutherland",
              "bowler": "T Peschel",
              "non_striker": "A Capsey",
              "runs": {
                "batter": 0,
                "extras": 0,
                "total": 0
              }
            },
            {
              "batter": "A Sutherland",
              "bowler": "T Peschel",
              "non_striker": "A Capsey",
              "runs": {
                "batter": 4,
                "extras": 0,
                "total": 4
              }
            },
            {
              "batter": "A Sutherland",
              "bowler": "T Peschel",
              "non_striker": "A Capsey",
              "runs": {
                "batter": 0,
                "extras": 0,
                "total": 0
              }
            }
          ]
        },
        {
          "over": 5,
          "deliveries": [
            {
              "batter": "A Capsey",
              "bowler": "SFM Devine",
              "non_striker": "A Sutherland",
              "runs": {
                "batter": 4,
                "extras": 0,
                "total": 4
              }
            },
            {
              "batter": "A Capsey",
              "bowler": "SFM Devine",
              "non_striker": "A Sutherland",
              "runs": {
                "batter": 0,
                "extras": 0,
                "total": 0
              }
            },
            {
              "batter": "A Capsey",
              "bowler": "SFM Devine",
              "non_striker": "A Sutherland",
              "runs": {
                "batter": 0,
                "extras": 0,
                "total": 0
              },
              "wickets": [
                {
                  "player_out": "A Capsey",
                  "fielders": [
                    {
                      "name": "P Cleary"
                    }
                  ],
                  "kind": "caught"
                }
              ]
            },
            {
              "batter": "KJ Garth",
              "bowler": "SFM Devine",
              "non_striker": "A Sutherland",
              "runs": {
                "batter": 1,
                "extras": 0,
                "total": 1
              }
            },
            {
              "batter": "A Sutherland",
              "bowler": "SFM Devine",
              "non_striker": "KJ Garth",
              "runs": {
                "batter": 0,
                "extras": 0,
                "total": 0
              }
            },
            {
              "batter": "A Sutherland",
              "bowler": "SFM Devine",
              "non_striker": "KJ Garth",
              "runs": {
                "batter": 0,
                "extras": 0,
                "total": 0
              }
            }
          ]
        },
        {
          "over": 6,
          "deliveries": [
            {
              "batter": "KJ Garth",
              "bowler": "A King",
              "non_striker": "A Sutherland",
              "runs": {
                "batter": 0,
                "extras": 0,
                "total": 0
              }
            },
            {
              "batter": "KJ Garth",
              "bowler": "A King",
              "non_striker": "A Sutherland",
              "runs": {
                "batter": 2,
                "extras": 0,
                "total": 2
              }
            },
            {
              "batter": "KJ Garth",
              "bowler": "A King",
              "non_striker": "A Sutherland",
              "runs": {
                "batter": 0,
                "extras": 0,
                "total": 0
              }
            },
            {
              "batter": "KJ Garth",
              "bowler": "A King",
              "non_striker": "A Sutherland",
              "runs": {
                "batter": 1,
                "extras": 0,
                "total": 1
              }
            },
            {
              "batter": "A Sutherland",
              "bowler": "A King",
              "non_striker": "KJ Garth",
              "runs": {
                "batter": 0,
                "extras": 0,
                "total": 0
              }
            },
            {
              "batter": "A Sutherland",
              "bowler": "A King",
              "extras": {
                "wides": 1
              },
              "non_striker": "KJ Garth",
              "runs": {
                "batter": 0,
                "extras": 1,
                "total": 1
              }
            },
            {
              "batter": "A Sutherland",
              "bowler": "A King",
              "non_striker": "KJ Garth",
              "runs": {
                "batter": 0,
                "extras": 0,
                "total": 0
              }
            }
          ]
        },
        {
          "over": 7,
          "deliveries": [
            {
              "batter": "KJ Garth",
              "bowler": "SFM Devine",
              "non_striker": "A Sutherland",
              "runs": {
                "batter": 0,
                "extras": 0,
                "total": 0
              }
            },
            {
              "batter": "KJ Garth",
              "bowler": "SFM Devine",
              "non_striker": "A Sutherland",
              "runs": {
                "batter": 1,
                "extras": 0,
                "total": 1
              }
            },
            {
              "batter": "A Sutherland",
              "bowler": "SFM Devine",
              "non_striker": "KJ Garth",
              "runs": {
                "batter": 0,
                "extras": 0,
                "total": 0
              }
            },
            {
              "batter": "A Sutherland",
              "bowler": "SFM Devine",
              "non_striker": "KJ Garth",
              "runs": {
                "batter": 0,
                "extras": 0,
                "total": 0
              }
            },
            {
              "batter": "A Sutherland",
              "bowler": "SFM Devine",
              "non_striker": "KJ Garth",
              "runs": {
                "batter": 2,
                "extras": 0,
                "total": 2
              }
            },
            {
              "batter": "A Sutherland",
              "bowler": "SFM Devine",
              "extras": {
                "wides": 1
              },
              "non_striker": "KJ Garth",
              "runs": {
                "batter": 0,
                "extras": 1,
                "total": 1
              }
            },
            {
              "batter": "A Sutherland",
              "bowler": "SFM Devine",
              "non_striker": "KJ Garth",
              "runs": {
                "batter": 1,
                "extras": 0,
                "total": 1
              }
            }
          ]
        },
        {
          "over": 8,
          "deliveries": [
            {
              "batter": "A Sutherland",
              "bowler": "A King",
              "non_striker": "KJ Garth",
              "runs": {
                "batter": 1,
                "extras": 0,
                "total": 1
              }
            },
            {
              "batter": "KJ Garth",
              "bowler": "A King",
              "non_striker": "A Sutherland",
              "runs": {
                "batter": 1,
                "extras": 0,
                "total": 1
              }
            },
            {
              "batter": "A Sutherland",
              "bowler": "A King",
              "non_striker": "KJ Garth",
              "runs": {
                "batter": 1,
                "extras": 0,
                "total": 1
              }
            },
            {
              "batter": "KJ Garth",
              "bowler": "A King",
              "non_striker": "A Sutherland",
              "runs": {
                "batter": 1,
                "extras": 0,
                "total": 1
              }
            },
            {
              "batter": "A Sutherland",
              "bowler": "A King",
              "non_striker": "KJ Garth",
              "review": {
                "by": "Melbourne Stars",
                "umpire": "SE Dionysius",
                "batter": "A Sutherland",
                "decision": "upheld"
              },
              "runs": {
                "batter": 0,
                "extras": 0,
                "total": 0
              }
            },
            {
              "batter": "A Sutherland",
              "bowler": "A King",
              "non_striker": "KJ Garth",
              "runs": {
                "batter": 1,
                "extras": 0,
                "total": 1
              }
            }
          ]
        },
        {
          "over": 9,
          "deliveries": [
            {
              "batter": "A Sutherland",
              "bowler": "L Mills",
              "non_striker": "KJ Garth",
              "runs": {
                "batter": 0,
                "extras": 0,
                "total": 0
              }
            },
            {
              "batter": "A Sutherland",
              "bowler": "L Mills",
              "non_striker": "KJ Garth",
              "runs": {
                "batter": 2,
                "extras": 0,
                "total": 2
              }
            },
            {
              "batter": "A Sutherland",
              "bowler": "L Mills",
              "non_striker": "KJ Garth",
              "runs": {
                "batter": 1,
                "extras": 0,
                "total": 1
              }
            },
            {
              "batter": "KJ Garth",
              "bowler": "L Mills",
              "non_striker": "A Sutherland",
              "runs": {
                "batter": 1,
                "extras": 0,
                "total": 1
              }
            },
            {
              "batter": "A Sutherland",
              "bowler": "L Mills",
              "non_striker": "KJ Garth",
              "runs": {
                "batter": 2,
                "extras": 0,
                "total": 2
              }
            },
            {
              "batter": "A Sutherland",
              "bowler": "L Mills",
              "non_striker": "KJ Garth",
              "runs": {
                "batter": 0,
                "extras": 0,
                "total": 0
              },
              "wickets": [
                {
                  "player_out": "A Sutherland",
                  "fielders": [
                    {
                      "name": "SFM Devine"
                    }
                  ],
                  "kind": "caught"
                }
              ]
            }
          ]
        },
        {
          "over": 10,
          "deliveries": [
            {
              "batter": "KJ Garth",
              "bowler": "P Cleary",
              "non_striker": "N Faltum",
              "runs": {
                "batter": 0,
                "extras": 0,
                "total": 0
              },
              "wickets": [
                {
                  "player_out": "KJ Garth",
                  "fielders": [
                    {
                      "name": "BL Mooney"
                    }
                  ],
                  "kind": "caught"
                }
              ]
            },
            {
              "batter": "SK Moloney",
              "bowler": "P Cleary",
              "extras": {
                "legbyes": 1
              },
              "non_striker": "N Faltum",
              "runs": {
                "batter": 0,
                "extras": 1,
                "total": 1
              }
            },
            {
              "batter": "N Faltum",
              "bowler": "P Cleary",
              "non_striker": "SK Moloney",
              "runs": {
                "batter": 0,
                "extras": 0,
                "total": 0
              },
              "wickets": [
                {
                  "player_out": "N Faltum",
                  "kind": "lbw"
                }
              ]
            },
            {
              "batter": "S Reid",
              "bowler": "P Cleary",
              "non_striker": "SK Moloney",
              "runs": {
                "batter": 0,
                "extras": 0,
                "total": 0
              }
            },
            {
              "batter": "S Reid",
              "bowler": "P Cleary",
              "non_striker": "SK Moloney",
              "runs": {
                "batter": 0,
                "extras": 0,
                "total": 0
              }
            },
            {
              "batter": "S Reid",
              "bowler": "P Cleary",
              "non_striker": "SK Moloney",
              "runs": {
                "batter": 1,
                "extras": 0,
                "total": 1
              }
            }
          ]
        },
        {
          "over": 11,
          "deliveries": [
            {
              "batter": "S Reid",
              "bowler": "L Mills",
              "non_striker": "SK Moloney",
              "runs": {
                "batter": 1,
                "extras": 0,
                "total": 1
              }
            },
            {
              "batter": "SK Moloney",
              "bowler": "L Mills",
              "non_striker": "S Reid",
              "runs": {
                "batter": 0,
                "extras": 0,
                "total": 0
              },
              "wickets": [
                {
                  "player_out": "SK Moloney",
                  "fielders": [
                    {
                      "name": "BL Mooney"
                    }
                  ],
                  "kind": "caught"
                }
              ]
            },
            {
              "batter": "T Flintoff",
              "bowler": "L Mills",
              "non_striker": "S Reid",
              "runs": {
                "batter": 1,
                "extras": 0,
                "total": 1
              }
            },
            {
              "batter": "S Reid",
              "bowler": "L Mills",
              "non_striker": "T Flintoff",
              "runs": {
                "batter": 0,
                "extras": 0,
                "total": 0
              }
            },
            {
              "batter": "S Reid",
              "bowler": "L Mills",
              "non_striker": "T Flintoff",
              "runs": {
                "batter": 0,
                "extras": 0,
                "total": 0
              }
            },
            {
              "batter": "S Reid",
              "bowler": "L Mills",
              "non_striker": "T Flintoff",
              "runs": {
                "batter": 1,
                "extras": 0,
                "total": 1
              }
            }
          ]
        },
        {
          "over": 12,
          "deliveries": [
            {
              "batter": "S Reid",
              "bowler": "P Cleary",
              "non_striker": "T Flintoff",
              "runs": {
                "batter": 1,
                "extras": 0,
                "total": 1
              }
            },
            {
              "batter": "T Flintoff",
              "bowler": "P Cleary",
              "non_striker": "S Reid",
              "runs": {
                "batter": 0,
                "extras": 0,
                "total": 0
              }
            },
            {
              "batter": "T Flintoff",
              "bowler": "P Cleary",
              "non_striker": "S Reid",
              "runs": {
                "batter": 4,
                "extras": 0,
                "total": 4
              }
            },
            {
              "batter": "T Flintoff",
              "bowler": "P Cleary",
              "non_striker": "S Reid",
              "runs": {
                "batter": 1,
                "extras": 0,
                "total": 1
              }
            },
            {
              "batter": "S Reid",
              "bowler": "P Cleary",
              "non_striker": "T Flintoff",
              "runs": {
                "batter": 0,
                "extras": 0,
                "total": 0
              }
            },
            {
              "batter": "S Reid",
              "bowler": "P Cleary",
              "non_striker": "T Flintoff",
              "runs": {
                "batter": 1,
                "extras": 0,
                "total": 1
              }
            }
          ]
        },
        {
          "over": 13,
          "deliveries": [
            {
              "batter": "S Reid",
              "bowler": "L Mills",
              "non_striker": "T Flintoff",
              "runs": {
                "batter": 1,
                "extras": 0,
                "total": 1
              }
            },
            {
              "batter": "T Flintoff",
              "bowler": "L Mills",
              "non_striker": "S Reid",
              "runs": {
                "batter": 0,
                "extras": 0,
                "total": 0
              }
            },
            {
              "batter": "T Flintoff",
              "bowler": "L Mills",
              "non_striker": "S Reid",
              "runs": {
                "batter": 1,
                "extras": 0,
                "total": 1
              }
            },
            {
              "batter": "S Reid",
              "bowler": "L Mills",
              "non_striker": "T Flintoff",
              "runs": {
                "batter": 1,
                "extras": 0,
                "total": 1
              }
            },
            {
              "batter": "T Flintoff",
              "bowler": "L Mills",
              "non_striker": "S Reid",
              "runs": {
                "batter": 2,
                "extras": 0,
                "total": 2
              }
            },
            {
              "batter": "T Flintoff",
              "bowler": "L Mills",
              "non_striker": "S Reid",
              "runs": {
                "batter": 1,
                "extras": 0,
                "total": 1
              }
            }
          ]
        },
        {
          "over": 14,
          "deliveries": [
            {
              "batter": "T Flintoff",
              "bowler": "A King",
              "non_striker": "S Reid",
              "runs": {
                "batter": 1,
                "extras": 0,
                "total": 1
              }
            },
            {
              "batter": "S Reid",
              "bowler": "A King",
              "non_striker": "T Flintoff",
              "runs": {
                "batter": 0,
                "extras": 0,
                "total": 0
              }
            },
            {
              "batter": "S Reid",
              "bowler": "A King",
              "non_striker": "T Flintoff",
              "runs": {
                "batter": 1,
                "extras": 0,
                "total": 1
              }
            },
            {
              "batter": "T Flintoff",
              "bowler": "A King",
              "non_striker": "S Reid",
              "runs": {
                "batter": 0,
                "extras": 0,
                "total": 0
              }
            },
            {
              "batter": "T Flintoff",
              "bowler": "A King",
              "non_striker": "S Reid",
              "runs": {
                "batter": 2,
                "extras": 0,
                "total": 2
              }
            },
            {
              "batter": "T Flintoff",
              "bowler": "A King",
              "extras": {
                "wides": 1
              },
              "non_striker": "S Reid",
              "runs": {
                "batter": 0,
                "extras": 1,
                "total": 1
              }
            },
            {
              "batter": "T Flintoff",
              "bowler": "A King",
              "non_striker": "S Reid",
              "runs": {
                "batter": 2,
                "extras": 0,
                "total": 2
              }
            }
          ]
        },
        {
          "over": 15,
          "deliveries": [
            {
              "batter": "T Flintoff",
              "bowler": "M Kapp",
              "non_striker": "S Reid",
              "runs": {
                "batter": 1,
                "extras": 0,
                "total": 1
              }
            },
            {
              "batter": "S Reid",
              "bowler": "M Kapp",
              "non_striker": "T Flintoff",
              "runs": {
                "batter": 1,
                "extras": 0,
                "total": 1
              }
            },
            {
              "batter": "T Flintoff",
              "bowler": "M Kapp",
              "non_striker": "S Reid",
              "runs": {
                "batter": 1,
                "extras": 0,
                "total": 1
              }
            },
            {
              "batter": "S Reid",
              "bowler": "M Kapp",
              "non_striker": "T Flintoff",
              "runs": {
                "batter": 0,
                "extras": 0,
                "total": 0
              }
            },
            {
              "batter": "S Reid",
              "bowler": "M Kapp",
              "non_striker": "T Flintoff",
              "runs": {
                "batter": 0,
                "extras": 0,
                "total": 0
              }
            },
            {
              "batter": "S Reid",
              "bowler": "M Kapp",
              "non_striker": "T Flintoff",
              "runs": {
                "batter": 0,
                "extras": 0,
                "total": 0
              }
            }
          ]
        },
        {
          "over": 16,
          "deliveries": [
            {
              "batter": "T Flintoff",
              "bowler": "A King",
              "non_striker": "S Reid",
              "runs": {
                "batter": 0,
                "extras": 0,
                "total": 0
              }
            },
            {
              "batter": "T Flintoff",
              "bowler": "A King",
              "non_striker": "S Reid",
              "runs": {
                "batter": 1,
                "extras": 0,
                "total": 1
              }
            },
            {
              "batter": "S Reid",
              "bowler": "A King",
              "non_striker": "T Flintoff",
              "runs": {
                "batter": 0,
                "extras": 0,
                "total": 0
              }
            },
            {
              "batter": "S Reid",
              "bowler": "A King",
              "non_striker": "T Flintoff",
              "runs": {
                "batter": 1,
                "extras": 0,
                "total": 1
              }
            },
            {
              "batter": "T Flintoff",
              "bowler": "A King",
              "non_striker": "S Reid",
              "runs": {
                "batter": 3,
                "extras": 0,
                "total": 3
              }
            },
            {
              "batter": "S Reid",
              "bowler": "A King",
              "non_striker": "T Flintoff",
              "runs": {
                "batter": 0,
                "extras": 0,
                "total": 0
              }
            }
          ]
        },
        {
          "over": 17,
          "deliveries": [
            {
              "batter": "T Flintoff",
              "bowler": "SFM Devine",
              "non_striker": "S Reid",
              "runs": {
                "batter": 0,
                "extras": 0,
                "total": 0
              }
            },
            {
              "batter": "T Flintoff",
              "bowler": "SFM Devine",
              "non_striker": "S Reid",
              "runs": {
                "batter": 0,
                "extras": 0,
                "total": 0
              }
            },
            {
              "batter": "T Flintoff",
              "bowler": "SFM Devine",
              "non_striker": "S Reid",
              "runs": {
                "batter": 1,
                "extras": 0,
                "total": 1
              }
            },
            {
              "batter": "S Reid",
              "bowler": "SFM Devine",
              "non_striker": "T Flintoff",
              "runs": {
                "batter": 1,
                "extras": 0,
                "total": 1
              }
            },
            {
              "batter": "T Flintoff",
              "bowler": "SFM Devine",
              "non_striker": "S Reid",
              "runs": {
                "batter": 1,
                "extras": 0,
                "total": 1
              }
            },
            {
              "batter": "S Reid",
              "bowler": "SFM Devine",
              "non_striker": "T Flintoff",
              "runs": {
                "batter": 0,
                "extras": 0,
                "total": 0
              }
            }
          ]
        },
        {
          "over": 18,
          "deliveries": [
            {
              "batter": "T Flintoff",
              "bowler": "T Peschel",
              "non_striker": "S Reid",
              "runs": {
                "batter": 4,
                "extras": 0,
                "total": 4
              }
            },
            {
              "batter": "T Flintoff",
              "bowler": "T Peschel",
              "non_striker": "S Reid",
              "runs": {
                "batter": 0,
                "extras": 0,
                "total": 0
              }
            },
            {
              "batter": "T Flintoff",
              "bowler": "T Peschel",
              "non_striker": "S Reid",
              "runs": {
                "batter": 6,
                "extras": 0,
                "total": 6
              }
            },
            {
              "batter": "T Flintoff",
              "bowler": "T Peschel",
              "non_striker": "S Reid",
              "runs": {
                "batter": 2,
                "extras": 0,
                "total": 2
              }
            },
            {
              "batter": "T Flintoff",
              "bowler": "T Peschel",
              "non_striker": "S Reid",
              "runs": {
                "batter": 2,
                "extras": 0,
                "total": 2
              }
            },
            {
              "batter": "T Flintoff",
              "bowler": "T Peschel",
              "non_striker": "S Reid",
              "runs": {
                "batter": 2,
                "extras": 0,
                "total": 2
              }
            }
          ]
        },
        {
          "over": 19,
          "deliveries": [
            {
              "batter": "S Reid",
              "bowler": "M Kapp",
              "non_striker": "T Flintoff",
              "runs": {
                "batter": 1,
                "extras": 0,
                "total": 1
              }
            },
            {
              "batter": "T Flintoff",
              "bowler": "M Kapp",
              "non_striker": "S Reid",
              "runs": {
                "batter": 0,
                "extras": 0,
                "total": 0
              }
            },
            {
              "batter": "T Flintoff",
              "bowler": "M Kapp",
              "non_striker": "S Reid",
              "runs": {
                "batter": 1,
                "extras": 0,
                "total": 1
              },
              "wickets": [
                {
                  "player_out": "S Reid",
                  "fielders": [
                    {
                      "name": "BL Mooney"
                    },
                    {
                      "name": "A King"
                    }
                  ],
                  "kind": "run out"
                }
              ]
            },
            {
              "batter": "R McKenna",
              "bowler": "M Kapp",
              "non_striker": "T Flintoff",
              "runs": {
                "batter": 0,
                "extras": 0,
                "total": 0
              }
            },
            {
              "batter": "R McKenna",
              "bowler": "M Kapp",
              "non_striker": "T Flintoff",
              "runs": {
                "batter": 0,
                "extras": 0,
                "total": 0
              },
              "wickets": [
                {
                  "player_out": "R McKenna",
                  "fielders": [
                    {
                      "name": "A King"
                    }
                  ],
                  "kind": "caught"
                }
              ]
            },
            {
              "batter": "S Day",
              "bowler": "M Kapp",
              "non_striker": "T Flintoff",
              "runs": {
                "batter": 4,
                "extras": 0,
                "total": 4
              }
            }
          ]
        }
      ],
      "powerplays": [
        {
          "from": 0.1,
          "to": 3.6,
          "type": "mandatory"
        },
        {
          "from": 18.1,
          "to": 19.6,
          "type": "batting"
        }
      ]
    },
    {
      "team": "Perth Scorchers",
      "overs": [
        {
          "over": 0,
          "deliveries": [
            {
              "batter": "SFM Devine",
              "bowler": "KJ Garth",
              "extras": {
                "wides": 1
              },
              "non_striker": "BL Mooney",
              "runs": {
                "batter": 0,
                "extras": 1,
                "total": 1
              }
            },
            {
              "batter": "SFM Devine",
              "bowler": "KJ Garth",
              "non_striker": "BL Mooney",
              "runs": {
                "batter": 0,
                "extras": 0,
                "total": 0
              },
              "wickets": [
                {
                  "player_out": "SFM Devine",
                  "fielders": [
                    {
                      "name": "N Faltum"
                    }
                  ],
                  "kind": "caught"
                }
              ]
            },
            {
              "batter": "C Piparo",
              "bowler": "KJ Garth",
              "non_striker": "BL Mooney",
              "runs": {
                "batter": 0,
                "extras": 0,
                "total": 0
              }
            },
            {
              "batter": "C Piparo",
              "bowler": "KJ Garth",
              "non_striker": "BL Mooney",
              "runs": {
                "batter": 0,
                "extras": 0,
                "total": 0
              }
            },
            {
              "batter": "C Piparo",
              "bowler": "KJ Garth",
              "non_striker": "BL Mooney",
              "runs": {
                "batter": 1,
                "extras": 0,
                "total": 1
              }
            },
            {
              "batter": "BL Mooney",
              "bowler": "KJ Garth",
              "non_striker": "C Piparo",
              "runs": {
                "batter": 0,
                "extras": 0,
                "total": 0
              }
            },
            {
              "batter": "BL Mooney",
              "bowler": "KJ Garth",
              "non_striker": "C Piparo",
              "runs": {
                "batter": 0,
                "extras": 0,
                "total": 0
              }
            }
          ]
        },
        {
          "over": 1,
          "deliveries": [
            {
              "batter": "C Piparo",
              "bowler": "T Flintoff",
              "extras": {
                "legbyes": 1
              },
              "non_striker": "BL Mooney",
              "runs": {
                "batter": 0,
                "extras": 1,
                "total": 1
              }
            },
            {
              "batter": "BL Mooney",
              "bowler": "T Flintoff",
              "non_striker": "C Piparo",
              "runs": {
                "batter": 0,
                "extras": 0,
                "total": 0
              }
            },
            {
              "batter": "BL Mooney",
              "bowler": "T Flintoff",
              "extras": {
                "wides": 1
              },
              "non_striker": "C Piparo",
              "runs": {
                "batter": 0,
                "extras": 1,
                "total": 1
              }
            },
            {
              "batter": "BL Mooney",
              "bowler": "T Flintoff",
              "non_striker": "C Piparo",
              "runs": {
                "batter": 0,
                "extras": 0,
                "total": 0
              }
            },
            {
              "batter": "BL Mooney",
              "bowler": "T Flintoff",
              "non_striker": "C Piparo",
              "runs": {
                "batter": 0,
                "extras": 0,
                "total": 0
              }
            },
            {
              "batter": "BL Mooney",
              "bowler": "T Flintoff",
              "non_striker": "C Piparo",
              "runs": {
                "batter": 4,
                "extras": 0,
                "total": 4
              }
            },
            {
              "batter": "BL Mooney",
              "bowler": "T Flintoff",
              "non_striker": "C Piparo",
              "runs": {
                "batter": 0,
                "extras": 0,
                "total": 0
              }
            }
          ]
        },
        {
          "over": 2,
          "deliveries": [
            {
              "batter": "C Piparo",
              "bowler": "KJ Garth",
              "non_striker": "BL Mooney",
              "runs": {
                "batter": 0,
                "extras": 0,
                "total": 0
              },
              "wickets": [
                {
                  "player_out": "C Piparo",
                  "kind": "bowled"
                }
              ]
            },
            {
              "batter": "ML Green",
              "bowler": "KJ Garth",
              "non_striker": "BL Mooney",
              "runs": {
                "batter": 1,
                "extras": 0,
                "total": 1
              }
            },
            {
              "batter": "BL Mooney",
              "bowler": "KJ Garth",
              "non_striker": "ML Green",
              "runs": {
                "batter": 4,
                "extras": 0,
                "total": 4
              }
            },
            {
              "batter": "BL Mooney",
              "bowler": "KJ Garth",
              "non_striker": "ML Green",
              "runs": {
                "batter": 0,
                "extras": 0,
                "total": 0
              }
            },
            {
              "batter": "BL Mooney",
              "bowler": "KJ Garth",
              "non_striker": "ML Green",
              "runs": {
                "batter": 1,
                "extras": 0,
                "total": 1
              }
            },
            {
              "batter": "ML Green",
              "bowler": "KJ Garth",
              "non_striker": "BL Mooney",
              "runs": {
                "batter": 0,
                "extras": 0,
                "total": 0
              }
            }
          ]
        },
        {
          "over": 3,
          "deliveries": [
            {
              "batter": "BL Mooney",
              "bowler": "SK Moloney",
              "non_striker": "ML Green",
              "runs": {
                "batter": 0,
                "extras": 0,
                "total": 0
              }
            },
            {
              "batter": "BL Mooney",
              "bowler": "SK Moloney",
              "non_striker": "ML Green",
              "runs": {
                "batter": 1,
                "extras": 0,
                "total": 1
              }
            },
            {
              "batter": "ML Green",
              "bowler": "SK Moloney",
              "non_striker": "BL Mooney",
              "runs": {
                "batter": 0,
                "extras": 0,
                "total": 0
              }
            },
            {
              "batter": "ML Green",
              "bowler": "SK Moloney",
              "non_striker": "BL Mooney",
              "runs": {
                "batter": 0,
                "extras": 0,
                "total": 0
              }
            },
            {
              "batter": "ML Green",
              "bowler": "SK Moloney",
              "non_striker": "BL Mooney",
              "runs": {
                "batter": 4,
                "extras": 0,
                "total": 4
              }
            },
            {
              "batter": "ML Green",
              "bowler": "SK Moloney",
              "non_striker": "BL Mooney",
              "runs": {
                "batter": 0,
                "extras": 0,
                "total": 0
              }
            }
          ]
        },
        {
          "over": 4,
          "deliveries": [
            {
              "batter": "BL Mooney",
              "bowler": "KJ Garth",
              "non_striker": "ML Green",
              "runs": {
                "batter": 0,
                "extras": 0,
                "total": 0
              }
            },
            {
              "batter": "BL Mooney",
              "bowler": "KJ Garth",
              "non_striker": "ML Green",
              "runs": {
                "batter": 2,
                "extras": 0,
                "total": 2
              }
            },
            {
              "batter": "BL Mooney",
              "bowler": "KJ Garth",
              "non_striker": "ML Green",
              "runs": {
                "batter": 0,
                "extras": 0,
                "total": 0
              }
            },
            {
              "batter": "BL Mooney",
              "bowler": "KJ Garth",
              "non_striker": "ML Green",
              "runs": {
                "batter": 4,
                "extras": 0,
                "total": 4
              }
            },
            {
              "batter": "BL Mooney",
              "bowler": "KJ Garth",
              "non_striker": "ML Green",
              "runs": {
                "batter": 0,
                "extras": 0,
                "total": 0
              }
            },
            {
              "batter": "BL Mooney",
              "bowler": "KJ Garth",
              "non_striker": "ML Green",
              "runs": {
                "batter": 1,
                "extras": 0,
                "total": 1
              }
            }
          ]
        },
        {
          "over": 5,
          "deliveries": [
            {
              "batter": "BL Mooney",
              "bowler": "A Sutherland",
              "non_striker": "ML Green",
              "runs": {
                "batter": 0,
                "extras": 0,
                "total": 0
              }
            },
            {
              "batter": "BL Mooney",
              "bowler": "A Sutherland",
              "non_striker": "ML Green",
              "runs": {
                "batter": 1,
                "extras": 0,
                "total": 1
              }
            },
            {
              "batter": "ML Green",
              "bowler": "A Sutherland",
              "non_striker": "BL Mooney",
              "runs": {
                "batter": 0,
                "extras": 0,
                "total": 0
              }
            },
            {
              "batter": "ML Green",
              "bowler": "A Sutherland",
              "non_striker": "BL Mooney",
              "runs": {
                "batter": 2,
                "extras": 0,
                "total": 2
              }
            },
            {
              "batter": "ML Green",
              "bowler": "A Sutherland",
              "extras": {
                "wides": 1
              },
              "non_striker": "BL Mooney",
              "runs": {
                "batter": 0,
                "extras": 1,
                "total": 1
              }
            },
            {
              "batter": "ML Green",
              "bowler": "A Sutherland",
              "non_striker": "BL Mooney",
              "runs": {
                "batter": 1,
                "extras": 0,
                "total": 1
              }
            },
            {
              "batter": "BL Mooney",
              "bowler": "A Sutherland",
              "non_striker": "ML Green",
              "runs": {
                "batter": 0,
                "extras": 0,
                "total": 0
              }
            }
          ]
        },
        {
          "over": 6,
          "deliveries": [
            {
              "batter": "ML Green",
              "bowler": "S Day",
              "non_striker": "BL Mooney",
              "runs": {
                "batter": 1,
                "extras": 0,
                "total": 1
              }
            },
            {
              "batter": "BL Mooney",
              "bowler": "S Day",
              "non_striker": "ML Green",
              "runs": {
                "batter": 1,
                "extras": 0,
                "total": 1
              }
            },
            {
              "batter": "ML Green",
              "bowler": "S Day",
              "non_striker": "BL Mooney",
              "runs": {
                "batter": 1,
                "extras": 0,
                "total": 1
              }
            },
            {
              "batter": "BL Mooney",
              "bowler": "S Day",
              "non_striker": "ML Green",
              "runs": {
                "batter": 1,
                "extras": 0,
                "total": 1
              }
            },
            {
              "batter": "ML Green",
              "bowler": "S Day",
              "non_striker": "BL Mooney",
              "runs": {
                "batter": 4,
                "extras": 0,
                "total": 4
              }
            },
            {
              "batter": "ML Green",
              "bowler": "S Day",
              "non_striker": "BL Mooney",
              "runs": {
                "batter": 0,
                "extras": 0,
                "total": 0
              }
            }
          ]
        },
        {
          "over": 7,
          "deliveries": [
            {
              "batter": "BL Mooney",
              "bowler": "T Flintoff",
              "non_striker": "ML Green",
              "runs": {
                "batter": 2,
                "extras": 0,
                "total": 2
              }
            },
            {
              "batter": "BL Mooney",
              "bowler": "T Flintoff",
              "non_striker": "ML Green",
              "runs": {
                "batter": 0,
                "extras": 0,
                "total": 0
              }
            },
            {
              "batter": "BL Mooney",
              "bowler": "T Flintoff",
              "non_striker": "ML Green",
              "runs": {
                "batter": 1,
                "extras": 0,
                "total": 1
              }
            },
            {
              "batter": "ML Green",
              "bowler": "T Flintoff",
              "non_striker": "BL Mooney",
              "runs": {
                "batter": 0,
                "extras": 0,
                "total": 0
              },
              "wickets": [
                {
                  "player_out": "ML Green",
                  "kind": "bowled"
                }
              ]
            },
            {
              "batter": "M Kapp",
              "bowler": "T Flintoff",
              "non_striker": "BL Mooney",
              "runs": {
                "batter": 0,
                "extras": 0,
                "total": 0
              }
            },
            {
              "batter": "M Kapp",
              "bowler": "T Flintoff",
              "non_striker": "BL Mooney",
              "runs": {
                "batter": 0,
                "extras": 0,
                "total": 0
              }
            }
          ]
        },
        {
          "over": 8,
          "deliveries": [
            {
              "batter": "BL Mooney",
              "bowler": "A Sutherland",
              "non_striker": "M Kapp",
              "runs": {
                "batter": 0,
                "extras": 0,
                "total": 0
              }
            },
            {
              "batter": "BL Mooney",
              "bowler": "A Sutherland",
              "non_striker": "M Kapp",
              "runs": {
                "batter": 0,
                "extras": 0,
                "total": 0
              }
            },
            {
              "batter": "BL Mooney",
              "bowler": "A Sutherland",
              "non_striker": "M Kapp",
              "runs": {
                "batter": 1,
                "extras": 0,
                "total": 1
              }
            },
            {
              "batter": "M Kapp",
              "bowler": "A Sutherland",
              "non_striker": "BL Mooney",
              "runs": {
                "batter": 1,
                "extras": 0,
                "total": 1
              }
            },
            {
              "batter": "BL Mooney",
              "bowler": "A Sutherland",
              "non_striker": "M Kapp",
              "runs": {
                "batter": 0,
                "extras": 0,
                "total": 0
              }
            },
            {
              "batter": "BL Mooney",
              "bowler": "A Sutherland",
              "non_striker": "M Kapp",
              "runs": {
                "batter": 4,
                "extras": 0,
                "total": 4
              }
            }
          ]
        },
        {
          "over": 9,
          "deliveries": [
            {
              "batter": "M Kapp",
              "bowler": "R McKenna",
              "non_striker": "BL Mooney",
              "runs": {
                "batter": 0,
                "extras": 0,
                "total": 0
              },
              "wickets": [
                {
                  "player_out": "M Kapp",
                  "fielders": [
                    {
                      "name": "N Faltum"
                    }
                  ],
                  "kind": "caught"
                }
              ]
            },
            {
              "batter": "M Carmichael",
              "bowler": "R McKenna",
              "non_striker": "BL Mooney",
              "runs": {
                "batter": 0,
                "extras": 0,
                "total": 0
              }
            },
            {
              "batter": "M Carmichael",
              "bowler": "R McKenna",
              "non_striker": "BL Mooney",
              "runs": {
                "batter": 1,
                "extras": 0,
                "total": 1
              }
            },
            {
              "batter": "BL Mooney",
              "bowler": "R McKenna",
              "non_striker": "M Carmichael",
              "runs": {
                "batter": 0,
                "extras": 0,
                "total": 0
              }
            },
            {
              "batter": "BL Mooney",
              "bowler": "R McKenna",
              "extras": {
                "noballs": 1
              },
              "non_striker": "M Carmichael",
              "runs": {
                "batter": 0,
                "extras": 1,
                "total": 1
              }
            },
            {
              "batter": "BL Mooney",
              "bowler": "R McKenna",
              "non_striker": "M Carmichael",
              "runs": {
                "batter": 0,
                "extras": 0,
                "total": 0
              }
            },
            {
              "batter": "BL Mooney",
              "bowler": "R McKenna",
              "non_striker": "M Carmichael",
              "runs": {
                "batter": 1,
                "extras": 0,
                "total": 1
              }
            }
          ]
        },
        {
          "over": 10,
          "deliveries": [
            {
              "batter": "BL Mooney",
              "bowler": "SK Moloney",
              "non_striker": "M Carmichael",
              "runs": {
                "batter": 0,
                "extras": 0,
                "total": 0
              }
            },
            {
              "batter": "BL Mooney",
              "bowler": "SK Moloney",
              "non_striker": "M Carmichael",
              "runs": {
                "batter": 0,
                "extras": 0,
                "total": 0
              }
            },
            {
              "batter": "BL Mooney",
              "bowler": "SK Moloney",
              "non_striker": "M Carmichael",
              "runs": {
                "batter": 1,
                "extras": 0,
                "total": 1
              }
            },
            {
              "batter": "M Carmichael",
              "bowler": "SK Moloney",
              "non_striker": "BL Mooney",
              "runs": {
                "batter": 0,
                "extras": 0,
                "total": 0
              }
            },
            {
              "batter": "M Carmichael",
              "bowler": "SK Moloney",
              "non_striker": "BL Mooney",
              "runs": {
                "batter": 1,
                "extras": 0,
                "total": 1
              }
            },
            {
              "batter": "BL Mooney",
              "bowler": "SK Moloney",
              "non_striker": "M Carmichael",
              "runs": {
                "batter": 4,
                "extras": 0,
                "total": 4
              }
            }
          ]
        },
        {
          "over": 11,
          "deliveries": [
            {
              "batter": "M Carmichael",
              "bowler": "A Capsey",
              "non_striker": "BL Mooney",
              "runs": {
                "batter": 1,
                "extras": 0,
                "total": 1
              }
            },
            {
              "batter": "BL Mooney",
              "bowler": "A Capsey",
              "non_striker": "M Carmichael",
              "runs": {
                "batter": 0,
                "extras": 0,
                "total": 0
              }
            },
            {
              "batter": "BL Mooney",
              "bowler": "A Capsey",
              "non_striker": "M Carmichael",
              "review": {
                "by": "Perth Scorchers",
                "umpire": "T Steenholdt",
                "batter": "BL Mooney",
                "decision": "upheld"
              },
              "runs": {
                "batter": 0,
                "extras": 0,
                "total": 0
              }
            },
            {
              "batter": "BL Mooney",
              "bowler": "A Capsey",
              "non_striker": "M Carmichael",
              "runs": {
                "batter": 1,
                "extras": 0,
                "total": 1
              }
            },
            {
              "batter": "M Carmichael",
              "bowler": "A Capsey",
              "non_striker": "BL Mooney",
              "runs": {
                "batter": 1,
                "extras": 0,
                "total": 1
              }
            },
            {
              "batter": "BL Mooney",
              "bowler": "A Capsey",
              "non_striker": "M Carmichael",
              "runs": {
                "batter": 0,
                "extras": 0,
                "total": 0
              }
            }
          ]
        },
        {
          "over": 12,
          "deliveries": [
            {
              "batter": "M Carmichael",
              "bowler": "SK Moloney",
              "non_striker": "BL Mooney",
              "runs": {
                "batter": 0,
                "extras": 0,
                "total": 0
              }
            },
            {
              "batter": "M Carmichael",
              "bowler": "SK Moloney",
              "non_striker": "BL Mooney",
              "runs": {
                "batter": 1,
                "extras": 0,
                "total": 1
              }
            },
            {
              "batter": "BL Mooney",
              "bowler": "SK Moloney",
              "non_striker": "M Carmichael",
              "runs": {
                "batter": 0,
                "extras": 0,
                "total": 0
              },
              "wickets": [
                {
                  "player_out": "BL Mooney",
                  "kind": "bowled"
                }
              ]
            },
            {
              "batter": "AL Edgar",
              "bowler": "SK Moloney",
              "non_striker": "M Carmichael",
              "runs": {
                "batter": 0,
                "extras": 0,
                "total": 0
              }
            },
            {
              "batter": "AL Edgar",
              "bowler": "SK Moloney",
              "non_striker": "M Carmichael",
              "runs": {
                "batter": 1,
                "extras": 0,
                "total": 1
              }
            },
            {
              "batter": "M Carmichael",
              "bowler": "SK Moloney",
              "non_striker": "AL Edgar",
              "runs": {
                "batter": 0,
                "extras": 0,
                "total": 0
              }
            }
          ]
        },
        {
          "over": 13,
          "deliveries": [
            {
              "batter": "AL Edgar",
              "bowler": "T Flintoff",
              "extras": {
                "byes": 1
              },
              "non_striker": "M Carmichael",
              "runs": {
                "batter": 0,
                "extras": 1,
                "total": 1
              }
            },
            {
              "batter": "M Carmichael",
              "bowler": "T Flintoff",
              "non_striker": "AL Edgar",
              "runs": {
                "batter": 0,
                "extras": 0,
                "total": 0
              }
            },
            {
              "batter": "M Carmichael",
              "bowler": "T Flintoff",
              "non_striker": "AL Edgar",
              "runs": {
                "batter": 1,
                "extras": 0,
                "total": 1
              }
            },
            {
              "batter": "AL Edgar",
              "bowler": "T Flintoff",
              "non_striker": "M Carmichael",
              "runs": {
                "batter": 0,
                "extras": 0,
                "total": 0
              }
            },
            {
              "batter": "AL Edgar",
              "bowler": "T Flintoff",
              "non_striker": "M Carmichael",
              "runs": {
                "batter": 4,
                "extras": 0,
                "total": 4
              }
            },
            {
              "batter": "AL Edgar",
              "bowler": "T Flintoff",
              "non_striker": "M Carmichael",
              "runs": {
                "batter": 0,
                "extras": 0,
                "total": 0
              }
            }
          ]
        },
        {
          "over": 14,
          "deliveries": [
            {
              "batter": "M Carmichael",
              "bowler": "SK Moloney",
              "non_striker": "AL Edgar",
              "runs": {
                "batter": 0,
                "extras": 0,
                "total": 0
              }
            },
            {
              "batter": "M Carmichael",
              "bowler": "SK Moloney",
              "non_striker": "AL Edgar",
              "runs": {
                "batter": 2,
                "extras": 0,
                "total": 2
              }
            },
            {
              "batter": "M Carmichael",
              "bowler": "SK Moloney",
              "extras": {
                "byes": 1
              },
              "non_striker": "AL Edgar",
              "runs": {
                "batter": 0,
                "extras": 1,
                "total": 1
              }
            },
            {
              "batter": "AL Edgar",
              "bowler": "SK Moloney",
              "non_striker": "M Carmichael",
              "runs": {
                "batter": 0,
                "extras": 0,
                "total": 0
              }
            },
            {
              "batter": "AL Edgar",
              "bowler": "SK Moloney",
              "non_striker": "M Carmichael",
              "runs": {
                "batter": 0,
                "extras": 0,
                "total": 0
              }
            },
            {
              "batter": "AL Edgar",
              "bowler": "SK Moloney",
              "non_striker": "M Carmichael",
              "runs": {
                "batter": 0,
                "extras": 0,
                "total": 0
              }
            }
          ]
        },
        {
          "over": 15,
          "deliveries": [
            {
              "batter": "M Carmichael",
              "bowler": "A Sutherland",
              "non_striker": "AL Edgar",
              "runs": {
                "batter": 0,
                "extras": 0,
                "total": 0
              },
              "wickets": [
                {
                  "player_out": "M Carmichael",
                  "fielders": [
                    {
                      "name": "R McKenna"
                    }
                  ],
                  "kind": "caught"
                }
              ]
            },
            {
              "batter": "A King",
              "bowler": "A Sutherland",
              "extras": {
                "noballs": 1
              },
              "non_striker": "AL Edgar",
              "runs": {
                "batter": 0,
                "extras": 1,
                "total": 1
              }
            },
            {
              "batter": "A King",
              "bowler": "A Sutherland",
              "non_striker": "AL Edgar",
              "runs": {
                "batter": 2,
                "extras": 0,
                "total": 2
              }
            },
            {
              "batter": "A King",
              "bowler": "A Sutherland",
              "non_striker": "AL Edgar",
              "runs": {
                "batter": 0,
                "extras": 0,
                "total": 0
              },
              "wickets": [
                {
                  "player_out": "A King",
                  "kind": "bowled"
                }
              ]
            },
            {
              "batter": "P Cleary",
              "bowler": "A Sutherland",
              "extras": {
                "noballs": 1
              },
              "non_striker": "AL Edgar",
              "runs": {
                "batter": 0,
                "extras": 1,
                "total": 1
              }
            },
            {
              "batter": "P Cleary",
              "bowler": "A Sutherland",
              "extras": {
                "byes": 4
              },
              "non_striker": "AL Edgar",
              "runs": {
                "batter": 0,
                "extras": 4,
                "total": 4
              }
            },
            {
              "batter": "P Cleary",
              "bowler": "A Sutherland",
              "non_striker": "AL Edgar",
              "runs": {
                "batter": 4,
                "extras": 0,
                "total": 4
              }
            },
            {
              "batter": "P Cleary",
              "bowler": "A Sutherland",
              "non_striker": "AL Edgar",
              "runs": {
                "batter": 1,
                "extras": 0,
                "total": 1
              }
            }
          ]
        },
        {
          "over": 16,
          "deliveries": [
            {
              "batter": "P Cleary",
              "bowler": "T Flintoff",
              "non_striker": "AL Edgar",
              "runs": {
                "batter": 4,
                "extras": 0,
                "total": 4
              }
            },
            {
              "batter": "P Cleary",
              "bowler": "T Flintoff",
              "non_striker": "AL Edgar",
              "runs": {
                "batter": 0,
                "extras": 0,
                "total": 0
              }
            },
            {
              "batter": "P Cleary",
              "bowler": "T Flintoff",
              "non_striker": "AL Edgar",
              "runs": {
                "batter": 1,
                "extras": 0,
                "total": 1
              }
            },
            {
              "batter": "AL Edgar",
              "bowler": "T Flintoff",
              "non_striker": "P Cleary",
              "runs": {
                "batter": 4,
                "extras": 0,
                "total": 4
              }
            },
            {
              "batter": "AL Edgar",
              "bowler": "T Flintoff",
              "non_striker": "P Cleary",
              "runs": {
                "batter": 0,
                "extras": 0,
                "total": 0
              }
            },
            {
              "batter": "AL Edgar",
              "bowler": "T Flintoff",
              "non_striker": "P Cleary",
              "runs": {
                "batter": 4,
                "extras": 0,
                "total": 4
              }
            }
          ]
        },
        {
          "over": 17,
          "deliveries": [
            {
              "batter": "P Cleary",
              "bowler": "A Capsey",
              "non_striker": "AL Edgar",
              "runs": {
                "batter": 1,
                "extras": 0,
                "total": 1
              }
            },
            {
              "batter": "AL Edgar",
              "bowler": "A Capsey",
              "non_striker": "P Cleary",
              "runs": {
                "batter": 0,
                "extras": 0,
                "total": 0
              }
            },
            {
              "batter": "AL Edgar",
              "bowler": "A Capsey",
              "non_striker": "P Cleary",
              "runs": {
                "batter": 0,
                "extras": 0,
                "total": 0
              }
            },
            {
              "batter": "AL Edgar",
              "bowler": "A Capsey",
              "non_striker": "P Cleary",
              "runs": {
                "batter": 0,
                "extras": 0,
                "total": 0
              }
            },
            {
              "batter": "AL Edgar",
              "bowler": "A Capsey",
              "non_striker": "P Cleary",
              "runs": {
                "batter": 1,
                "extras": 0,
                "total": 1
              }
            },
            {
              "batter": "P Cleary",
              "bowler": "A Capsey",
              "non_striker": "AL Edgar",
              "runs": {
                "batter": 0,
                "extras": 0,
                "total": 0
              }
            }
          ]
        },
        {
          "over": 18,
          "deliveries": [
            {
              "batter": "AL Edgar",
              "bowler": "KJ Garth",
              "non_striker": "P Cleary",
              "runs": {
                "batter": 2,
                "extras": 0,
                "total": 2
              }
            },
            {
              "batter": "AL Edgar",
              "bowler": "KJ Garth",
              "non_striker": "P Cleary",
              "runs": {
                "batter": 4,
                "extras": 0,
                "total": 4
              }
            },
            {
              "batter": "AL Edgar",
              "bowler": "KJ Garth",
              "non_striker": "P Cleary",
              "runs": {
                "batter": 0,
                "extras": 0,
                "total": 0
              }
            },
            {
              "batter": "AL Edgar",
              "bowler": "KJ Garth",
              "non_striker": "P Cleary",
              "runs": {
                "batter": 0,
                "extras": 0,
                "total": 0
              }
            },
            {
              "batter": "AL Edgar",
              "bowler": "KJ Garth",
              "non_striker": "P Cleary",
              "runs": {
                "batter": 1,
                "extras": 0,
                "total": 1
              }
            },
            {
              "batter": "P Cleary",
              "bowler": "KJ Garth",
              "non_striker": "AL Edgar",
              "runs": {
                "batter": 1,
                "extras": 0,
                "total": 1
              },
              "wickets": [
                {
                  "player_out": "AL Edgar",
                  "fielders": [
                    {
                      "name": "KJ Garth"
                    },
                    {
                      "name": "T Flintoff"
                    }
                  ],
                  "kind": "run out"
                }
              ]
            }
          ]
        },
        {
          "over": 19,
          "deliveries": [
            {
              "batter": "P Cleary",
              "bowler": "A Capsey",
              "non_striker": "L Mills",
              "runs": {
                "batter": 0,
                "extras": 0,
                "total": 0
              }
            },
            {
              "batter": "P Cleary",
              "bowler": "A Capsey",
              "non_striker": "L Mills",
              "runs": {
                "batter": 1,
                "extras": 0,
                "total": 1
              }
            },
            {
              "batter": "L Mills",
              "bowler": "A Capsey",
              "non_striker": "P Cleary",
              "runs": {
                "batter": 1,
                "extras": 0,
                "total": 1
              }
            },
            {
              "batter": "P Cleary",
              "bowler": "A Capsey",
              "non_striker": "L Mills",
              "runs": {
                "batter": 2,
                "extras": 0,
                "total": 2
              }
            }
          ]
        }
      ],
      "powerplays": [
        {
          "from": 0.1,
          "to": 3.6,
          "type": "mandatory"
        },
        {
          "from": 15.1,
          "to": 16.6,
          "type": "batting"
        }
      ],
      "target": {
        "overs": 20,
        "runs": 111
      }
    }
  ]
}