{
  "meta": {
    "data_version": "1.1.0",
    "created": "2022-10-27",
    "revision": 1
  },
  "info": {
    "balls_per_over": 6,
    "city": "Adelaide",
    "dates": [
      "2022-10-24"
    ],
    "event": {
      "name": "Women's Big Bash League",
      "match_number": 17
    },
    "gender": "female",
    "match_type": "T20",
    "officials": {
      "match_referees": [
        "SJ Davis"
      ],
      "umpires": [
        "D Bhatt",
        "Eloise Sheridan"
      ]
    },
    "outcome": {
      "winner": "Adelaide Strikers",
      "by": {
        "wickets": 8
      }
    },
    "overs": 20,
    "player_of_match": [
      "A Wellington"
    ],
    "players": {
      "Melbourne Renegades": [
        "HK Matthews",
        "S Molineux",
        "E Jones",
        "E Kershaw",
        "C Webb",
        "C Leeson",
        "E Falconer",
        "G Prestwidge",
        "SJ Coyte",
        "E Hayward",
        "S Ismail"
      ],
      "Adelaide Strikers": [
        "DJS Dottin",
        "KM Mack",
        "L Wolvaardt",
        "TM McGrath",
        "BE Patterson",
        "M Penna",
        "A Wellington",
        "TJ McPharlin",
        "JL Barsby",
        "ML Schutt",
        "D Brown"
      ]
    },
    "registry": {
      "people": {
        "A Wellington": "9b3bcca4",
        "BE Patterson": "7dfbcfff",
        "C Leeson": "d71e33bb",
        "C Webb": "1f4a8a2a",
        "D Bhatt": "b34f743c",
        "D Brown": "2e81be88",
        "DJS Dottin": "53bee17f",
        "E Falconer": "be50addf",
        "E Hayward": "eacd9bb1",
        "E Jones": "971cb321",
        "E Kershaw": "8eeebce2",
        "Eloise Sheridan": "d8d43840",
        "G Prestwidge": "c218e4e7",
        "HK Matthews": "d32cf49a",
        "JL Barsby": "47bcaf7a",
        "KM Mack": "ef13bd20",
        "L Wolvaardt": "e60f81c9",
        "M Penna": "36453b99",
        "ML Schutt": "17608a6f",
        "S Ismail": "108c4c09",
        "S Molineux": "99e23670",
        "SJ Coyte": "a5f488bc",
        "SJ Davis": "bc71b0b2",
        "TJ McPharlin": "595e1ee7",
        "TM McGrath": "ca5acfa4"
      }
    },
    "season": "2022/23",
    "team_type": "club",
    "teams": [
      "Melbourne Renegades",
      "Adelaide Strikers"
    ],
    "toss": {
      "decision": "field",
      "winner": "Adelaide Strikers"
    },
    "venue": "Karen Rolton Oval, Adelaide"
  },
  "innings": [
    {
      "team": "Melbourne Renegades",
      "overs": [
        {
          "over": 0,
          "deliveries": [
            {
              "batter": "HK Matthews",
              "bowler": "ML Schutt",
              "non_striker": "S Molineux",
              "runs": {
                "batter": 0,
                "extras": 0,
                "total": 0
              }
            },
            {
              "batter": "HK Matthews",
              "bowler": "ML Schutt",
              "non_striker": "S Molineux",
              "runs": {
                "batter": 1,
                "extras": 0,
                "total": 1
              }
            },
            {
              "batter": "S Molineux",
              "bowler": "ML Schutt",
              "non_striker": "HK Matthews",
              "runs": {
                "batter": 0,
                "extras": 0,
                "total": 0
              }
            },
            {
              "batter": "S Molineux",
              "bowler": "ML Schutt",
              "non_striker": "HK Matthews",
              "runs": {
                "batter": 1,
                "extras": 0,
                "total": 1
              }
            },
            {
              "batter": "HK Matthews",
              "bowler": "ML Schutt",
              "extras": {
                "legbyes": 1
              },
              "non_striker": "S Molineux",
              "runs": {
                "batter": 0,
                "extras": 1,
                "total": 1
              }
            },
            {
              "batter": "S Molineux",
              "bowler": "ML Schutt",
              "non_striker": "HK Matthews",
              "runs": {
                "batter": 0,
                "extras": 0,
                "total": 0
              }
            }
          ]
        },
        {
          "over": 1,
          "deliveries": [
            {
              "batter": "HK Matthews",
              "bowler": "JL Barsby",
              "non_striker": "S Molineux",
              "runs": {
                "batter": 0,
                "extras": 0,
                "total": 0
              }
            },
            {
              "batter": "HK Matthews",
              "bowler": "JL Barsby",
              "non_striker": "S Molineux",
              "runs": {
                "batter": 4,
                "extras": 0,
                "total": 4
              }
            },
            {
              "batter": "HK Matthews",
              "bowler": "JL Barsby",
              "non_striker": "S Molineux",
              "runs": {
                "batter": 0,
                "extras": 0,
                "total": 0
              },
              "wickets": [
                {
                  "player_out": "S Molineux",
                  "fielders": [
                    {
                      "name": "TJ McPharlin"
                    },
                    {
                      "name": "ML Schutt"
                    }
                  ],
                  "kind": "run out"
                }
              ]
            },
            {
              "batter": "E Jones",
              "bowler": "JL Barsby",
              "non_striker": "HK Matthews",
              "runs": {
                "batter": 0,
                "extras": 0,
                "total": 0
              }
            },
            {
              "batter": "E Jones",
              "bowler": "JL Barsby",
              "non_striker": "HK Matthews",
              "runs": {
                "batter": 0,
                "extras": 0,
                "total": 0
              }
            },
            {
              "batter": "E Jones",
              "bowler": "JL Barsby",
              "non_striker": "HK Matthews",
              "runs": {
                "batter": 1,
                "extras": 0,
                "total": 1
              }
            }
          ]
        },
        {
          "over": 2,
          "deliveries": [
            {
              "batter": "E Jones",
              "bowler": "ML Schutt",
              "non_striker": "HK Matthews",
              "runs": {
                "batter": 0,
                "extras": 0,
                "total": 0
              }
            },
            {
              "batter": "E Jones",
              "bowler": "ML Schutt",
              "non_striker": "HK Matthews",
              "runs": {
                "batter": 4,
                "extras": 0,
                "total": 4
              }
            },
            {
              "batter": "E Jones",
              "bowler": "ML Schutt",
              "non_striker": "HK Matthews",
              "runs": {
                "batter": 1,
                "extras": 0,
                "total": 1
              }
            },
            {
              "batter": "HK Matthews",
              "bowler": "ML Schutt",
              "non_striker": "E Jones",
              "runs": {
                "batter": 0,
                "extras": 0,
                "total": 0
              }
            },
            {
              "batter": "HK Matthews",
              "bowler": "ML Schutt",
              "non_striker": "E Jones",
              "runs": {
                "batter": 1,
                "extras": 0,
                "total": 1
              }
            },
            {
              "batter": "E Jones",
              "bowler": "ML Schutt",
              "non_striker": "HK Matthews",
              "runs": {
                "batter": 1,
                "extras": 0,
                "total": 1
              }
            }
          ]
        },
        {
          "over": 3,
          "deliveries": [
            {
              "batter": "E Jones",
              "bowler": "JL Barsby",
              "non_striker": "HK Matthews",
              "runs": {
                "batter": 1,
                "extras": 0,
                "total": 1
              }
            },
            {
              "batter": "HK Matthews",
              "bowler": "JL Barsby",
              "non_striker": "E Jones",
              "runs": {
                "batter": 1,
                "extras": 0,
                "total": 1
              }
            },
            {
              "batter": "E Jones",
              "bowler": "JL Barsby",
              "non_striker": "HK Matthews",
              "runs": {
                "batter": 0,
                "extras": 0,
                "total": 0
              }
            },
            {
              "batter": "E Jones",
              "bowler": "JL Barsby",
              "non_striker": "HK Matthews",
              "runs": {
                "batter": 0,
                "extras": 0,
                "total": 0
              }
            },
            {
              "batter": "E Jones",
              "bowler": "JL Barsby",
              "non_striker": "HK Matthews",
              "runs": {
                "batter": 0,
                "extras": 0,
                "total": 0
              }
            },
            {
              "batter": "E Jones",
              "bowler": "JL Barsby",
              "non_striker": "HK Matthews",
              "runs": {
                "batter": 0,
                "extras": 0,
                "total": 0
              },
              "wickets": [
                {
                  "player_out": "E Jones",
                  "fielders": [
                    {
                      "name": "A Wellington"
                    }
                  ],
                  "kind": "caught"
                }
              ]
            }
          ]
        },
        {
          "over": 4,
          "deliveries": [
            {
              "batter": "HK Matthews",
              "bowler": "A Wellington",
              "non_striker": "E Kershaw",
              "runs": {
                "batter": 1,
                "extras": 0,
                "total": 1
              }
            },
            {
              "batter": "E Kershaw",
              "bowler": "A Wellington",
              "non_striker": "HK Matthews",
              "runs": {
                "batter": 1,
                "extras": 0,
                "total": 1
              }
            },
            {
              "batter": "HK Matthews",
              "bowler": "A Wellington",
              "non_striker": "E Kershaw",
              "runs": {
                "batter": 0,
                "extras": 0,
                "total": 0
              }
            },
            {
              "batter": "HK Matthews",
              "bowler": "A Wellington",
              "non_striker": "E Kershaw",
              "runs": {
                "batter": 0,
                "extras": 0,
                "total": 0
              }
            },
            {
              "batter": "HK Matthews",
              "bowler": "A Wellington",
              "non_striker": "E Kershaw",
              "runs": {
                "batter": 0,
                "extras": 0,
                "total": 0
              },
              "wickets": [
                {
                  "player_out": "HK Matthews",
                  "kind": "caught and bowled"
                }
              ]
            },
            {
              "batter": "C Webb",
              "bowler": "A Wellington",
              "non_striker": "E Kershaw",
              "runs": {
                "batter": 0,
                "extras": 0,
                "total": 0
              }
            }
          ]
        },
        {
          "over": 5,
          "deliveries": [
            {
              "batter": "E Kershaw",
              "bowler": "D Brown",
              "non_striker": "C Webb",
              "runs": {
                "batter": 0,
                "extras": 0,
                "total": 0
              }
            },
            {
              "batter": "E Kershaw",
              "bowler": "D Brown",
              "non_striker": "C Webb",
              "runs": {
                "batter": 0,
                "extras": 0,
                "total": 0
              }
            },
            {
              "batter": "E Kershaw",
              "bowler": "D Brown",
              "non_striker": "C Webb",
              "runs": {
                "batter": 0,
                "extras": 0,
                "total": 0
              }
            },
            {
              "batter": "E Kershaw",
              "bowler": "D Brown",
              "non_striker": "C Webb",
              "runs": {
                "batter": 1,
                "extras": 0,
                "total": 1
              }
            },
            {
              "batter": "C Webb",
              "bowler": "D Brown",
              "non_striker": "E Kershaw",
              "runs": {
                "batter": 1,
                "extras": 0,
                "total": 1
              }
            },
            {
              "batter": "E Kershaw",
              "bowler": "D Brown",
              "non_striker": "C Webb",
              "runs": {
                "batter": 1,
                "extras": 0,
                "total": 1
              }
            }
          ]
        },
        {
          "over": 6,
          "deliveries": [
            {
              "batter": "E Kershaw",
              "bowler": "A Wellington",
              "non_striker": "C Webb",
              "runs": {
                "batter": 0,
                "extras": 0,
                "total": 0
              },
              "wickets": [
                {
                  "player_out": "E Kershaw",
                  "kind": "bowled"
                }
              ]
            },
            {
              "batter": "C Leeson",
              "bowler": "A Wellington",
              "non_striker": "C Webb",
              "runs": {
                "batter": 0,
                "extras": 0,
                "total": 0
              }
            },
            {
              "batter": "C Leeson",
              "bowler": "A Wellington",
              "non_striker": "C Webb",
              "runs": {
                "batter": 1,
                "extras": 0,
                "total": 1
              }
            },
            {
              "batter": "C Webb",
              "bowler": "A Wellington",
              "non_striker": "C Leeson",
              "runs": {
                "batter": 0,
                "extras": 0,
                "total": 0
              }
            },
            {
              "batter": "C Webb",
              "bowler": "A Wellington",
              "non_striker": "C Leeson",
              "runs": {
                "batter": 1,
                "extras": 0,
                "total": 1
              }
            },
            {
              "batter": "C Leeson",
              "bowler": "A Wellington",
              "non_striker": "C Webb",
              "runs": {
                "batter": 0,
                "extras": 0,
                "total": 0
              }
            }
          ]
        },
        {
          "over": 7,
          "deliveries": [
            {
              "batter": "C Webb",
              "bowler": "D Brown",
              "non_striker": "C Leeson",
              "runs": {
                "batter": 2,
                "extras": 0,
                "total": 2
              }
            },
            {
              "batter": "C Webb",
              "bowler": "D Brown",
              "non_striker": "C Leeson",
              "runs": {
                "batter": 0,
                "extras": 0,
                "total": 0
              }
            },
            {
              "batter": "C Webb",
              "bowler": "D Brown",
              "non_striker": "C Leeson",
              "runs": {
                "batter": 0,
                "extras": 0,
                "total": 0
              }
            },
            {
              "batter": "C Webb",
              "bowler": "D Brown",
              "non_striker": "C Leeson",
              "runs": {
                "batter": 2,
                "extras": 0,
                "total": 2
              }
            },
            {
              "batter": "C Webb",
              "bowler": "D Brown",
              "non_striker": "C Leeson",
              "runs": {
                "batter": 4,
                "extras": 0,
                "total": 4
              }
            },
            {
              "batter": "C Webb",
              "bowler": "D Brown",
              "non_striker": "C Leeson",
              "runs": {
                "batter": 0,
                "extras": 0,
                "total": 0
              }
            }
          ]
        },
        {
          "over": 8,
          "deliveries": [
            {
              "batter": "C Leeson",
              "bowler": "DJS Dottin",
              "non_striker": "C Webb",
              "runs": {
                "batter": 1,
                "extras": 0,
                "total": 1
              }
            },
            {
              "batter": "C Webb",
              "bowler": "DJS Dottin",
              "non_striker": "C Leeson",
              "runs": {
                "batter": 1,
                "extras": 0,
                "total": 1
              }
            },
            {
              "batter": "C Leeson",
              "bowler": "DJS Dottin",
              "non_striker": "C Webb",
              "runs": {
                "batter": 0,
                "extras": 0,
                "total": 0
              }
            },
            {
              "batter": "C Leeson",
              "bowler": "DJS Dottin",
              "non_striker": "C Webb",
              "runs": {
                "batter": 0,
                "extras": 0,
                "total": 0
              }
            },
            {
              "batter": "C Leeson",
              "bowler": "DJS Dottin",
              "non_striker": "C Webb",
              "runs": {
                "batter": 1,
                "extras": 0,
                "total": 1
              }
            },
            {
              "batter": "C Webb",
              "bowler": "DJS Dottin",
              "non_striker": "C Leeson",
              "runs": {
                "batter": 1,
                "extras": 0,
                "total": 1
              }
            }
          ]
        },
        {
          "over": 9,
          "deliveries": [
            {
              "batter": "C Webb",
              "bowler": "JL Barsby",
              "non_striker": "C Leeson",
              "runs": {
                "batter": 0,
                "extras": 0,
                "total": 0
              }
            },
            {
              "batter": "C Webb",
              "bowler": "JL Barsby",
              "non_striker": "C Leeson",
              "runs": {
                "batter": 1,
                "extras": 0,
                "total": 1
              }
            },
            {
              "batter": "C Leeson",
              "bowler": "JL Barsby",
              "non_striker": "C Webb",
              "runs": {
                "batter": 1,
                "extras": 0,
                "total": 1
              }
            },
            {
              "batter": "C Webb",
              "bowler": "JL Barsby",
              "non_striker": "C Leeson",
              "runs": {
                "batter": 1,
                "extras": 0,
                "total": 1
              }
            },
            {
              "batter": "C Leeson",
              "bowler": "JL Barsby",
              "non_striker": "C Webb",
              "runs": {
                "batter": 0,
                "extras": 0,
                "total": 0
              }
            },
            {
              "batter": "C Leeson",
              "bowler": "JL Barsby",
              "non_striker": "C Webb",
              "runs": {
                "batter": 0,
                "extras": 0,
                "total": 0
              }
            }
          ]
        },
        {
          "over": 10,
          "deliveries": [
            {
              "batter": "C Webb",
              "bowler": "TM McGrath",
              "non_striker": "C Leeson",
              "runs": {
                "batter": 1,
                "extras": 0,
                "total": 1
              }
            },
            {
              "batter": "C Leeson",
              "bowler": "TM McGrath",
              "non_striker": "C Webb",
              "runs": {
                "batter": 1,
                "extras": 0,
                "total": 1
              }
            },
            {
              "batter": "C Webb",
              "bowler": "TM McGrath",
              "non_striker": "C Leeson",
              "runs": {
                "batter": 0,
                "extras": 0,
                "total": 0
              }
            },
            {
              "batter": "C Webb",
              "bowler": "TM McGrath",
              "non_striker": "C Leeson",
              "runs": {
                "batter": 0,
                "extras": 0,
                "total": 0
              }
            },
            {
              "batter": "C Webb",
              "bowler": "TM McGrath",
              "non_striker": "C Leeson",
              "runs": {
                "batter": 1,
                "extras": 0,
                "total": 1
              }
            },
            {
              "batter": "C Leeson",
              "bowler": "TM McGrath",
              "non_striker": "C Webb",
              "runs": {
                "batter": 1,
                "extras": 0,
                "total": 1
              }
            }
          ]
        },
        {
          "over": 11,
          "deliveries": [
            {
              "batter": "C Leeson",
              "bowler": "D Brown",
              "non_striker": "C Webb",
              "runs": {
                "batter": 0,
                "extras": 0,
                "total": 0
              }
            },
            {
              "batter": "C Leeson",
              "bowler": "D Brown",
              "non_striker": "C Webb",
              "runs": {
                "batter": 1,
                "extras": 0,
                "total": 1
              }
            },
            {
              "batter": "C Webb",
              "bowler": "D Brown",
              "non_striker": "C Leeson",
              "runs": {
                "batter": 2,
                "extras": 0,
                "total": 2
              }
            },
            {
              "batter": "C Webb",
              "bowler": "D Brown",
              "non_striker": "C Leeson",
              "runs": {
                "batter": 0,
                "extras": 0,
                "total": 0
              }
            },
            {
              "batter": "C Webb",
              "bowler": "D Brown",
              "non_striker": "C Leeson",
              "runs": {
                "batter": 1,
                "extras": 0,
                "total": 1
              }
            },
            {
              "batter": "C Leeson",
              "bowler": "D Brown",
              "non_striker": "C Webb",
              "runs": {
                "batter": 2,
                "extras": 0,
                "total": 2
              }
            }
          ]
        },
        {
          "over": 12,
          "deliveries": [
            {
              "batter": "C Webb",
              "bowler": "A Wellington",
              "non_striker": "C Leeson",
              "runs": {
                "batter": 1,
                "extras": 0,
                "total": 1
              }
            },
            {
              "batter": "C Leeson",
              "bowler": "A Wellington",
              "non_striker": "C Webb",
              "runs": {
                "batter": 0,
                "extras": 0,
                "total": 0
              }
            },
            {
              "batter": "C Leeson",
              "bowler": "A Wellington",
              "non_striker": "C Webb",
              "runs": {
                "batter": 1,
                "extras": 0,
                "total": 1
              }
            },
            {
              "batter": "C Webb",
              "bowler": "A Wellington",
              "non_striker": "C Leeson",
              "runs": {
                "batter": 0,
                "extras": 0,
                "total": 0
              }
            },
            {
              "batter": "C Webb",
              "bowler": "A Wellington",
              "extras": {
                "byes": 1
              },
              "non_striker": "C Leeson",
              "runs": {
                "batter": 0,
                "extras": 1,
                "total": 1
              }
            },
            {
              "batter": "C Leeson",
              "bowler": "A Wellington",
              "non_striker": "C Webb",
              "runs": {
                "batter": 0,
                "extras": 0,
                "total": 0
              }
            }
          ]
        },
        {
          "over": 13,
          "deliveries": [
            {
              "batter": "C Webb",
              "bowler": "DJS Dottin",
              "non_striker": "C Leeson",
              "runs": {
                "batter": 1,
                "extras": 0,
                "total": 1
              }
            },
            {
              "batter": "C Leeson",
              "bowler": "DJS Dottin",
              "non_striker": "C Webb",
              "runs": {
                "batter": 1,
                "extras": 0,
                "total": 1
              }
            },
            {
              "batter": "C Webb",
              "bowler": "DJS Dottin",
              "non_striker": "C Leeson",
              "runs": {
                "batter": 4,
                "extras": 0,
                "total": 4
              }
            },
            {
              "batter": "C Webb",
              "bowler": "DJS Dottin",
              "non_striker": "C Leeson",
              "runs": {
                "batter": 0,
                "extras": 0,
                "total": 0
              }
            },
            {
              "batter": "C Webb",
              "bowler": "DJS Dottin",
              "non_striker": "C Leeson",
              "runs": {
                "batter": 1,
                "extras": 0,
                "total": 1
              }
            },
            {
              "batter": "C Leeson",
              "bowler": "DJS Dottin",
              "non_striker": "C Webb",
              "runs": {
                "batter": 4,
                "extras": 0,
                "total": 4
              }
            }
          ]
        },
        {
          "over": 14,
          "deliveries": [
            {
              "batter": "C Webb",
              "bowler": "ML Schutt",
              "non_striker": "C Leeson",
              "runs": {
                "batter": 0,
                "extras": 0,
                "total": 0
              }
            },
            {
              "batter": "C Webb",
              "bowler": "ML Schutt",
              "non_striker": "C Leeson",
              "runs": {
                "batter": 1,
                "extras": 0,
                "total": 1
              }
            },
            {
              "batter": "C Leeson",
              "bowler": "ML Schutt",
              "non_striker": "C Webb",
              "runs": {
                "batter": 1,
                "extras": 0,
                "total": 1
              }
            },
            {
              "batter": "C Webb",
              "bowler": "ML Schutt",
              "non_striker": "C Leeson",
              "runs": {
                "batter": 1,
                "extras": 0,
                "total": 1
              }
            },
            {
              "batter": "C Leeson",
              "bowler": "ML Schutt",
              "non_striker": "C Webb",
              "runs": {
                "batter": 4,
                "extras": 0,
                "total": 4
              }
            },
            {
              "batter": "C Leeson",
              "bowler": "ML Schutt",
              "non_striker": "C Webb",
              "runs": {
                "batter": 0,
                "extras": 0,
                "total": 0
              }
            }
          ]
        },
        {
          "over": 15,
          "deliveries": [
            {
              "batter": "C Webb",
              "bowler": "JL Barsby",
              "non_striker": "C Leeson",
              "runs": {
                "batter": 0,
                "extras": 0,
                "total": 0
              }
            },
            {
              "batter": "C Webb",
              "bowler": "JL Barsby",
              "non_striker": "C Leeson",
              "runs": {
                "batter": 0,
                "extras": 0,
                "total": 0
              }
            },
            {
              "batter": "C Webb",
              "bowler": "JL Barsby",
              "extras": {
                "wides": 1
              },
              "non_striker": "C Leeson",
              "runs": {
                "batter": 0,
                "extras": 1,
                "total": 1
              }
            },
            {
              "batter": "C Webb",
              "bowler": "JL Barsby",
              "non_striker": "C Leeson",
              "runs": {
                "batter": 1,
                "extras": 0,
                "total": 1
              }
            },
            {
              "batter": "C Leeson",
              "bowler": "JL Barsby",
              "non_striker": "C Webb",
              "runs": {
                "batter": 1,
                "extras": 0,
                "total": 1
              }
            },
            {
              "batter": "C Webb",
              "bowler": "JL Barsby",
              "non_striker": "C Leeson",
              "runs": {
                "batter": 0,
                "extras": 0,
                "total": 0
              }
            },
            {
              "batter": "C Webb",
              "bowler": "JL Barsby",
              "non_striker": "C Leeson",
              "runs": {
                "batter": 0,
                "extras": 0,
                "total": 0
              },
              "wickets": [
                {
                  "player_out": "C Webb",
                  "fielders": [
                    {
                      "name": "KM Mack"
                    }
                  ],
                  "kind": "caught"
                }
              ]
            }
          ]
        },
        {
          "over": 16,
          "deliveries": [
            {
              "batter": "C Leeson",
              "bowler": "DJS Dottin",
              "non_striker": "E Falconer",
              "runs": {
                "batter": 1,
                "extras": 0,
                "total": 1
              }
            },
            {
              "batter": "E Falconer",
              "bowler": "DJS Dottin",
              "non_striker": "C Leeson",
              "runs": {
                "batter": 1,
                "extras": 0,
                "total": 1
              }
            },
            {
              "batter": "C Leeson",
              "bowler": "DJS Dottin",
              "non_striker": "E Falconer",
              "runs": {
                "batter": 4,
                "extras": 0,
                "total": 4
              }
            },
            {
              "batter": "C Leeson",
              "bowler": "DJS Dottin",
              "non_striker": "E Falconer",
              "runs": {
                "batter": 1,
                "extras": 0,
                "total": 1
              }
            },
            {
              "batter": "E Falconer",
              "bowler": "DJS Dottin",
              "non_striker": "C Leeson",
              "runs": {
                "batter": 6,
                "extras": 0,
                "total": 6
              }
            },
            {
              "batter": "E Falconer",
              "bowler": "DJS Dottin",
              "non_striker": "C Leeson",
              "runs": {
                "batter": 1,
                "extras": 0,
                "total": 1
              }
            }
          ]
        },
        {
          "over": 17,
          "deliveries": [
            {
              "batter": "E Falconer",
              "bowler": "D Brown",
              "non_striker": "C Leeson",
              "runs": {
                "batter": 0,
                "extras": 0,
                "total": 0
              }
            },
            {
              "batter": "E Falconer",
              "bowler": "D Brown",
              "non_striker": "C Leeson",
              "runs": {
                "batter": 1,
                "extras": 0,
                "total": 1
              }
            },
            {
              "batter": "C Leeson",
              "bowler": "D Brown",
              "non_striker": "E Falconer",
              "runs": {
                "batter": 4,
                "extras": 0,
                "total": 4
              }
            },
            {
              "batter": "C Leeson",
              "bowler": "D Brown",
              "non_striker": "E Falconer",
              "runs": {
                "batter": 0,
                "extras": 0,
                "total": 0
              }
            },
            {
              "batter": "C Leeson",
              "bowler": "D Brown",
              "non_striker": "E Falconer",
              "runs": {
                "batter": 1,
                "extras": 0,
                "total": 1
              }
            },
            {
              "batter": "E Falconer",
              "bowler": "D Brown",
              "non_striker": "C Leeson",
              "runs": {
                "batter": 0,
                "extras": 0,
                "total": 0
              },
              "wickets": [
                {
                  "player_out": "E Falconer",
                  "kind": "bowled"
                }
              ]
            }
          ]
        },
        {
          "over": 18,
          "deliveries": [
            {
              "batter": "C Leeson",
              "bowler": "ML Schutt",
              "non_striker": "G Prestwidge",
              "runs": {
                "batter": 1,
                "extras": 0,
                "total": 1
              }
            },
            {
              "batter": "G Prestwidge",
              "bowler": "ML Schutt",
              "non_striker": "C Leeson",
              "runs": {
                "batter": 1,
                "extras": 0,
                "total": 1
              }
            },
            {
              "batter": "C Leeson",
              "bowler": "ML Schutt",
              "non_striker": "G Prestwidge",
              "runs": {
                "batter": 1,
                "extras": 0,
                "total": 1
              }
            },
            {
              "batter": "G Prestwidge",
              "bowler": "ML Schutt",
              "non_striker": "C Leeson",
              "runs": {
                "batter": 1,
                "extras": 0,
                "total": 1
              }
            },
            {
              "batter": "C Leeson",
              "bowler": "ML Schutt",
              "non_striker": "G Prestwidge",
              "runs": {
                "batter": 1,
                "extras": 0,
                "total": 1
              },
              "wickets": [
                {
                  "player_out": "C Leeson",
                  "fielders": [
                    {
                      "name": "TJ McPharlin"
                    },
                    {
                      "name": "ML Schutt"
                    },
                    {
                      "name": "D Brown"
                    }
                  ],
                  "kind": "run out"
                }
              ]
            },
            {
              "batter": "G Prestwidge",
              "bowler": "ML Schutt",
              "non_striker": "SJ Coyte",
              "runs": {
                "batter": 1,
                "extras": 0,
                "total": 1
              }
            }
          ]
        },
        {
          "over": 19,
          "deliveries": [
            {
              "batter": "G Prestwidge",
              "bowler": "A Wellington",
              "non_striker": "SJ Coyte",
              "runs": {
                "batter": 2,
                "extras": 0,
                "total": 2
              }
            },
            {
              "batter": "G Prestwidge",
              "bowler": "A Wellington",
              "non_striker": "SJ Coyte",
              "runs": {
                "batter": 0,
                "extras": 0,
                "total": 0
              },
              "wickets": [
                {
                  "player_out": "G Prestwidge",
                  "fielders": [
                    {
                      "name": "TJ McPharlin"
                    }
                  ],
                  "kind": "stumped"
                }
              ]
            },
            {
              "batter": "E Hayward",
              "bowler": "A Wellington",
              "non_striker": "SJ Coyte",
              "runs": {
                "batter": 0,
                "extras": 0,
                "total": 0
              },
              "wickets": [
                {
                  "player_out": "E Hayward",
                  "fielders": [
                    {
                      "name": "TJ McPharlin"
                    }
                  ],
                  "kind": "stumped"
                }
              ]
            },
            {
              "batter": "S Ismail",
              "bowler": "A Wellington",
              "non_striker": "SJ Coyte",
              "runs": {
                "batter": 0,
                "extras": 0,
                "total": 0
              }
            },
            {
              "batter": "S Ismail",
              "bowler": "A Wellington",
              "non_striker": "SJ Coyte",
              "runs": {
                "batter": 0,
                "extras": 0,
                "total": 0
              },
              "wickets": [
                {
                  "player_out": "S Ismail",
                  "fielders": [
                    {
                      "name": "ML Schutt"
                    }
                  ],
                  "kind": "caught"
                }
              ]
            }
          ]
        }
      ],
      "powerplays": [
        {
          "from": 0.1,
          "to": 3.6,
          "type": "mandatory"
        },
        {
          "from": 13.1,
          "to": 14.6,
          "type": "batting"
        }
      ]
    },
    {
      "team": "Adelaide Strikers",
      "overs": [
        {
          "over": 0,
          "deliveries": [
            {
              "batter": "DJS Dottin",
              "bowler": "S Ismail",
              "non_striker": "KM Mack",
              "runs": {
                "batter": 0,
                "extras": 0,
                "total": 0
              }
            },
            {
              "batter": "DJS Dottin",
              "bowler": "S Ismail",
              "non_striker": "KM Mack",
              "runs": {
                "batter": 0,
                "extras": 0,
                "total": 0
              }
            },
            {
              "batter": "DJS Dottin",
              "bowler": "S Ismail",
              "non_striker": "KM Mack",
              "runs": {
                "batter": 0,
                "extras": 0,
                "total": 0
              }
            },
            {
              "batter": "DJS Dottin",
              "bowler": "S Ismail",
              "non_striker": "KM Mack",
              "runs": {
                "batter": 4,
                "extras": 0,
                "total": 4
              }
            },
            {
              "batter": "DJS Dottin",
              "bowler": "S Ismail",
              "non_striker": "KM Mack",
              "runs": {
                "batter": 4,
                "extras": 0,
                "total": 4
              }
            },
            {
              "batter": "DJS Dottin",
              "bowler": "S Ismail",
              "non_striker": "KM Mack",
              "runs": {
                "batter": 0,
                "extras": 0,
                "total": 0
              }
            }
          ]
        },
        {
          "over": 1,
          "deliveries": [
            {
              "batter": "KM Mack",
              "bowler": "S Molineux",
              "non_striker": "DJS Dottin",
              "runs": {
                "batter": 1,
                "extras": 0,
                "total": 1
              }
            },
            {
              "batter": "DJS Dottin",
              "bowler": "S Molineux",
              "non_striker": "KM Mack",
              "runs": {
                "batter": 2,
                "extras": 0,
                "total": 2
              }
            },
            {
              "batter": "DJS Dottin",
              "bowler": "S Molineux",
              "non_striker": "KM Mack",
              "runs": {
                "batter": 0,
                "extras": 0,
                "total": 0
              }
            },
            {
              "batter": "DJS Dottin",
              "bowler": "S Molineux",
              "non_striker": "KM Mack",
              "runs": {
                "batter": 0,
                "extras": 0,
                "total": 0
              }
            },
            {
              "batter": "DJS Dottin",
              "bowler": "S Molineux",
              "non_striker": "KM Mack",
              "runs": {
                "batter": 0,
                "extras": 0,
                "total": 0
              }
            },
            {
              "batter": "DJS Dottin",
              "bowler": "S Molineux",
              "non_striker": "KM Mack",
              "runs": {
                "batter": 0,
                "extras": 0,
                "total": 0
              }
            }
          ]
        },
        {
          "over": 2,
          "deliveries": [
            {
              "batter": "KM Mack",
              "bowler": "HK Matthews",
              "non_striker": "DJS Dottin",
              "runs": {
                "batter": 1,
                "extras": 0,
                "total": 1
              }
            },
            {
              "batter": "DJS Dottin",
              "bowler": "HK Matthews",
              "extras": {
                "wides": 1
              },
              "non_striker": "KM Mack",
              "runs": {
                "batter": 0,
                "extras": 1,
                "total": 1
              }
            },
            {
              "batter": "DJS Dottin",
              "bowler": "HK Matthews",
              "non_striker": "KM Mack",
              "runs": {
                "batter": 3,
                "extras": 0,
                "total": 3
              }
            },
            {
              "batter": "KM Mack",
              "bowler": "HK Matthews",
              "non_striker": "DJS Dottin",
              "runs": {
                "batter": 4,
                "extras": 0,
                "total": 4
              }
            },
            {
              "batter": "KM Mack",
              "bowler": "HK Matthews",
              "non_striker": "DJS Dottin",
              "runs": {
                "batter": 0,
                "extras": 0,
                "total": 0
              }
            },
            {
              "batter": "KM Mack",
              "bowler": "HK Matthews",
              "non_striker": "DJS Dottin",
              "runs": {
                "batter": 1,
                "extras": 0,
                "total": 1
              }
            },
            {
              "batter": "DJS Dottin",
              "bowler": "HK Matthews",
              "non_striker": "KM Mack",
              "runs": {
                "batter": 0,
                "extras": 0,
                "total": 0
              }
            }
          ]
        },
        {
          "over": 3,
          "deliveries": [
            {
              "batter": "KM Mack",
              "bowler": "S Molineux",
              "extras": {
                "wides": 1
              },
              "non_striker": "DJS Dottin",
              "runs": {
                "batter": 0,
                "extras": 1,
                "total": 1
              }
            },
            {
              "batter": "KM Mack",
              "bowler": "S Molineux",
              "non_striker": "DJS Dottin",
              "runs": {
                "batter": 0,
                "extras": 0,
                "total": 0
              }
            },
            {
              "batter": "KM Mack",
              "bowler": "S Molineux",
              "non_striker": "DJS Dottin",
              "runs": {
                "batter": 1,
                "extras": 0,
                "total": 1
              }
            },
            {
              "batter": "DJS Dottin",
              "bowler": "S Molineux",
              "non_striker": "KM Mack",
              "runs": {
                "batter": 3,
                "extras": 0,
                "total": 3
              }
            },
            {
              "batter": "KM Mack",
              "bowler": "S Molineux",
              "non_striker": "DJS Dottin",
              "runs": {
                "batter": 0,
                "extras": 0,
                "total": 0
              }
            },
            {
              "batter": "KM Mack",
              "bowler": "S Molineux",
              "non_striker": "DJS Dottin",
              "runs": {
                "batter": 0,
                "extras": 0,
                "total": 0
              }
            },
            {
              "batter": "KM Mack",
              "bowler": "S Molineux",
              "non_striker": "DJS Dottin",
              "runs": {
                "batter": 0,
                "extras": 0,
                "total": 0
              }
            }
          ]
        },
        {
          "over": 4,
          "deliveries": [
            {
              "batter": "DJS Dottin",
              "bowler": "S Ismail",
              "non_striker": "KM Mack",
              "runs": {
                "batter": 1,
                "extras": 0,
                "total": 1
              }
            },
            {
              "batter": "KM Mack",
              "bowler": "S Ismail",
              "non_striker": "DJS Dottin",
              "runs": {
                "batter": 0,
                "extras": 0,
                "total": 0
              }
            },
            {
              "batter": "KM Mack",
              "bowler": "S Ismail",
              "non_striker": "DJS Dottin",
              "runs": {
                "batter": 0,
                "extras": 0,
                "total": 0
              }
            },
            {
              "batter": "KM Mack",
              "bowler": "S Ismail",
              "non_striker": "DJS Dottin",
              "runs": {
                "batter": 1,
                "extras": 0,
                "total": 1
              }
            },
            {
              "batter": "DJS Dottin",
              "bowler": "S Ismail",
              "non_striker": "KM Mack",
              "runs": {
                "batter": 0,
                "extras": 0,
                "total": 0
              }
            },
            {
              "batter": "DJS Dottin",
              "bowler": "S Ismail",
              "non_striker": "KM Mack",
              "runs": {
                "batter": 0,
                "extras": 0,
                "total": 0
              }
            }
          ]
        },
        {
          "over": 5,
          "deliveries": [
            {
              "batter": "KM Mack",
              "bowler": "SJ Coyte",
              "non_striker": "DJS Dottin",
              "runs": {
                "batter": 3,
                "extras": 0,
                "total": 3
              }
            },
            {
              "batter": "DJS Dottin",
              "bowler": "SJ Coyte",
              "non_striker": "KM Mack",
              "runs": {
                "batter": 0,
                "extras": 0,
                "total": 0
              }
            },
            {
              "batter": "DJS Dottin",
              "bowler": "SJ Coyte",
              "extras": {
                "wides": 1
              },
              "non_striker": "KM Mack",
              "runs": {
                "batter": 0,
                "extras": 1,
                "total": 1
              }
            },
            {
              "batter": "DJS Dottin",
              "bowler": "SJ Coyte",
              "non_striker": "KM Mack",
              "runs": {
                "batter": 0,
                "extras": 0,
                "total": 0
              }
            },
            {
              "batter": "DJS Dottin",
              "bowler": "SJ Coyte",
              "non_striker": "KM Mack",
              "runs": {
                "batter": 1,
                "extras": 0,
                "total": 1
              }
            },
            {
              "batter": "KM Mack",
              "bowler": "SJ Coyte",
              "non_striker": "DJS Dottin",
              "runs": {
                "batter": 0,
                "extras": 0,
                "total": 0
              },
              "wickets": [
                {
                  "player_out": "KM Mack",
                  "fielders": [
                    {
                      "name": "HK Matthews"
                    }
                  ],
                  "kind": "caught"
                }
              ]
            },
            {
              "batter": "L Wolvaardt",
              "bowler": "SJ Coyte",
              "non_striker": "DJS Dottin",
              "runs": {
                "batter": 0,
                "extras": 0,
                "total": 0
              }
            }
          ]
        },
        {
          "over": 6,
          "deliveries": [
            {
              "batter": "DJS Dottin",
              "bowler": "G Prestwidge",
              "non_striker": "L Wolvaardt",
              "runs": {
                "batter": 1,
                "extras": 0,
                "total": 1
              }
            },
            {
              "batter": "L Wolvaardt",
              "bowler": "G Prestwidge",
              "non_striker": "DJS Dottin",
              "runs": {
                "batter": 1,
                "extras": 0,
                "total": 1
              }
            },
            {
              "batter": "DJS Dottin",
              "bowler": "G Prestwidge",
              "non_striker": "L Wolvaardt",
              "runs": {
                "batter": 0,
                "extras": 0,
                "total": 0
              }
            },
            {
              "batter": "DJS Dottin",
              "bowler": "G Prestwidge",
              "non_striker": "L Wolvaardt",
              "runs": {
                "batter": 0,
                "extras": 0,
                "total": 0
              }
            },
            {
              "batter": "DJS Dottin",
              "bowler": "G Prestwidge",
              "non_striker": "L Wolvaardt",
              "runs": {
                "batter": 0,
                "extras": 0,
                "total": 0
              }
            },
            {
              "batter": "DJS Dottin",
              "bowler": "G Prestwidge",
              "non_striker": "L Wolvaardt",
              "runs": {
                "batter": 0,
                "extras": 0,
                "total": 0
              }
            }
          ]
        },
        {
          "over": 7,
          "deliveries": [
            {
              "batter": "L Wolvaardt",
              "bowler": "E Hayward",
              "non_striker": "DJS Dottin",
              "runs": {
                "batter": 1,
                "extras": 0,
                "total": 1
              }
            },
            {
              "batter": "DJS Dottin",
              "bowler": "E Hayward",
              "non_striker": "L Wolvaardt",
              "runs": {
                "batter": 0,
                "extras": 0,
                "total": 0
              }
            },
            {
              "batter": "DJS Dottin",
              "bowler": "E Hayward",
              "non_striker": "L Wolvaardt",
              "runs": {
                "batter": 1,
                "extras": 0,
                "total": 1
              }
            },
            {
              "batter": "L Wolvaardt",
              "bowler": "E Hayward",
              "non_striker": "DJS Dottin",
              "runs": {
                "batter": 1,
                "extras": 0,
                "total": 1
              }
            },
            {
              "batter": "DJS Dottin",
              "bowler": "E Hayward",
              "non_striker": "L Wolvaardt",
              "runs": {
                "batter": 1,
                "extras": 0,
                "total": 1
              }
            },
            {
              "batter": "L Wolvaardt",
              "bowler": "E Hayward",
              "non_striker": "DJS Dottin",
              "runs": {
                "batter": 1,
                "extras": 0,
                "total": 1
              }
            }
          ]
        },
        {
          "over": 8,
          "deliveries": [
            {
              "batter": "L Wolvaardt",
              "bowler": "G Prestwidge",
              "non_striker": "DJS Dottin",
              "runs": {
                "batter": 1,
                "extras": 0,
                "total": 1
              }
            },
            {
              "batter": "DJS Dottin",
              "bowler": "G Prestwidge",
              "non_striker": "L Wolvaardt",
              "runs": {
                "batter": 1,
                "extras": 0,
                "total": 1
              }
            },
            {
              "batter": "L Wolvaardt",
              "bowler": "G Prestwidge",
              "non_striker": "DJS Dottin",
              "runs": {
                "batter": 0,
                "extras": 0,
                "total": 0
              }
            },
            {
              "batter": "L Wolvaardt",
              "bowler": "G Prestwidge",
              "non_striker": "DJS Dottin",
              "runs": {
                "batter": 4,
                "extras": 0,
                "total": 4
              }
            },
            {
              "batter": "L Wolvaardt",
              "bowler": "G Prestwidge",
              "non_striker": "DJS Dottin",
              "runs": {
                "batter": 4,
                "extras": 0,
                "total": 4
              }
            },
            {
              "batter": "L Wolvaardt",
              "bowler": "G Prestwidge",
              "extras": {
                "wides": 1
              },
              "non_striker": "DJS Dottin",
              "runs": {
                "batter": 0,
                "extras": 1,
                "total": 1
              }
            },
            {
              "batter": "L Wolvaardt",
              "bowler": "G Prestwidge",
              "non_striker": "DJS Dottin",
              "runs": {
                "batter": 0,
                "extras": 0,
                "total": 0
              }
            }
          ]
        },
        {
          "over": 9,
          "deliveries": [
            {
              "batter": "DJS Dottin",
              "bowler": "E Hayward",
              "non_striker": "L Wolvaardt",
              "runs": {
                "batter": 1,
                "extras": 0,
                "total": 1
              }
            },
            {
              "batter": "L Wolvaardt",
              "bowler": "E Hayward",
              "non_striker": "DJS Dottin",
              "runs": {
                "batter": 1,
                "extras": 0,
                "total": 1
              }
            },
            {
              "batter": "DJS Dottin",
              "bowler": "E Hayward",
              "non_striker": "L Wolvaardt",
              "runs": {
                "batter": 0,
                "extras": 0,
                "total": 0
              }
            },
            {
              "batter": "DJS Dottin",
              "bowler": "E Hayward",
              "non_striker": "L Wolvaardt",
              "runs": {
                "batter": 1,
                "extras": 0,
                "total": 1
              }
            },
            {
              "batter": "L Wolvaardt",
              "bowler": "E Hayward",
              "non_striker": "DJS Dottin",
              "runs": {
                "batter": 1,
                "extras": 0,
                "total": 1
              }
            },
            {
              "batter": "DJS Dottin",
              "bowler": "E Hayward",
              "non_striker": "L Wolvaardt",
              "runs": {
                "batter": 0,
                "extras": 0,
                "total": 0
              }
            }
          ]
        },
        {
          "over": 10,
          "deliveries": [
            {
              "batter": "L Wolvaardt",
              "bowler": "SJ Coyte",
              "non_striker": "DJS Dottin",
              "runs": {
                "batter": 0,
                "extras": 0,
                "total": 0
              }
            },
            {
              "batter": "L Wolvaardt",
              "bowler": "SJ Coyte",
              "non_striker": "DJS Dottin",
              "runs": {
                "batter": 0,
                "extras": 0,
                "total": 0
              }
            },
            {
              "batter": "L Wolvaardt",
              "bowler": "SJ Coyte",
              "non_striker": "DJS Dottin",
              "runs": {
                "batter": 1,
                "extras": 0,
                "total": 1
              }
            },
            {
              "batter": "DJS Dottin",
              "bowler": "SJ Coyte",
              "non_striker": "L Wolvaardt",
              "runs": {
                "batter": 0,
                "extras": 0,
                "total": 0
              }
            },
            {
              "batter": "DJS Dottin",
              "bowler": "SJ Coyte",
              "non_striker": "L Wolvaardt",
              "runs": {
                "batter": 4,
                "extras": 0,
                "total": 4
              }
            },
            {
              "batter": "DJS Dottin",
              "bowler": "SJ Coyte",
              "non_striker": "L Wolvaardt",
              "runs": {
                "batter": 0,
                "extras": 0,
                "total": 0
              }
            }
          ]
        },
        {
          "over": 11,
          "deliveries": [
            {
              "batter": "L Wolvaardt",
              "bowler": "S Molineux",
              "non_striker": "DJS Dottin",
              "runs": {
                "batter": 1,
                "extras": 0,
                "total": 1
              }
            },
            {
              "batter": "DJS Dottin",
              "bowler": "S Molineux",
              "non_striker": "L Wolvaardt",
              "runs": {
                "batter": 0,
                "extras": 0,
                "total": 0
              }
            },
            {
              "batter": "DJS Dottin",
              "bowler": "S Molineux",
              "non_striker": "L Wolvaardt",
              "runs": {
                "batter": 1,
                "extras": 0,
                "total": 1
              }
            },
            {
              "batter": "L Wolvaardt",
              "bowler": "S Molineux",
              "non_striker": "DJS Dottin",
              "runs": {
                "batter": 1,
                "extras": 0,
                "total": 1
              }
            },
            {
              "batter": "DJS Dottin",
              "bowler": "S Molineux",
              "non_striker": "L Wolvaardt",
              "runs": {
                "batter": 1,
                "extras": 0,
                "total": 1
              }
            },
            {
              "batter": "L Wolvaardt",
              "bowler": "S Molineux",
              "non_striker": "DJS Dottin",
              "runs": {
                "batter": 1,
                "extras": 0,
                "total": 1
              }
            }
          ]
        },
        {
          "over": 12,
          "deliveries": [
            {
              "batter": "L Wolvaardt",
              "bowler": "S Ismail",
              "non_striker": "DJS Dottin",
              "runs": {
                "batter": 1,
                "extras": 0,
                "total": 1
              }
            },
            {
              "batter": "DJS Dottin",
              "bowler": "S Ismail",
              "non_striker": "L Wolvaardt",
              "runs": {
                "batter": 0,
                "extras": 0,
                "total": 0
              }
            },
            {
              "batter": "DJS Dottin",
              "bowler": "S Ismail",
              "non_striker": "L Wolvaardt",
              "runs": {
                "batter": 6,
                "extras": 0,
                "total": 6
              }
            },
            {
              "batter": "DJS Dottin",
              "bowler": "S Ismail",
              "non_striker": "L Wolvaardt",
              "runs": {
                "batter": 2,
                "extras": 0,
                "total": 2
              }
            },
            {
              "batter": "DJS Dottin",
              "bowler": "S Ismail",
              "non_striker": "L Wolvaardt",
              "runs": {
                "batter": 0,
                "extras": 0,
                "total": 0
              }
            },
            {
              "batter": "DJS Dottin",
              "bowler": "S Ismail",
              "non_striker": "L Wolvaardt",
              "runs": {
                "batter": 1,
                "extras": 0,
                "total": 1
              }
            }
          ]
        },
        {
          "over": 13,
          "deliveries": [
            {
              "batter": "DJS Dottin",
              "bowler": "SJ Coyte",
              "extras": {
                "wides": 1
              },
              "non_striker": "L Wolvaardt",
              "runs": {
                "batter": 0,
                "extras": 1,
                "total": 1
              }
            },
            {
              "batter": "DJS Dottin",
              "bowler": "SJ Coyte",
              "extras": {
                "wides": 1
              },
              "non_striker": "L Wolvaardt",
              "runs": {
                "batter": 0,
                "extras": 1,
                "total": 1
              }
            },
            {
              "batter": "DJS Dottin",
              "bowler": "SJ Coyte",
              "non_striker": "L Wolvaardt",
              "runs": {
                "batter": 0,
                "extras": 0,
                "total": 0
              }
            },
            {
              "batter": "DJS Dottin",
              "bowler": "SJ Coyte",
              "non_striker": "L Wolvaardt",
              "runs": {
                "batter": 1,
                "extras": 0,
                "total": 1
              }
            },
            {
              "batter": "L Wolvaardt",
              "bowler": "SJ Coyte",
              "non_striker": "DJS Dottin",
              "runs": {
                "batter": 0,
                "extras": 0,
                "total": 0
              },
              "wickets": [
                {
                  "player_out": "L Wolvaardt",
                  "fielders": [
                    {
                      "name": "S Molineux"
                    }
                  ],
                  "kind": "caught"
                }
              ]
            },
            {
              "batter": "TM McGrath",
              "bowler": "SJ Coyte",
              "non_striker": "DJS Dottin",
              "runs": {
                "batter": 1,
                "extras": 0,
                "total": 1
              }
            },
            {
              "batter": "DJS Dottin",
              "bowler": "SJ Coyte",
              "non_striker": "TM McGrath",
              "runs": {
                "batter": 4,
                "extras": 0,
                "total": 4
              }
            },
            {
              "batter": "DJS Dottin",
              "bowler": "SJ Coyte",
              "non_striker": "TM McGrath",
              "runs": {
                "batter": 1,
                "extras": 0,
                "total": 1
              }
            }
          ]
        },
        {
          "over": 14,
          "deliveries": [
            {
              "batter": "DJS Dottin",
              "bowler": "S Ismail",
              "non_striker": "TM McGrath",
              "runs": {
                "batter": 1,
                "extras": 0,
                "total": 1
              }
            },
            {
              "batter": "TM McGrath",
              "bowler": "S Ismail",
              "non_striker": "DJS Dottin",
              "runs": {
                "batter": 0,
                "extras": 0,
                "total": 0
              }
            },
            {
              "batter": "TM McGrath",
              "bowler": "S Ismail",
              "non_striker": "DJS Dottin",
              "runs": {
                "batter": 0,
                "extras": 0,
                "total": 0
              }
            },
            {
              "batter": "TM McGrath",
              "bowler": "S Ismail",
              "non_striker": "DJS Dottin",
              "runs": {
                "batter": 1,
                "extras": 0,
                "total": 1
              }
            },
            {
              "batter": "DJS Dottin",
              "bowler": "S Ismail",
              "non_striker": "TM McGrath",
              "runs": {
                "batter": 0,
                "extras": 0,
                "total": 0
              }
            },
            {
              "batter": "DJS Dottin",
              "bowler": "S Ismail",
              "non_striker": "TM McGrath",
              "runs": {
                "batter": 0,
                "extras": 0,
                "total": 0
              }
            }
          ]
        },
        {
          "over": 15,
          "deliveries": [
            {
              "batter": "TM McGrath",
              "bowler": "E Hayward",
              "non_striker": "DJS Dottin",
              "runs": {
                "batter": 1,
                "extras": 0,
                "total": 1
              }
            },
            {
              "batter": "DJS Dottin",
              "bowler": "E Hayward",
              "non_striker": "TM McGrath",
              "runs": {
                "batter": 1,
                "extras": 0,
                "total": 1
              }
            },
            {
              "batter": "TM McGrath",
              "bowler": "E Hayward",
              "non_striker": "DJS Dottin",
              "runs": {
                "batter": 0,
                "extras": 0,
                "total": 0
              }
            },
            {
              "batter": "TM McGrath",
              "bowler": "E Hayward",
              "non_striker": "DJS Dottin",
              "runs": {
                "batter": 4,
                "extras": 0,
                "total": 4
              }
            },
            {
              "batter": "TM McGrath",
              "bowler": "E Hayward",
              "non_striker": "DJS Dottin",
              "runs": {
                "batter": 1,
                "extras": 0,
                "total": 1
              }
            },
            {
              "batter": "DJS Dottin",
              "bowler": "E Hayward",
              "non_striker": "TM McGrath",
              "runs": {
                "batter": 1,
                "extras": 0,
                "total": 1
              }
            }
          ]
        },
        {
          "over": 16,
          "deliveries": [
            {
              "batter": "DJS Dottin",
              "bowler": "S Molineux",
              "non_striker": "TM McGrath",
              "runs": {
                "batter": 6,
                "extras": 0,
                "total": 6
              }
            },
            {
              "batter": "DJS Dottin",
              "bowler": "S Molineux",
              "non_striker": "TM McGrath",
              "runs": {
                "batter": 1,
                "extras": 0,
                "total": 1
              }
            },
            {
              "batter": "TM McGrath",
              "bowler": "S Molineux",
              "non_striker": "DJS Dottin",
              "runs": {
                "batter": 0,
                "extras": 0,
                "total": 0
              }
            },
            {
              "batter": "TM McGrath",
              "bowler": "S Molineux",
              "non_striker": "DJS Dottin",
              "runs": {
                "batter": 0,
                "extras": 0,
                "total": 0
              }
            },
            {
              "batter": "TM McGrath",
              "bowler": "S Molineux",
              "non_striker": "DJS Dottin",
              "runs": {
                "batter": 0,
                "extras": 0,
                "total": 0
              }
            },
            {
              "batter": "TM McGrath",
              "bowler": "S Molineux",
              "non_striker": "DJS Dottin",
              "runs": {
                "batter": 1,
                "extras": 0,
                "total": 1
              }
            }
          ]
        }
      ],
      "powerplays": [
        {
          "from": 0.1,
          "to": 3.7,
          "type": "mandatory"
        }
      ],
      "target": {
        "overs": 20,
        "runs": 102
      }
    }
  ]
}