{
  "meta": {
    "data_version": "1.1.0",
    "created": "2022-11-07",
    "revision": 1
  },
  "info": {
    "balls_per_over": 6,
    "city": "Perth",
    "dates": [
      "2022-11-05"
    ],
    "event": {
      "name": "Women's Big Bash League",
      "match_number": 31
    },
    "gender": "female",
    "match_type": "T20",
    "officials": {
      "match_referees": [
        "SR Bernard"
      ],
      "umpires": [
        "J Thomas",
        "T Steenholdt"
      ]
    },
    "outcome": {
      "winner": "Perth Scorchers",
      "by": {
        "wickets": 9
      }
    },
    "overs": 20,
    "player_of_match": [
      "BL Mooney"
    ],
    "players": {
      "Sydney Sixers": [
        "AJ Healy",
        "SW Bates",
        "EA Perry",
        "A Gardner",
        "EA Burns",
        "M Brown",
        "S Ecclestone",
        "NE Bolton",
        "A Genford",
        "L Cheatle",
        "K Peterson"
      ],
      "Perth Scorchers": [
        "BL Mooney",
        "SFM Devine",
        "C Piparo",
        "ML Green",
        "M Kapp",
        "M Carmichael",
        "AL Edgar",
        "A King",
        "P Cleary",
        "L Mills",
        "T Peschel"
      ]
    },
    "registry": {
      "people": {
        "A Gardner": "bc969efb",
        "A Genford": "52b45daa",
        "A King": "83558266",
        "AJ Healy": "321644de",
        "AL Edgar": "795ff893",
        "BL Mooney": "52d1dbc8",
        "C Piparo": "276f3dde",
        "EA Burns": "2e0b6638",
        "EA Perry": "be150fc8",
        "J Thomas": "118c3b91",
        "K Peterson": "5f377534",
        "L Cheatle": "275dff85",
        "L Mills": "c35a0b8a",
        "M Brown": "78bec461",
        "M Carmichael": "4b546c04",
        "M Kapp": "63e3b6b3",
        "ML Green": "865eae1f",
        "NE Bolton": "dd883071",
        "P Cleary": "507acf2e",
        "S Ecclestone": "cdb82f1c",
        "SFM Devine": "de69af96",
        "SR Bernard": "800187dc",
        "SW Bates": "89bbc67a",
        "T Peschel": "923402d8",
        "T Steenholdt": "715959cd"
      }
    },
    "season": "2022/23",
    "team_type": "club",
    "teams": [
      "Sydney Sixers",
      "Perth Scorchers"
    ],
    "toss": {
      "decision": "bat",
      "winner": "Sydney Sixers"
    },
    "venue": "Lilac Hill Park, Perth"
  },
  "innings": [
    {
      "team": "Sydney Sixers",
      "overs": [
        {
          "over": 0,
          "deliveries": [
            {
              "batter": "AJ Healy",
              "bowler": "T Peschel",
              "non_striker": "SW Bates",
              "runs": {
                "batter": 4,
                "extras": 0,
                "total": 4
              }
            },
            {
              "batter": "AJ Healy",
              "bowler": "T Peschel",
              "non_striker": "SW Bates",
              "runs": {
                "batter": 0,
                "extras": 0,
                "total": 0
              }
            },
            {
              "batter": "AJ Healy",
              "bowler": "T Peschel",
              "non_striker": "SW Bates",
              "runs": {
                "batter": 0,
                "extras": 0,
                "total": 0
              },
              "wickets": [
                {
                  "player_out": "AJ Healy",
                  "fielders": [
                    {
                      "name": "ML Green"
                    }
                  ],
                  "kind": "caught"
                }
              ]
            },
            {
              "batter": "EA Perry",
              "bowler": "T Peschel",
              "non_striker": "SW Bates",
              "runs": {
                "batter": 4,
                "extras": 0,
                "total": 4
              }
            },
            {
              "batter": "EA Perry",
              "bowler": "T Peschel",
              "non_striker": "SW Bates",
              "runs": {
                "batter": 0,
                "extras": 0,
                "total": 0
              }
            },
            {
              "batter": "EA Perry",
              "bowler": "T Peschel",
              "extras": {
                "noballs": 1
              },
              "non_striker": "SW Bates",
              "runs": {
                "batter": 0,
                "extras": 1,
                "total": 1
              }
            },
            {
              "batter": "EA Perry",
              "bowler": "T Peschel",
              "non_striker": "SW Bates",
              "runs": {
                "batter": 0,
                "extras": 0,
                "total": 0
              }
            }
          ]
        },
        {
          "over": 1,
          "deliveries": [
            {
              "batter": "SW Bates",
              "bowler": "M Kapp",
              "non_striker": "EA Perry",
              "runs": {
                "batter": 0,
                "extras": 0,
                "total": 0
              }
            },
            {
              "batter": "SW Bates",
              "bowler": "M Kapp",
              "non_striker": "EA Perry",
              "runs": {
                "batter": 2,
                "extras": 0,
                "total": 2
              }
            },
            {
              "batter": "SW Bates",
              "bowler": "M Kapp",
              "non_striker": "EA Perry",
              "runs": {
                "batter": 2,
                "extras": 0,
                "total": 2
              }
            },
            {
              "batter": "SW Bates",
              "bowler": "M Kapp",
              "non_striker": "EA Perry",
              "runs": {
                "batter": 0,
                "extras": 0,
                "total": 0
              }
            },
            {
              "batter": "SW Bates",
              "bowler": "M Kapp",
              "non_striker": "EA Perry",
              "runs": {
                "batter": 0,
                "extras": 0,
                "total": 0
              }
            },
            {
              "batter": "SW Bates",
              "bowler": "M Kapp",
              "non_striker": "EA Perry",
              "runs": {
                "batter": 1,
                "extras": 0,
                "total": 1
              }
            }
          ]
        },
        {
          "over": 2,
          "deliveries": [
            {
              "batter": "SW Bates",
              "bowler": "SFM Devine",
              "non_striker": "EA Perry",
              "runs": {
                "batter": 0,
                "extras": 0,
                "total": 0
              }
            },
            {
              "batter": "SW Bates",
              "bowler": "SFM Devine",
              "non_striker": "EA Perry",
              "runs": {
                "batter": 4,
                "extras": 0,
                "total": 4
              }
            },
            {
              "batter": "SW Bates",
              "bowler": "SFM Devine",
              "non_striker": "EA Perry",
              "runs": {
                "batter": 0,
                "extras": 0,
                "total": 0
              }
            },
            {
              "batter": "SW Bates",
              "bowler": "SFM Devine",
              "non_striker": "EA Perry",
              "runs": {
                "batter": 4,
                "extras": 0,
                "total": 4
              }
            },
            {
              "batter": "SW Bates",
              "bowler": "SFM Devine",
              "non_striker": "EA Perry",
              "runs": {
                "batter": 0,
                "extras": 0,
                "total": 0
              }
            },
            {
              "batter": "SW Bates",
              "bowler": "SFM Devine",
              "non_striker": "EA Perry",
              "runs": {
                "batter": 4,
                "extras": 0,
                "total": 4
              }
            }
          ]
        },
        {
          "over": 3,
          "deliveries": [
            {
              "batter": "EA Perry",
              "bowler": "M Kapp",
              "non_striker": "SW Bates",
              "runs": {
                "batter": 0,
                "extras": 0,
                "total": 0
              }
            },
            {
              "batter": "EA Perry",
              "bowler": "M Kapp",
              "extras": {
                "wides": 1
              },
              "non_striker": "SW Bates",
              "runs": {
                "batter": 0,
                "extras": 1,
                "total": 1
              }
            },
            {
              "batter": "EA Perry",
              "bowler": "M Kapp",
              "non_striker": "SW Bates",
              "runs": {
                "batter": 0,
                "extras": 0,
                "total": 0
              }
            },
            {
              "batter": "EA Perry",
              "bowler": "M Kapp",
              "non_striker": "SW Bates",
              "runs": {
                "batter": 0,
                "extras": 0,
                "total": 0
              }
            },
            {
              "batter": "EA Perry",
              "bowler": "M Kapp",
              "non_striker": "SW Bates",
              "runs": {
                "batter": 1,
                "extras": 0,
                "total": 1
              }
            },
            {
              "batter": "SW Bates",
              "bowler": "M Kapp",
              "non_striker": "EA Perry",
              "runs": {
                "batter": 0,
                "extras": 0,
                "total": 0
              }
            },
            {
              "batter": "SW Bates",
              "bowler": "M Kapp",
              "non_striker": "EA Perry",
              "runs": {
                "batter": 0,
                "extras": 0,
                "total": 0
              }
            }
          ]
        },
        {
          "over": 4,
          "deliveries": [
            {
              "batter": "EA Perry",
              "bowler": "L Mills",
              "non_striker": "SW Bates",
              "runs": {
                "batter": 0,
                "extras": 0,
                "total": 0
              }
            },
            {
              "batter": "EA Perry",
              "bowler": "L Mills",
              "non_striker": "SW Bates",
              "runs": {
                "batter": 0,
                "extras": 0,
                "total": 0
              }
            },
            {
              "batter": "EA Perry",
              "bowler": "L Mills",
              "non_striker": "SW Bates",
              "runs": {
                "batter": 1,
                "extras": 0,
                "total": 1
              }
            },
            {
              "batter": "SW Bates",
              "bowler": "L Mills",
              "non_striker": "EA Perry",
              "runs": {
                "batter": 0,
                "extras": 0,
                "total": 0
              }
            },
            {
              "batter": "SW Bates",
              "bowler": "L Mills",
              "non_striker": "EA Perry",
              "runs": {
                "batter": 1,
                "extras": 0,
                "total": 1
              }
            },
            {
              "batter": "EA Perry",
              "bowler": "L Mills",
              "non_striker": "SW Bates",
              "runs": {
                "batter": 1,
                "extras": 0,
                "total": 1
              }
            }
          ]
        },
        {
          "over": 5,
          "deliveries": [
            {
              "batter": "EA Perry",
              "bowler": "A King",
              "non_striker": "SW Bates",
              "runs": {
                "batter": 1,
                "extras": 0,
                "total": 1
              }
            },
            {
              "batter": "SW Bates",
              "bowler": "A King",
              "non_striker": "EA Perry",
              "runs": {
                "batter": 1,
                "extras": 0,
                "total": 1
              }
            },
            {
              "batter": "EA Perry",
              "bowler": "A King",
              "non_striker": "SW Bates",
              "runs": {
                "batter": 0,
                "extras": 0,
                "total": 0
              }
            },
            {
              "batter": "EA Perry",
              "bowler": "A King",
              "non_striker": "SW Bates",
              "runs": {
                "batter": 0,
                "extras": 0,
                "total": 0
              }
            },
            {
              "batter": "EA Perry",
              "bowler": "A King",
              "non_striker": "SW Bates",
              "runs": {
                "batter": 0,
                "extras": 0,
                "total": 0
              }
            },
            {
              "batter": "EA Perry",
              "bowler": "A King",
              "non_striker": "SW Bates",
              "runs": {
                "batter": 4,
                "extras": 0,
                "total": 4
              }
            }
          ]
        },
        {
          "over": 6,
          "deliveries": [
            {
              "batter": "SW Bates",
              "bowler": "L Mills",
              "non_striker": "EA Perry",
              "runs": {
                "batter": 2,
                "extras": 0,
                "total": 2
              }
            },
            {
              "batter": "SW Bates",
              "bowler": "L Mills",
              "non_striker": "EA Perry",
              "runs": {
                "batter": 0,
                "extras": 0,
                "total": 0
              }
            },
            {
              "batter": "SW Bates",
              "bowler": "L Mills",
              "non_striker": "EA Perry",
              "runs": {
                "batter": 1,
                "extras": 0,
                "total": 1
              }
            },
            {
              "batter": "EA Perry",
              "bowler": "L Mills",
              "non_striker": "SW Bates",
              "runs": {
                "batter": 1,
                "extras": 0,
                "total": 1
              }
            },
            {
              "batter": "SW Bates",
              "bowler": "L Mills",
              "non_striker": "EA Perry",
              "runs": {
                "batter": 0,
                "extras": 0,
                "total": 0
              }
            },
            {
              "batter": "SW Bates",
              "bowler": "L Mills",
              "non_striker": "EA Perry",
              "runs": {
                "batter": 0,
                "extras": 0,
                "total": 0
              },
              "wickets": [
                {
                  "player_out": "SW Bates",
                  "kind": "caught and bowled"
                }
              ]
            }
          ]
        },
        {
          "over": 7,
          "deliveries": [
            {
              "batter": "EA Perry",
              "bowler": "A King",
              "non_striker": "A Gardner",
              "runs": {
                "batter": 1,
                "extras": 0,
                "total": 1
              }
            },
            {
              "batter": "A Gardner",
              "bowler": "A King",
              "non_striker": "EA Perry",
              "runs": {
                "batter": 0,
                "extras": 0,
                "total": 0
              }
            },
            {
              "batter": "A Gardner",
              "bowler": "A King",
              "non_striker": "EA Perry",
              "runs": {
                "batter": 0,
                "extras": 0,
                "total": 0
              },
              "wickets": [
                {
                  "player_out": "A Gardner",
                  "fielders": [
                    {
                      "name": "L Mills"
                    }
                  ],
                  "kind": "caught"
                }
              ]
            },
            {
              "batter": "EA Burns",
              "bowler": "A King",
              "non_striker": "EA Perry",
              "runs": {
                "batter": 4,
                "extras": 0,
                "total": 4
              }
            },
            {
              "batter": "EA Burns",
              "bowler": "A King",
              "non_striker": "EA Perry",
              "runs": {
                "batter": 0,
                "extras": 0,
                "total": 0
              }
            },
            {
              "batter": "EA Burns",
              "bowler": "A King",
              "non_striker": "EA Perry",
              "runs": {
                "batter": 1,
                "extras": 0,
                "total": 1
              }
            }
          ]
        },
        {
          "over": 8,
          "deliveries": [
            {
              "batter": "EA Burns",
              "bowler": "AL Edgar",
              "non_striker": "EA Perry",
              "runs": {
                "batter": 1,
                "extras": 0,
                "total": 1
              }
            },
            {
              "batter": "EA Perry",
              "bowler": "AL Edgar",
              "non_striker": "EA Burns",
              "runs": {
                "batter": 1,
                "extras": 0,
                "total": 1
              }
            },
            {
              "batter": "EA Burns",
              "bowler": "AL Edgar",
              "non_striker": "EA Perry",
              "runs": {
                "batter": 1,
                "extras": 0,
                "total": 1
              }
            },
            {
              "batter": "EA Perry",
              "bowler": "AL Edgar",
              "non_striker": "EA Burns",
              "runs": {
                "batter": 0,
                "extras": 0,
                "total": 0
              }
            },
            {
              "batter": "EA Perry",
              "bowler": "AL Edgar",
              "non_striker": "EA Burns",
              "runs": {
                "batter": 6,
                "extras": 0,
                "total": 6
              }
            },
            {
              "batter": "EA Perry",
              "bowler": "AL Edgar",
              "non_striker": "EA Burns",
              "runs": {
                "batter": 1,
                "extras": 0,
                "total": 1
              }
            }
          ]
        },
        {
          "over": 9,
          "deliveries": [
            {
              "batter": "EA Perry",
              "bowler": "P Cleary",
              "non_striker": "EA Burns",
              "runs": {
                "batter": 1,
                "extras": 0,
                "total": 1
              }
            },
            {
              "batter": "EA Burns",
              "bowler": "P Cleary",
              "non_striker": "EA Perry",
              "runs": {
                "batter": 1,
                "extras": 0,
                "total": 1
              }
            },
            {
              "batter": "EA Perry",
              "bowler": "P Cleary",
              "non_striker": "EA Burns",
              "runs": {
                "batter": 1,
                "extras": 0,
                "total": 1
              }
            },
            {
              "batter": "EA Burns",
              "bowler": "P Cleary",
              "non_striker": "EA Perry",
              "runs": {
                "batter": 0,
                "extras": 0,
                "total": 0
              }
            },
            {
              "batter": "EA Burns",
              "bowler": "P Cleary",
              "non_striker": "EA Perry",
              "runs": {
                "batter": 4,
                "extras": 0,
                "total": 4
              }
            },
            {
              "batter": "EA Burns",
              "bowler": "P Cleary",
              "non_striker": "EA Perry",
              "runs": {
                "batter": 0,
                "extras": 0,
                "total": 0
              }
            }
          ]
        },
        {
          "over": 10,
          "deliveries": [
            {
              "batter": "EA Perry",
              "bowler": "T Peschel",
              "non_striker": "EA Burns",
              "runs": {
                "batter": 0,
                "extras": 0,
                "total": 0
              }
            },
            {
              "batter": "EA Perry",
              "bowler": "T Peschel",
              "non_striker": "EA Burns",
              "runs": {
                "batter": 0,
                "extras": 0,
                "total": 0
              }
            },
            {
              "batter": "EA Perry",
              "bowler": "T Peschel",
              "non_striker": "EA Burns",
              "runs": {
                "batter": 0,
                "extras": 0,
                "total": 0
              }
            },
            {
              "batter": "EA Perry",
              "bowler": "T Peschel",
              "extras": {
                "noballs": 1
              },
              "non_striker": "EA Burns",
              "runs": {
                "batter": 1,
                "extras": 1,
                "total": 2
              }
            },
            {
              "batter": "EA Burns",
              "bowler": "T Peschel",
              "non_striker": "EA Perry",
              "runs": {
                "batter": 0,
                "extras": 0,
                "total": 0
              }
            },
            {
              "batter": "EA Burns",
              "bowler": "T Peschel",
              "non_striker": "EA Perry",
              "runs": {
                "batter": 0,
                "extras": 0,
                "total": 0
              }
            },
            {
              "batter": "EA Burns",
              "bowler": "T Peschel",
              "non_striker": "EA Perry",
              "runs": {
                "batter": 4,
                "extras": 0,
                "total": 4
              }
            }
          ]
        },
        {
          "over": 11,
          "deliveries": [
            {
              "batter": "EA Perry",
              "bowler": "SFM Devine",
              "non_striker": "EA Burns",
              "runs": {
                "batter": 4,
                "extras": 0,
                "total": 4
              }
            },
            {
              "batter": "EA Perry",
              "bowler": "SFM Devine",
              "non_striker": "EA Burns",
              "runs": {
                "batter": 0,
                "extras": 0,
                "total": 0
              }
            },
            {
              "batter": "EA Perry",
              "bowler": "SFM Devine",
              "non_striker": "EA Burns",
              "runs": {
                "batter": 1,
                "extras": 0,
                "total": 1
              }
            },
            {
              "batter": "EA Burns",
              "bowler": "SFM Devine",
              "non_striker": "EA Perry",
              "runs": {
                "batter": 1,
                "extras": 0,
                "total": 1
              }
            },
            {
              "batter": "EA Perry",
              "bowler": "SFM Devine",
              "non_striker": "EA Burns",
              "runs": {
                "batter": 0,
                "extras": 0,
                "total": 0
              }
            },
            {
              "batter": "EA Perry",
              "bowler": "SFM Devine",
              "non_striker": "EA Burns",
              "runs": {
                "batter": 1,
                "extras": 0,
                "total": 1
              }
            }
          ]
        },
        {
          "over": 12,
          "deliveries": [
            {
              "batter": "EA Perry",
              "bowler": "L Mills",
              "non_striker": "EA Burns",
              "runs": {
                "batter": 1,
                "extras": 0,
                "total": 1
              }
            },
            {
              "batter": "EA Burns",
              "bowler": "L Mills",
              "non_striker": "EA Perry",
              "runs": {
                "batter": 1,
                "extras": 0,
                "total": 1
              }
            },
            {
              "batter": "EA Perry",
              "bowler": "L Mills",
              "non_striker": "EA Burns",
              "runs": {
                "batter": 1,
                "extras": 0,
                "total": 1
              }
            },
            {
              "batter": "EA Burns",
              "bowler": "L Mills",
              "non_striker": "EA Perry",
              "runs": {
                "batter": 4,
                "extras": 0,
                "total": 4
              }
            },
            {
              "batter": "EA Burns",
              "bowler": "L Mills",
              "non_striker": "EA Perry",
              "runs": {
                "batter": 1,
                "extras": 0,
                "total": 1
              }
            },
            {
              "batter": "EA Perry",
              "bowler": "L Mills",
              "non_striker": "EA Burns",
              "runs": {
                "batter": 0,
                "extras": 0,
                "total": 0
              }
            }
          ]
        },
        {
          "over": 13,
          "deliveries": [
            {
              "batter": "EA Burns",
              "bowler": "A King",
              "non_striker": "EA Perry",
              "runs": {
                "batter": 0,
                "extras": 0,
                "total": 0
              }
            },
            {
              "batter": "EA Burns",
              "bowler": "A King",
              "non_striker": "EA Perry",
              "runs": {
                "batter": 2,
                "extras": 0,
                "total": 2
              }
            },
            {
              "batter": "EA Burns",
              "bowler": "A King",
              "non_striker": "EA Perry",
              "runs": {
                "batter": 0,
                "extras": 0,
                "total": 0
              },
              "wickets": [
                {
                  "player_out": "EA Burns",
                  "fielders": [
                    {
                      "name": "C Piparo"
                    }
                  ],
                  "kind": "caught"
                }
              ]
            },
            {
              "batter": "M Brown",
              "bowler": "A King",
              "non_striker": "EA Perry",
              "runs": {
                "batter": 1,
                "extras": 0,
                "total": 1
              }
            },
            {
              "batter": "EA Perry",
              "bowler": "A King",
              "non_striker": "M Brown",
              "runs": {
                "batter": 4,
                "extras": 0,
                "total": 4
              }
            },
            {
              "batter": "EA Perry",
              "bowler": "A King",
              "non_striker": "M Brown",
              "runs": {
                "batter": 0,
                "extras": 0,
                "total": 0
              }
            }
          ]
        },
        {
          "over": 14,
          "deliveries": [
            {
              "batter": "M Brown",
              "bowler": "L Mills",
              "non_striker": "EA Perry",
              "runs": {
                "batter": 1,
                "extras": 0,
                "total": 1
              }
            },
            {
              "batter": "EA Perry",
              "bowler": "L Mills",
              "non_striker": "M Brown",
              "runs": {
                "batter": 1,
                "extras": 0,
                "total": 1
              }
            },
            {
              "batter": "M Brown",
              "bowler": "L Mills",
              "non_striker": "EA Perry",
              "runs": {
                "batter": 1,
                "extras": 0,
                "total": 1
              }
            },
            {
              "batter": "EA Perry",
              "bowler": "L Mills",
              "non_striker": "M Brown",
              "runs": {
                "batter": 1,
                "extras": 0,
                "total": 1
              }
            },
            {
              "batter": "M Brown",
              "bowler": "L Mills",
              "non_striker": "EA Perry",
              "runs": {
                "batter": 1,
                "extras": 0,
                "total": 1
              }
            },
            {
              "batter": "EA Perry",
              "bowler": "L Mills",
              "non_striker": "M Brown",
              "runs": {
                "batter": 4,
                "extras": 0,
                "total": 4
              }
            }
          ]
        },
        {
          "over": 15,
          "deliveries": [
            {
              "batter": "M Brown",
              "bowler": "M Kapp",
              "non_striker": "EA Perry",
              "runs": {
                "batter": 1,
                "extras": 0,
                "total": 1
              }
            },
            {
              "batter": "EA Perry",
              "bowler": "M Kapp",
              "non_striker": "M Brown",
              "runs": {
                "batter": 1,
                "extras": 0,
                "total": 1
              }
            },
            {
              "batter": "M Brown",
              "bowler": "M Kapp",
              "non_striker": "EA Perry",
              "runs": {
                "batter": 1,
                "extras": 0,
                "total": 1
              }
            },
            {
              "batter": "EA Perry",
              "bowler": "M Kapp",
              "non_striker": "M Brown",
              "runs": {
                "batter": 3,
                "extras": 0,
                "total": 3
              }
            },
            {
              "batter": "M Brown",
              "bowler": "M Kapp",
              "non_striker": "EA Perry",
              "runs": {
                "batter": 0,
                "extras": 0,
                "total": 0
              }
            },
            {
              "batter": "M Brown",
              "bowler": "M Kapp",
              "non_striker": "EA Perry",
              "runs": {
                "batter": 6,
                "extras": 0,
                "total": 6
              }
            }
          ]
        },
        {
          "over": 16,
          "deliveries": [
            {
              "batter": "EA Perry",
              "bowler": "T Peschel",
              "non_striker": "M Brown",
              "runs": {
                "batter": 4,
                "extras": 0,
                "total": 4
              }
            },
            {
              "batter": "EA Perry",
              "bowler": "T Peschel",
              "extras": {
                "wides": 1
              },
              "non_striker": "M Brown",
              "runs": {
                "batter": 0,
                "extras": 1,
                "total": 1
              }
            },
            {
              "batter": "EA Perry",
              "bowler": "T Peschel",
              "non_striker": "M Brown",
              "runs": {
                "batter": 1,
                "extras": 0,
                "total": 1
              }
            },
            {
              "batter": "M Brown",
              "bowler": "T Peschel",
              "non_striker": "EA Perry",
              "runs": {
                "batter": 4,
                "extras": 0,
                "total": 4
              }
            },
            {
              "batter": "M Brown",
              "bowler": "T Peschel",
              "extras": {
                "wides": 1
              },
              "non_striker": "EA Perry",
              "runs": {
                "batter": 0,
                "extras": 1,
                "total": 1
              }
            },
            {
              "batter": "M Brown",
              "bowler": "T Peschel",
              "non_striker": "EA Perry",
              "runs": {
                "batter": 1,
                "extras": 0,
                "total": 1
              }
            },
            {
              "batter": "EA Perry",
              "bowler": "T Peschel",
              "non_striker": "M Brown",
              "runs": {
                "batter": 0,
                "extras": 0,
                "total": 0
              }
            },
            {
              "batter": "EA Perry",
              "bowler": "T Peschel",
              "non_striker": "M Brown",
              "runs": {
                "batter": 1,
                "extras": 0,
                "total": 1
              }
            }
          ]
        },
        {
          "over": 17,
          "deliveries": [
            {
              "batter": "EA Perry",
              "bowler": "M Kapp",
              "non_striker": "M Brown",
              "runs": {
                "batter": 1,
                "extras": 0,
                "total": 1
              }
            },
            {
              "batter": "M Brown",
              "bowler": "M Kapp",
              "non_striker": "EA Perry",
              "runs": {
                "batter": 1,
                "extras": 0,
                "total": 1
              }
            },
            {
              "batter": "EA Perry",
              "bowler": "M Kapp",
              "non_striker": "M Brown",
              "runs": {
                "batter": 2,
                "extras": 0,
                "total": 2
              }
            },
            {
              "batter": "EA Perry",
              "bowler": "M Kapp",
              "non_striker": "M Brown",
              "runs": {
                "batter": 0,
                "extras": 0,
                "total": 0
              }
            },
            {
              "batter": "EA Perry",
              "bowler": "M Kapp",
              "non_striker": "M Brown",
              "runs": {
                "batter": 1,
                "extras": 0,
                "total": 1
              }
            },
            {
              "batter": "M Brown",
              "bowler": "M Kapp",
              "non_striker": "EA Perry",
              "runs": {
                "batter": 1,
                "extras": 0,
                "total": 1
              }
            }
          ]
        },
        {
          "over": 18,
          "deliveries": [
            {
              "batter": "M Brown",
              "bowler": "P Cleary",
              "non_striker": "EA Perry",
              "runs": {
                "batter": 0,
                "extras": 0,
                "total": 0
              }
            },
            {
              "batter": "M Brown",
              "bowler": "P Cleary",
              "non_striker": "EA Perry",
              "runs": {
                "batter": 1,
                "extras": 0,
                "total": 1
              }
            },
            {
              "batter": "EA Perry",
              "bowler": "P Cleary",
              "non_striker": "M Brown",
              "runs": {
                "batter": 4,
                "extras": 0,
                "total": 4
              }
            },
            {
              "batter": "EA Perry",
              "bowler": "P Cleary",
              "non_striker": "M Brown",
              "runs": {
                "batter": 1,
                "extras": 0,
                "total": 1
              }
            },
            {
              "batter": "M Brown",
              "bowler": "P Cleary",
              "extras": {
                "noballs": 1
              },
              "non_striker": "EA Perry",
              "runs": {
                "batter": 6,
                "extras": 1,
                "total": 7
              }
            },
            {
              "batter": "M Brown",
              "bowler": "P Cleary",
              "non_striker": "EA Perry",
              "runs": {
                "batter": 1,
                "extras": 0,
                "total": 1
              }
            },
            {
              "batter": "EA Perry",
              "bowler": "P Cleary",
              "non_striker": "M Brown",
              "runs": {
                "batter": 1,
                "extras": 0,
                "total": 1
              }
            }
          ]
        },
        {
          "over": 19,
          "deliveries": [
            {
              "batter": "EA Perry",
              "bowler": "A King",
              "non_striker": "M Brown",
              "runs": {
                "batter": 4,
                "extras": 0,
                "total": 4
              }
            },
            {
              "batter": "EA Perry",
              "bowler": "A King",
              "non_striker": "M Brown",
              "runs": {
                "batter": 1,
                "extras": 0,
                "total": 1
              }
            },
            {
              "batter": "M Brown",
              "bowler": "A King",
              "non_striker": "EA Perry",
              "runs": {
                "batter": 0,
                "extras": 0,
                "total": 0
              },
              "wickets": [
                {
                  "player_out": "M Brown",
                  "kind": "bowled"
                }
              ]
            },
            {
              "batter": "S Ecclestone",
              "bowler": "A King",
              "non_striker": "EA Perry",
              "runs": {
                "batter": 1,
                "extras": 0,
                "total": 1
              }
            },
            {
              "batter": "EA Perry",
              "bowler": "A King",
              "non_striker": "S Ecclestone",
              "runs": {
                "batter": 1,
                "extras": 0,
                "total": 1
              }
            },
            {
              "batter": "S Ecclestone",
              "bowler": "A King",
              "non_striker": "EA Perry",
              "runs": {
                "batter": 1,
                "extras": 0,
                "total": 1
              }
            }
          ]
        }
      ],
      "powerplays": [
        {
          "from": 0.1,
          "to": 3.7,
          "type": "mandatory"
        },
        {
          "from": 16.1,
          "to": 17.6,
          "type": "batting"
        }
      ]
    },
    {
      "team": "Perth Scorchers",
      "overs": [
        {
          "over": 0,
          "deliveries": [
            {
              "batter": "BL Mooney",
              "bowler": "L Cheatle",
              "non_striker": "SFM Devine",
              "runs": {
                "batter": 0,
                "extras": 0,
                "total": 0
              }
            },
            {
              "batter": "BL Mooney",
              "bowler": "L Cheatle",
              "extras": {
                "wides": 1
              },
              "non_striker": "SFM Devine",
              "runs": {
                "batter": 0,
                "extras": 1,
                "total": 1
              }
            },
            {
              "batter": "BL Mooney",
              "bowler": "L Cheatle",
              "non_striker": "SFM Devine",
              "runs": {
                "batter": 0,
                "extras": 0,
                "total": 0
              }
            },
            {
              "batter": "BL Mooney",
              "bowler": "L Cheatle",
              "non_striker": "SFM Devine",
              "runs": {
                "batter": 4,
                "extras": 0,
                "total": 4
              }
            },
            {
              "batter": "BL Mooney",
              "bowler": "L Cheatle",
              "non_striker": "SFM Devine",
              "runs": {
                "batter": 0,
                "extras": 0,
                "total": 0
              }
            },
            {
              "batter": "BL Mooney",
              "bowler": "L Cheatle",
              "non_striker": "SFM Devine",
              "runs": {
                "batter": 0,
                "extras": 0,
                "total": 0
              }
            },
            {
              "batter": "BL Mooney",
              "bowler": "L Cheatle",
              "non_striker": "SFM Devine",
              "runs": {
                "batter": 0,
                "extras": 0,
                "total": 0
              }
            }
          ]
        },
        {
          "over": 1,
          "deliveries": [
            {
              "batter": "SFM Devine",
              "bowler": "S Ecclestone",
              "non_striker": "BL Mooney",
              "runs": {
                "batter": 4,
                "extras": 0,
                "total": 4
              }
            },
            {
              "batter": "SFM Devine",
              "bowler": "S Ecclestone",
              "non_striker": "BL Mooney",
              "runs": {
                "batter": 0,
                "extras": 0,
                "total": 0
              }
            },
            {
              "batter": "SFM Devine",
              "bowler": "S Ecclestone",
              "non_striker": "BL Mooney",
              "runs": {
                "batter": 4,
                "extras": 0,
                "total": 4
              }
            },
            {
              "batter": "SFM Devine",
              "bowler": "S Ecclestone",
              "non_striker": "BL Mooney",
              "runs": {
                "batter": 1,
                "extras": 0,
                "total": 1
              }
            },
            {
              "batter": "BL Mooney",
              "bowler": "S Ecclestone",
              "non_striker": "SFM Devine",
              "runs": {
                "batter": 2,
                "extras": 0,
                "total": 2
              }
            },
            {
              "batter": "BL Mooney",
              "bowler": "S Ecclestone",
              "non_striker": "SFM Devine",
              "runs": {
                "batter": 0,
                "extras": 0,
                "total": 0
              }
            }
          ]
        },
        {
          "over": 2,
          "deliveries": [
            {
              "batter": "SFM Devine",
              "bowler": "L Cheatle",
              "non_striker": "BL Mooney",
              "runs": {
                "batter": 1,
                "extras": 0,
                "total": 1
              }
            },
            {
              "batter": "BL Mooney",
              "bowler": "L Cheatle",
              "non_striker": "SFM Devine",
              "runs": {
                "batter": 2,
                "extras": 0,
                "total": 2
              }
            },
            {
              "batter": "BL Mooney",
              "bowler": "L Cheatle",
              "non_striker": "SFM Devine",
              "runs": {
                "batter": 4,
                "extras": 0,
                "total": 4
              }
            },
            {
              "batter": "BL Mooney",
              "bowler": "L Cheatle",
              "non_striker": "SFM Devine",
              "runs": {
                "batter": 4,
                "extras": 0,
                "total": 4
              }
            },
            {
              "batter": "BL Mooney",
              "bowler": "L Cheatle",
              "non_striker": "SFM Devine",
              "runs": {
                "batter": 0,
                "extras": 0,
                "total": 0
              }
            },
            {
              "batter": "BL Mooney",
              "bowler": "L Cheatle",
              "non_striker": "SFM Devine",
              "runs": {
                "batter": 1,
                "extras": 0,
                "total": 1
              }
            }
          ]
        },
        {
          "over": 3,
          "deliveries": [
            {
              "batter": "BL Mooney",
              "bowler": "A Gardner",
              "non_striker": "SFM Devine",
              "runs": {
                "batter": 0,
                "extras": 0,
                "total": 0
              }
            },
            {
              "batter": "BL Mooney",
              "bowler": "A Gardner",
              "non_striker": "SFM Devine",
              "runs": {
                "batter": 1,
                "extras": 0,
                "total": 1
              }
            },
            {
              "batter": "SFM Devine",
              "bowler": "A Gardner",
              "non_striker": "BL Mooney",
              "runs": {
                "batter": 0,
                "extras": 0,
                "total": 0
              },
              "wickets": [
                {
                  "player_out": "SFM Devine",
                  "fielders": [
                    {
                      "name": "M Brown"
                    }
                  ],
                  "kind": "caught"
                }
              ]
            },
            {
              "batter": "C Piparo",
              "bowler": "A Gardner",
              "non_striker": "BL Mooney",
              "runs": {
                "batter": 0,
                "extras": 0,
                "total": 0
              }
            },
            {
              "batter": "C Piparo",
              "bowler": "A Gardner",
              "non_striker": "BL Mooney",
              "runs": {
                "batter": 0,
                "extras": 0,
                "total": 0
              }
            },
            {
              "batter": "C Piparo",
              "bowler": "A Gardner",
              "non_striker": "BL Mooney",
              "runs": {
                "batter": 0,
                "extras": 0,
                "total": 0
              }
            }
          ]
        },
        {
          "over": 4,
          "deliveries": [
            {
              "batter": "BL Mooney",
              "bowler": "EA Perry",
              "non_striker": "C Piparo",
              "runs": {
                "batter": 0,
                "extras": 0,
                "total": 0
              }
            },
            {
              "batter": "BL Mooney",
              "bowler": "EA Perry",
              "non_striker": "C Piparo",
              "runs": {
                "batter": 0,
                "extras": 0,
                "total": 0
              }
            },
            {
              "batter": "BL Mooney",
              "bowler": "EA Perry",
              "non_striker": "C Piparo",
              "runs": {
                "batter": 1,
                "extras": 0,
                "total": 1
              }
            },
            {
              "batter": "C Piparo",
              "bowler": "EA Perry",
              "non_striker": "BL Mooney",
              "runs": {
                "batter": 0,
                "extras": 0,
                "total": 0
              }
            },
            {
              "batter": "C Piparo",
              "bowler": "EA Perry",
              "non_striker": "BL Mooney",
              "runs": {
                "batter": 1,
                "extras": 0,
                "total": 1
              }
            },
            {
              "batter": "BL Mooney",
              "bowler": "EA Perry",
              "non_striker": "C Piparo",
              "runs": {
                "batter": 1,
                "extras": 0,
                "total": 1
              }
            }
          ]
        },
        {
          "over": 5,
          "deliveries": [
            {
              "batter": "BL Mooney",
              "bowler": "NE Bolton",
              "non_striker": "C Piparo",
              "runs": {
                "batter": 1,
                "extras": 0,
                "total": 1
              }
            },
            {
              "batter": "C Piparo",
              "bowler": "NE Bolton",
              "non_striker": "BL Mooney",
              "runs": {
                "batter": 0,
                "extras": 0,
                "total": 0
              }
            },
            {
              "batter": "C Piparo",
              "bowler": "NE Bolton",
              "non_striker": "BL Mooney",
              "runs": {
                "batter": 4,
                "extras": 0,
                "total": 4
              }
            },
            {
              "batter": "C Piparo",
              "bowler": "NE Bolton",
              "non_striker": "BL Mooney",
              "runs": {
                "batter": 2,
                "extras": 0,
                "total": 2
              }
            },
            {
              "batter": "C Piparo",
              "bowler": "NE Bolton",
              "non_striker": "BL Mooney",
              "runs": {
                "batter": 0,
                "extras": 0,
                "total": 0
              }
            },
            {
              "batter": "C Piparo",
              "bowler": "NE Bolton",
              "non_striker": "BL Mooney",
              "runs": {
                "batter": 1,
                "extras": 0,
                "total": 1
              }
            }
          ]
        },
        {
          "over": 6,
          "deliveries": [
            {
              "batter": "C Piparo",
              "bowler": "M Brown",
              "non_striker": "BL Mooney",
              "runs": {
                "batter": 1,
                "extras": 0,
                "total": 1
              }
            },
            {
              "batter": "BL Mooney",
              "bowler": "M Brown",
              "non_striker": "C Piparo",
              "runs": {
                "batter": 0,
                "extras": 0,
                "total": 0
              }
            },
            {
              "batter": "BL Mooney",
              "bowler": "M Brown",
              "non_striker": "C Piparo",
              "runs": {
                "batter": 4,
                "extras": 0,
                "total": 4
              }
            },
            {
              "batter": "BL Mooney",
              "bowler": "M Brown",
              "non_striker": "C Piparo",
              "runs": {
                "batter": 1,
                "extras": 0,
                "total": 1
              }
            },
            {
              "batter": "C Piparo",
              "bowler": "M Brown",
              "non_striker": "BL Mooney",
              "runs": {
                "batter": 2,
                "extras": 0,
                "total": 2
              }
            },
            {
              "batter": "C Piparo",
              "bowler": "M Brown",
              "non_striker": "BL Mooney",
              "runs": {
                "batter": 0,
                "extras": 0,
                "total": 0
              }
            }
          ]
        },
        {
          "over": 7,
          "deliveries": [
            {
              "batter": "BL Mooney",
              "bowler": "A Gardner",
              "non_striker": "C Piparo",
              "runs": {
                "batter": 0,
                "extras": 0,
                "total": 0
              }
            },
            {
              "batter": "BL Mooney",
              "bowler": "A Gardner",
              "non_striker": "C Piparo",
              "runs": {
                "batter": 1,
                "extras": 0,
                "total": 1
              }
            },
            {
              "batter": "C Piparo",
              "bowler": "A Gardner",
              "non_striker": "BL Mooney",
              "runs": {
                "batter": 0,
                "extras": 0,
                "total": 0
              }
            },
            {
              "batter": "C Piparo",
              "bowler": "A Gardner",
              "non_striker": "BL Mooney",
              "runs": {
                "batter": 0,
                "extras": 0,
                "total": 0
              }
            },
            {
              "batter": "C Piparo",
              "bowler": "A Gardner",
              "non_striker": "BL Mooney",
              "runs": {
                "batter": 1,
                "extras": 0,
                "total": 1
              }
            },
            {
              "batter": "BL Mooney",
              "bowler": "A Gardner",
              "non_striker": "C Piparo",
              "runs": {
                "batter": 1,
                "extras": 0,
                "total": 1
              }
            }
          ]
        },
        {
          "over": 8,
          "deliveries": [
            {
              "batter": "BL Mooney",
              "bowler": "L Cheatle",
              "non_striker": "C Piparo",
              "runs": {
                "batter": 4,
                "extras": 0,
                "total": 4
              }
            },
            {
              "batter": "BL Mooney",
              "bowler": "L Cheatle",
              "non_striker": "C Piparo",
              "runs": {
                "batter": 4,
                "extras": 0,
                "total": 4
              }
            },
            {
              "batter": "BL Mooney",
              "bowler": "L Cheatle",
              "non_striker": "C Piparo",
              "runs": {
                "batter": 1,
                "extras": 0,
                "total": 1
              }
            },
            {
              "batter": "C Piparo",
              "bowler": "L Cheatle",
              "non_striker": "BL Mooney",
              "runs": {
                "batter": 2,
                "extras": 0,
                "total": 2
              }
            },
            {
              "batter": "C Piparo",
              "bowler": "L Cheatle",
              "extras": {
                "wides": 1
              },
              "non_striker": "BL Mooney",
              "runs": {
                "batter": 0,
                "extras": 1,
                "total": 1
              }
            },
            {
              "batter": "C Piparo",
              "bowler": "L Cheatle",
              "non_striker": "BL Mooney",
              "runs": {
                "batter": 1,
                "extras": 0,
                "total": 1
              }
            },
            {
              "batter": "BL Mooney",
              "bowler": "L Cheatle",
              "non_striker": "C Piparo",
              "runs": {
                "batter": 2,
                "extras": 0,
                "total": 2
              }
            }
          ]
        },
        {
          "over": 9,
          "deliveries": [
            {
              "batter": "C Piparo",
              "bowler": "NE Bolton",
              "non_striker": "BL Mooney",
              "runs": {
                "batter": 0,
                "extras": 0,
                "total": 0
              }
            },
            {
              "batter": "C Piparo",
              "bowler": "NE Bolton",
              "non_striker": "BL Mooney",
              "runs": {
                "batter": 1,
                "extras": 0,
                "total": 1
              }
            },
            {
              "batter": "BL Mooney",
              "bowler": "NE Bolton",
              "non_striker": "C Piparo",
              "runs": {
                "batter": 1,
                "extras": 0,
                "total": 1
              }
            },
            {
              "batter": "C Piparo",
              "bowler": "NE Bolton",
              "non_striker": "BL Mooney",
              "runs": {
                "batter": 2,
                "extras": 0,
                "total": 2
              }
            },
            {
              "batter": "C Piparo",
              "bowler": "NE Bolton",
              "non_striker": "BL Mooney",
              "runs": {
                "batter": 1,
                "extras": 0,
                "total": 1
              }
            },
            {
              "batter": "BL Mooney",
              "bowler": "NE Bolton",
              "non_striker": "C Piparo",
              "runs": {
                "batter": 4,
                "extras": 0,
                "total": 4
              }
            }
          ]
        },
        {
          "over": 10,
          "deliveries": [
            {
              "batter": "C Piparo",
              "bowler": "A Gardner",
              "non_striker": "BL Mooney",
              "runs": {
                "batter": 2,
                "extras": 0,
                "total": 2
              }
            },
            {
              "batter": "C Piparo",
              "bowler": "A Gardner",
              "non_striker": "BL Mooney",
              "runs": {
                "batter": 0,
                "extras": 0,
                "total": 0
              }
            },
            {
              "batter": "C Piparo",
              "bowler": "A Gardner",
              "non_striker": "BL Mooney",
              "runs": {
                "batter": 1,
                "extras": 0,
                "total": 1
              }
            },
            {
              "batter": "BL Mooney",
              "bowler": "A Gardner",
              "non_striker": "C Piparo",
              "runs": {
                "batter": 4,
                "extras": 0,
                "total": 4
              }
            },
            {
              "batter": "BL Mooney",
              "bowler": "A Gardner",
              "non_striker": "C Piparo",
              "runs": {
                "batter": 2,
                "extras": 0,
                "total": 2
              }
            },
            {
              "batter": "BL Mooney",
              "bowler": "A Gardner",
              "non_striker": "C Piparo",
              "runs": {
                "batter": 1,
                "extras": 0,
                "total": 1
              }
            }
          ]
        },
        {
          "over": 11,
          "deliveries": [
            {
              "batter": "BL Mooney",
              "bowler": "M Brown",
              "extras": {
                "wides": 2
              },
              "non_striker": "C Piparo",
              "runs": {
                "batter": 0,
                "extras": 2,
                "total": 2
              }
            },
            {
              "batter": "C Piparo",
              "bowler": "M Brown",
              "non_striker": "BL Mooney",
              "runs": {
                "batter": 1,
                "extras": 0,
                "total": 1
              }
            },
            {
              "batter": "BL Mooney",
              "bowler": "M Brown",
              "non_striker": "C Piparo",
              "runs": {
                "batter": 4,
                "extras": 0,
                "total": 4
              }
            },
            {
              "batter": "BL Mooney",
              "bowler": "M Brown",
              "non_striker": "C Piparo",
              "runs": {
                "batter": 6,
                "extras": 0,
                "total": 6
              }
            },
            {
              "batter": "BL Mooney",
              "bowler": "M Brown",
              "non_striker": "C Piparo",
              "runs": {
                "batter": 4,
                "extras": 0,
                "total": 4
              }
            },
            {
              "batter": "BL Mooney",
              "bowler": "M Brown",
              "non_striker": "C Piparo",
              "runs": {
                "batter": 4,
                "extras": 0,
                "total": 4
              }
            },
            {
              "batter": "BL Mooney",
              "bowler": "M Brown",
              "non_striker": "C Piparo",
              "runs": {
                "batter": 2,
                "extras": 0,
                "total": 2
              }
            }
          ]
        },
        {
          "over": 12,
          "deliveries": [
            {
              "batter": "C Piparo",
              "bowler": "S Ecclestone",
              "non_striker": "BL Mooney",
              "runs": {
                "batter": 0,
                "extras": 0,
                "total": 0
              }
            },
            {
              "batter": "C Piparo",
              "bowler": "S Ecclestone",
              "non_striker": "BL Mooney",
              "runs": {
                "batter": 0,
                "extras": 0,
                "total": 0
              }
            },
            {
              "batter": "C Piparo",
              "bowler": "S Ecclestone",
              "non_striker": "BL Mooney",
              "runs": {
                "batter": 4,
                "extras": 0,
                "total": 4
              }
            },
            {
              "batter": "C Piparo",
              "bowler": "S Ecclestone",
              "non_striker": "BL Mooney",
              "runs": {
                "batter": 0,
                "extras": 0,
                "total": 0
              }
            },
            {
              "batter": "C Piparo",
              "bowler": "S Ecclestone",
              "non_striker": "BL Mooney",
              "runs": {
                "batter": 2,
                "extras": 0,
                "total": 2
              }
            },
            {
              "batter": "C Piparo",
              "bowler": "S Ecclestone",
              "non_striker": "BL Mooney",
              "runs": {
                "batter": 1,
                "extras": 0,
                "total": 1
              }
            }
          ]
        },
        {
          "over": 13,
          "deliveries": [
            {
              "batter": "C Piparo",
              "bowler": "A Gardner",
              "non_striker": "BL Mooney",
              "runs": {
                "batter": 1,
                "extras": 0,
                "total": 1
              }
            },
            {
              "batter": "BL Mooney",
              "bowler": "A Gardner",
              "non_striker": "C Piparo",
              "runs": {
                "batter": 1,
                "extras": 0,
                "total": 1
              }
            },
            {
              "batter": "C Piparo",
              "bowler": "A Gardner",
              "extras": {
                "byes": 1
              },
              "non_striker": "BL Mooney",
              "runs": {
                "batter": 0,
                "extras": 1,
                "total": 1
              }
            },
            {
              "batter": "BL Mooney",
              "bowler": "A Gardner",
              "non_striker": "C Piparo",
              "runs": {
                "batter": 1,
                "extras": 0,
                "total": 1
              }
            },
            {
              "batter": "C Piparo",
              "bowler": "A Gardner",
              "non_striker": "BL Mooney",
              "runs": {
                "batter": 1,
                "extras": 0,
                "total": 1
              }
            },
            {
              "batter": "BL Mooney",
              "bowler": "A Gardner",
              "non_striker": "C Piparo",
              "runs": {
                "batter": 1,
                "extras": 0,
                "total": 1
              }
            }
          ]
        },
        {
          "over": 14,
          "deliveries": [
            {
              "batter": "BL Mooney",
              "bowler": "S Ecclestone",
              "non_striker": "C Piparo",
              "runs": {
                "batter": 1,
                "extras": 0,
                "total": 1
              }
            },
            {
              "batter": "C Piparo",
              "bowler": "S Ecclestone",
              "non_striker": "BL Mooney",
              "runs": {
                "batter": 0,
                "extras": 0,
                "total": 0
              }
            },
            {
              "batter": "C Piparo",
              "bowler": "S Ecclestone",
              "non_striker": "BL Mooney",
              "runs": {
                "batter": 0,
                "extras": 0,
                "total": 0
              }
            },
            {
              "batter": "C Piparo",
              "bowler": "S Ecclestone",
              "extras": {
                "wides": 3
              },
              "non_striker": "BL Mooney",
              "runs": {
                "batter": 0,
                "extras": 3,
                "total": 3
              }
            },
            {
              "batter": "C Piparo",
              "bowler": "S Ecclestone",
              "non_striker": "BL Mooney",
              "runs": {
                "batter": 0,
                "extras": 0,
                "total": 0
              }
            },
            {
              "batter": "C Piparo",
              "bowler": "S Ecclestone",
              "non_striker": "BL Mooney",
              "runs": {
                "batter": 1,
                "extras": 0,
                "total": 1
              }
            },
            {
              "batter": "BL Mooney",
              "bowler": "S Ecclestone",
              "non_striker": "C Piparo",
              "runs": {
                "batter": 1,
                "extras": 0,
                "total": 1
              }
            }
          ]
        },
        {
          "over": 15,
          "deliveries": [
            {
              "batter": "BL Mooney",
              "bowler": "L Cheatle",
              "non_striker": "C Piparo",
              "runs": {
                "batter": 1,
                "extras": 0,
                "total": 1
              }
            },
            {
              "batter": "C Piparo",
              "bowler": "L Cheatle",
              "non_striker": "BL Mooney",
              "runs": {
                "batter": 1,
                "extras": 0,
                "total": 1
              }
            },
            {
              "batter": "BL Mooney",
              "bowler": "L Cheatle",
              "non_striker": "C Piparo",
              "runs": {
                "batter": 2,
                "extras": 0,
                "total": 2
              }
            },
            {
              "batter": "BL Mooney",
              "bowler": "L Cheatle",
              "non_striker": "C Piparo",
              "runs": {
                "batter": 1,
                "extras": 0,
                "total": 1
              }
            },
            {
              "batter": "C Piparo",
              "bowler": "L Cheatle",
              "non_striker": "BL Mooney",
              "runs": {
                "batter": 0,
                "extras": 0,
                "total": 0
              }
            },
            {
              "batter": "C Piparo",
              "bowler": "L Cheatle",
              "non_striker": "BL Mooney",
              "runs": {
                "batter": 4,
                "extras": 0,
                "total": 4
              }
            }
          ]
        },
        {
          "over": 16,
          "deliveries": [
            {
              "batter": "BL Mooney",
              "bowler": "EA Perry",
              "non_striker": "C Piparo",
              "runs": {
                "batter": 4,
                "extras": 0,
                "total": 4
              }
            },
            {
              "batter": "BL Mooney",
              "bowler": "EA Perry",
              "non_striker": "C Piparo",
              "runs": {
                "batter": 1,
                "extras": 0,
                "total": 1
              }
            },
            {
              "batter": "C Piparo",
              "bowler": "EA Perry",
              "non_striker": "BL Mooney",
              "runs": {
                "batter": 1,
                "extras": 0,
                "total": 1
              }
            },
            {
              "batter": "BL Mooney",
              "bowler": "EA Perry",
              "non_striker": "C Piparo",
              "runs": {
                "batter": 2,
                "extras": 0,
                "total": 2
              }
            },
            {
              "batter": "BL Mooney",
              "bowler": "EA Perry",
              "non_striker": "C Piparo",
              "runs": {
                "batter": 1,
                "extras": 0,
                "total": 1
              }
            },
            {
              "batter": "C Piparo",
              "bowler": "EA Perry",
              "non_striker": "BL Mooney",
              "runs": {
                "batter": 1,
                "extras": 0,
                "total": 1
              }
            }
          ]
        },
        {
          "over": 17,
          "deliveries": [
            {
              "batter": "C Piparo",
              "bowler": "S Ecclestone",
              "non_striker": "BL Mooney",
              "runs": {
                "batter": 1,
                "extras": 0,
                "total": 1
              }
            },
            {
              "batter": "BL Mooney",
              "bowler": "S Ecclestone",
              "non_striker": "C Piparo",
              "runs": {
                "batter": 2,
                "extras": 0,
                "total": 2
              }
            },
            {
              "batter": "BL Mooney",
              "bowler": "S Ecclestone",
              "non_striker": "C Piparo",
              "runs": {
                "batter": 0,
                "extras": 0,
                "total": 0
              }
            },
            {
              "batter": "BL Mooney",
              "bowler": "S Ecclestone",
              "non_striker": "C Piparo",
              "runs": {
                "batter": 1,
                "extras": 0,
                "total": 1
              }
            },
            {
              "batter": "C Piparo",
              "bowler": "S Ecclestone",
              "non_striker": "BL Mooney",
              "runs": {
                "batter": 0,
                "extras": 0,
                "total": 0
              }
            },
            {
              "batter": "C Piparo",
              "bowler": "S Ecclestone",
              "non_striker": "BL Mooney",
              "runs": {
                "batter": 0,
                "extras": 0,
                "total": 0
              }
            }
          ]
        },
        {
          "over": 18,
          "deliveries": [
            {
              "batter": "BL Mooney",
              "bowler": "NE Bolton",
              "non_striker": "C Piparo",
              "runs": {
                "batter": 0,
                "extras": 0,
                "total": 0
              }
            },
            {
              "batter": "BL Mooney",
              "bowler": "NE Bolton",
              "non_striker": "C Piparo",
              "runs": {
                "batter": 4,
                "extras": 0,
                "total": 4
              }
            },
            {
              "batter": "BL Mooney",
              "bowler": "NE Bolton",
              "non_striker": "C Piparo",
              "runs": {
                "batter": 4,
                "extras": 0,
                "total": 4
              }
            }
          ]
        }
      ],
      "powerplays": [
        {
          "from": 0.1,
          "to": 3.6,
          "type": "mandatory"
        },
        {
          "from": 14.1,
          "to": 15.6,
          "type": "batting"
        }
      ],
      "target": {
        "overs": 20,
        "runs": 156
      }
    }
  ]
}