{
  "meta": {
    "data_version": "1.1.0",
    "created": "2023-11-17",
    "revision": 1
  },
  "info": {
    "balls_per_over": 6,
    "city": "Sydney",
    "dates": [
      "2023-11-16"
    ],
    "event": {
      "name": "Women's Big Bash League",
      "match_number": 41
    },
    "gender": "female",
    "match_type": "T20",
    "officials": {
      "match_referees": [
        "SR Bernard"
      ],
      "umpires": [
        "Bede Sajowitz",
        "ME Claydon"
      ]
    },
    "outcome": {
      "winner": "Perth Scorchers",
      "by": {
        "runs": 61
      }
    },
    "overs": 20,
    "player_of_match": [
      "BL Mooney"
    ],
    "players": {
      "Perth Scorchers": [
        "SFM Devine",
        "BL Mooney",
        "M Darke",
        "NR Sciver-Brunt",
        "AL Edgar",
        "AE Jones",
        "A King",
        "P Cleary",
        "L Mills",
        "T Peschel",
        "CC Ainsworth"
      ],
      "Sydney Sixers": [
        "EA Perry",
        "M Brown",
        "A Gardner",
        "EA Burns",
        "CL Tryon",
        "SW Bates",
        "M Carmichael",
        "KM Pelle",
        "K Peterson",
        "LCN Smith",
        "L Cheatle"
      ]
    },
    "registry": {
      "people": {
        "A Gardner": "bc969efb",
        "A King": "83558266",
        "AE Jones": "b05e45e4",
        "AL Edgar": "795ff893",
        "BL Mooney": "52d1dbc8",
        "Bede Sajowitz": "14fb95ae",
        "CC Ainsworth": "4b69c598",
        "CL Tryon": "4d4605e6",
        "EA Burns": "2e0b6638",
        "EA Perry": "be150fc8",
        "K Peterson": "5f377534",
        "KM Pelle": "ae28c962",
        "L Cheatle": "275dff85",
        "L Mills": "c35a0b8a",
        "LCN Smith": "340202b0",
        "M Brown": "78bec461",
        "M Carmichael": "4b546c04",
        "M Darke": "57a90666",
        "ME Claydon": "15101f12",
        "NR Sciver-Brunt": "f3a18a0c",
        "P Cleary": "507acf2e",
        "SFM Devine": "de69af96",
        "SR Bernard": "800187dc",
        "SW Bates": "89bbc67a",
        "T Peschel": "923402d8"
      }
    },
    "season": "2023/24",
    "team_type": "club",
    "teams": [
      "Perth Scorchers",
      "Sydney Sixers"
    ],
    "toss": {
      "decision": "field",
      "winner": "Sydney Sixers"
    },
    "venue": "North Sydney Oval, Sydney"
  },
  "innings": [
    {
      "team": "Perth Scorchers",
      "overs": [
        {
          "over": 0,
          "deliveries": [
            {
              "batter": "SFM Devine",
              "bowler": "L Cheatle",
              "non_striker": "BL Mooney",
              "runs": {
                "batter": 0,
                "extras": 0,
                "total": 0
              }
            },
            {
              "batter": "SFM Devine",
              "bowler": "L Cheatle",
              "non_striker": "BL Mooney",
              "runs": {
                "batter": 0,
                "extras": 0,
                "total": 0
              }
            },
            {
              "batter": "SFM Devine",
              "bowler": "L Cheatle",
              "non_striker": "BL Mooney",
              "runs": {
                "batter": 1,
                "extras": 0,
                "total": 1
              }
            },
            {
              "batter": "BL Mooney",
              "bowler": "L Cheatle",
              "non_striker": "SFM Devine",
              "runs": {
                "batter": 0,
                "extras": 0,
                "total": 0
              }
            },
            {
              "batter": "BL Mooney",
              "bowler": "L Cheatle",
              "non_striker": "SFM Devine",
              "runs": {
                "batter": 1,
                "extras": 0,
                "total": 1
              }
            },
            {
              "batter": "SFM Devine",
              "bowler": "L Cheatle",
              "non_striker": "BL Mooney",
              "runs": {
                "batter": 0,
                "extras": 0,
                "total": 0
              }
            }
          ]
        },
        {
          "over": 1,
          "deliveries": [
            {
              "batter": "BL Mooney",
              "bowler": "LCN Smith",
              "non_striker": "SFM Devine",
              "runs": {
                "batter": 0,
                "extras": 0,
                "total": 0
              }
            },
            {
              "batter": "BL Mooney",
              "bowler": "LCN Smith",
              "non_striker": "SFM Devine",
              "runs": {
                "batter": 1,
                "extras": 0,
                "total": 1
              }
            },
            {
              "batter": "SFM Devine",
              "bowler": "LCN Smith",
              "non_striker": "BL Mooney",
              "runs": {
                "batter": 0,
                "extras": 0,
                "total": 0
              }
            },
            {
              "batter": "SFM Devine",
              "bowler": "LCN Smith",
              "non_striker": "BL Mooney",
              "runs": {
                "batter": 6,
                "extras": 0,
                "total": 6
              }
            },
            {
              "batter": "SFM Devine",
              "bowler": "LCN Smith",
              "non_striker": "BL Mooney",
              "runs": {
                "batter": 4,
                "extras": 0,
                "total": 4
              }
            },
            {
              "batter": "SFM Devine",
              "bowler": "LCN Smith",
              "non_striker": "BL Mooney",
              "runs": {
                "batter": 1,
                "extras": 0,
                "total": 1
              }
            }
          ]
        },
        {
          "over": 2,
          "deliveries": [
            {
              "batter": "SFM Devine",
              "bowler": "L Cheatle",
              "extras": {
                "wides": 1
              },
              "non_striker": "BL Mooney",
              "runs": {
                "batter": 0,
                "extras": 1,
                "total": 1
              }
            },
            {
              "batter": "SFM Devine",
              "bowler": "L Cheatle",
              "non_striker": "BL Mooney",
              "runs": {
                "batter": 0,
                "extras": 0,
                "total": 0
              },
              "wickets": [
                {
                  "player_out": "SFM Devine",
                  "fielders": [
                    {
                      "name": "EA Perry"
                    }
                  ],
                  "kind": "run out"
                }
              ]
            },
            {
              "batter": "BL Mooney",
              "bowler": "L Cheatle",
              "non_striker": "M Darke",
              "runs": {
                "batter": 0,
                "extras": 0,
                "total": 0
              }
            },
            {
              "batter": "BL Mooney",
              "bowler": "L Cheatle",
              "non_striker": "M Darke",
              "runs": {
                "batter": 0,
                "extras": 0,
                "total": 0
              }
            },
            {
              "batter": "BL Mooney",
              "bowler": "L Cheatle",
              "non_striker": "M Darke",
              "runs": {
                "batter": 0,
                "extras": 0,
                "total": 0
              }
            },
            {
              "batter": "BL Mooney",
              "bowler": "L Cheatle",
              "non_striker": "M Darke",
              "runs": {
                "batter": 1,
                "extras": 0,
                "total": 1
              }
            },
            {
              "batter": "M Darke",
              "bowler": "L Cheatle",
              "non_striker": "BL Mooney",
              "runs": {
                "batter": 0,
                "extras": 0,
                "total": 0
              }
            }
          ]
        },
        {
          "over": 3,
          "deliveries": [
            {
              "batter": "BL Mooney",
              "bowler": "A Gardner",
              "extras": {
                "wides": 1
              },
              "non_striker": "M Darke",
              "runs": {
                "batter": 0,
                "extras": 1,
                "total": 1
              }
            },
            {
              "batter": "BL Mooney",
              "bowler": "A Gardner",
              "non_striker": "M Darke",
              "runs": {
                "batter": 6,
                "extras": 0,
                "total": 6
              }
            },
            {
              "batter": "BL Mooney",
              "bowler": "A Gardner",
              "non_striker": "M Darke",
              "runs": {
                "batter": 1,
                "extras": 0,
                "total": 1
              }
            },
            {
              "batter": "M Darke",
              "bowler": "A Gardner",
              "non_striker": "BL Mooney",
              "runs": {
                "batter": 0,
                "extras": 0,
                "total": 0
              },
              "wickets": [
                {
                  "player_out": "M Darke",
                  "fielders": [
                    {
                      "name": "EA Perry"
                    }
                  ],
                  "kind": "caught"
                }
              ]
            },
            {
              "batter": "NR Sciver-Brunt",
              "bowler": "A Gardner",
              "non_striker": "BL Mooney",
              "runs": {
                "batter": 4,
                "extras": 0,
                "total": 4
              }
            },
            {
              "batter": "NR Sciver-Brunt",
              "bowler": "A Gardner",
              "non_striker": "BL Mooney",
              "runs": {
                "batter": 0,
                "extras": 0,
                "total": 0
              }
            },
            {
              "batter": "NR Sciver-Brunt",
              "bowler": "A Gardner",
              "non_striker": "BL Mooney",
              "runs": {
                "batter": 0,
                "extras": 0,
                "total": 0
              }
            }
          ]
        },
        {
          "over": 4,
          "deliveries": [
            {
              "batter": "BL Mooney",
              "bowler": "EA Perry",
              "extras": {
                "wides": 1
              },
              "non_striker": "NR Sciver-Brunt",
              "runs": {
                "batter": 0,
                "extras": 1,
                "total": 1
              }
            },
            {
              "batter": "BL Mooney",
              "bowler": "EA Perry",
              "non_striker": "NR Sciver-Brunt",
              "runs": {
                "batter": 1,
                "extras": 0,
                "total": 1
              }
            },
            {
              "batter": "NR Sciver-Brunt",
              "bowler": "EA Perry",
              "non_striker": "BL Mooney",
              "runs": {
                "batter": 1,
                "extras": 0,
                "total": 1
              }
            },
            {
              "batter": "BL Mooney",
              "bowler": "EA Perry",
              "non_striker": "NR Sciver-Brunt",
              "runs": {
                "batter": 1,
                "extras": 0,
                "total": 1
              }
            },
            {
              "batter": "NR Sciver-Brunt",
              "bowler": "EA Perry",
              "non_striker": "BL Mooney",
              "runs": {
                "batter": 1,
                "extras": 0,
                "total": 1
              }
            },
            {
              "batter": "BL Mooney",
              "bowler": "EA Perry",
              "non_striker": "NR Sciver-Brunt",
              "runs": {
                "batter": 0,
                "extras": 0,
                "total": 0
              }
            },
            {
              "batter": "BL Mooney",
              "bowler": "EA Perry",
              "non_striker": "NR Sciver-Brunt",
              "runs": {
                "batter": 1,
                "extras": 0,
                "total": 1
              }
            }
          ]
        },
        {
          "over": 5,
          "deliveries": [
            {
              "batter": "BL Mooney",
              "bowler": "CL Tryon",
              "non_striker": "NR Sciver-Brunt",
              "runs": {
                "batter": 6,
                "extras": 0,
                "total": 6
              }
            },
            {
              "batter": "BL Mooney",
              "bowler": "CL Tryon",
              "non_striker": "NR Sciver-Brunt",
              "runs": {
                "batter": 1,
                "extras": 0,
                "total": 1
              }
            },
            {
              "batter": "NR Sciver-Brunt",
              "bowler": "CL Tryon",
              "non_striker": "BL Mooney",
              "runs": {
                "batter": 4,
                "extras": 0,
                "total": 4
              }
            },
            {
              "batter": "NR Sciver-Brunt",
              "bowler": "CL Tryon",
              "non_striker": "BL Mooney",
              "runs": {
                "batter": 1,
                "extras": 0,
                "total": 1
              }
            },
            {
              "batter": "BL Mooney",
              "bowler": "CL Tryon",
              "non_striker": "NR Sciver-Brunt",
              "runs": {
                "batter": 0,
                "extras": 0,
                "total": 0
              }
            },
            {
              "batter": "BL Mooney",
              "bowler": "CL Tryon",
              "non_striker": "NR Sciver-Brunt",
              "runs": {
                "batter": 6,
                "extras": 0,
                "total": 6
              }
            }
          ]
        },
        {
          "over": 6,
          "deliveries": [
            {
              "batter": "NR Sciver-Brunt",
              "bowler": "L Cheatle",
              "non_striker": "BL Mooney",
              "runs": {
                "batter": 1,
                "extras": 0,
                "total": 1
              }
            },
            {
              "batter": "BL Mooney",
              "bowler": "L Cheatle",
              "extras": {
                "legbyes": 1
              },
              "non_striker": "NR Sciver-Brunt",
              "runs": {
                "batter": 0,
                "extras": 1,
                "total": 1
              }
            },
            {
              "batter": "NR Sciver-Brunt",
              "bowler": "L Cheatle",
              "non_striker": "BL Mooney",
              "runs": {
                "batter": 4,
                "extras": 0,
                "total": 4
              }
            },
            {
              "batter": "NR Sciver-Brunt",
              "bowler": "L Cheatle",
              "non_striker": "BL Mooney",
              "runs": {
                "batter": 6,
                "extras": 0,
                "total": 6
              }
            },
            {
              "batter": "NR Sciver-Brunt",
              "bowler": "L Cheatle",
              "extras": {
                "legbyes": 1
              },
              "non_striker": "BL Mooney",
              "runs": {
                "batter": 0,
                "extras": 1,
                "total": 1
              }
            },
            {
              "batter": "BL Mooney",
              "bowler": "L Cheatle",
              "non_striker": "NR Sciver-Brunt",
              "runs": {
                "batter": 1,
                "extras": 0,
                "total": 1
              }
            }
          ]
        },
        {
          "over": 7,
          "deliveries": [
            {
              "batter": "BL Mooney",
              "bowler": "M Brown",
              "non_striker": "NR Sciver-Brunt",
              "runs": {
                "batter": 1,
                "extras": 0,
                "total": 1
              }
            },
            {
              "batter": "NR Sciver-Brunt",
              "bowler": "M Brown",
              "non_striker": "BL Mooney",
              "runs": {
                "batter": 2,
                "extras": 0,
                "total": 2
              }
            },
            {
              "batter": "NR Sciver-Brunt",
              "bowler": "M Brown",
              "non_striker": "BL Mooney",
              "runs": {
                "batter": 1,
                "extras": 0,
                "total": 1
              }
            },
            {
              "batter": "BL Mooney",
              "bowler": "M Brown",
              "non_striker": "NR Sciver-Brunt",
              "runs": {
                "batter": 0,
                "extras": 0,
                "total": 0
              }
            },
            {
              "batter": "BL Mooney",
              "bowler": "M Brown",
              "non_striker": "NR Sciver-Brunt",
              "runs": {
                "batter": 4,
                "extras": 0,
                "total": 4
              }
            },
            {
              "batter": "BL Mooney",
              "bowler": "M Brown",
              "non_striker": "NR Sciver-Brunt",
              "runs": {
                "batter": 0,
                "extras": 0,
                "total": 0
              }
            }
          ]
        },
        {
          "over": 8,
          "deliveries": [
            {
              "batter": "NR Sciver-Brunt",
              "bowler": "EA Perry",
              "non_striker": "BL Mooney",
              "runs": {
                "batter": 0,
                "extras": 0,
                "total": 0
              }
            },
            {
              "batter": "NR Sciver-Brunt",
              "bowler": "EA Perry",
              "non_striker": "BL Mooney",
              "runs": {
                "batter": 1,
                "extras": 0,
                "total": 1
              }
            },
            {
              "batter": "BL Mooney",
              "bowler": "EA Perry",
              "non_striker": "NR Sciver-Brunt",
              "runs": {
                "batter": 4,
                "extras": 0,
                "total": 4
              }
            },
            {
              "batter": "BL Mooney",
              "bowler": "EA Perry",
              "non_striker": "NR Sciver-Brunt",
              "runs": {
                "batter": 1,
                "extras": 0,
                "total": 1
              }
            },
            {
              "batter": "NR Sciver-Brunt",
              "bowler": "EA Perry",
              "non_striker": "BL Mooney",
              "runs": {
                "batter": 0,
                "extras": 0,
                "total": 0
              },
              "wickets": [
                {
                  "player_out": "NR Sciver-Brunt",
                  "kind": "bowled"
                }
              ]
            },
            {
              "batter": "AL Edgar",
              "bowler": "EA Perry",
              "non_striker": "BL Mooney",
              "runs": {
                "batter": 1,
                "extras": 0,
                "total": 1
              }
            }
          ]
        },
        {
          "over": 9,
          "deliveries": [
            {
              "batter": "AL Edgar",
              "bowler": "A Gardner",
              "non_striker": "BL Mooney",
              "runs": {
                "batter": 0,
                "extras": 0,
                "total": 0
              }
            },
            {
              "batter": "AL Edgar",
              "bowler": "A Gardner",
              "non_striker": "BL Mooney",
              "runs": {
                "batter": 1,
                "extras": 0,
                "total": 1
              }
            },
            {
              "batter": "BL Mooney",
              "bowler": "A Gardner",
              "non_striker": "AL Edgar",
              "runs": {
                "batter": 4,
                "extras": 0,
                "total": 4
              }
            },
            {
              "batter": "BL Mooney",
              "bowler": "A Gardner",
              "non_striker": "AL Edgar",
              "runs": {
                "batter": 0,
                "extras": 0,
                "total": 0
              }
            },
            {
              "batter": "BL Mooney",
              "bowler": "A Gardner",
              "non_striker": "AL Edgar",
              "runs": {
                "batter": 1,
                "extras": 0,
                "total": 1
              }
            },
            {
              "batter": "AL Edgar",
              "bowler": "A Gardner",
              "non_striker": "BL Mooney",
              "runs": {
                "batter": 4,
                "extras": 0,
                "total": 4
              }
            }
          ]
        },
        {
          "over": 10,
          "deliveries": [
            {
              "batter": "BL Mooney",
              "bowler": "LCN Smith",
              "non_striker": "AL Edgar",
              "runs": {
                "batter": 1,
                "extras": 0,
                "total": 1
              }
            },
            {
              "batter": "AL Edgar",
              "bowler": "LCN Smith",
              "non_striker": "BL Mooney",
              "runs": {
                "batter": 4,
                "extras": 0,
                "total": 4
              }
            },
            {
              "batter": "AL Edgar",
              "bowler": "LCN Smith",
              "non_striker": "BL Mooney",
              "runs": {
                "batter": 1,
                "extras": 0,
                "total": 1
              }
            },
            {
              "batter": "BL Mooney",
              "bowler": "LCN Smith",
              "non_striker": "AL Edgar",
              "runs": {
                "batter": 2,
                "extras": 0,
                "total": 2
              }
            },
            {
              "batter": "BL Mooney",
              "bowler": "LCN Smith",
              "non_striker": "AL Edgar",
              "runs": {
                "batter": 1,
                "extras": 0,
                "total": 1
              }
            },
            {
              "batter": "AL Edgar",
              "bowler": "LCN Smith",
              "non_striker": "BL Mooney",
              "runs": {
                "batter": 0,
                "extras": 0,
                "total": 0
              }
            }
          ]
        },
        {
          "over": 11,
          "deliveries": [
            {
              "batter": "BL Mooney",
              "bowler": "M Brown",
              "non_striker": "AL Edgar",
              "runs": {
                "batter": 6,
                "extras": 0,
                "total": 6
              }
            },
            {
              "batter": "BL Mooney",
              "bowler": "M Brown",
              "non_striker": "AL Edgar",
              "runs": {
                "batter": 4,
                "extras": 0,
                "total": 4
              }
            },
            {
              "batter": "BL Mooney",
              "bowler": "M Brown",
              "non_striker": "AL Edgar",
              "runs": {
                "batter": 0,
                "extras": 0,
                "total": 0
              }
            },
            {
              "batter": "BL Mooney",
              "bowler": "M Brown",
              "non_striker": "AL Edgar",
              "runs": {
                "batter": 1,
                "extras": 0,
                "total": 1
              }
            },
            {
              "batter": "AL Edgar",
              "bowler": "M Brown",
              "non_striker": "BL Mooney",
              "runs": {
                "batter": 0,
                "extras": 0,
                "total": 0
              }
            },
            {
              "batter": "AL Edgar",
              "bowler": "M Brown",
              "non_striker": "BL Mooney",
              "runs": {
                "batter": 0,
                "extras": 0,
                "total": 0
              }
            }
          ]
        },
        {
          "over": 12,
          "deliveries": [
            {
              "batter": "BL Mooney",
              "bowler": "EA Perry",
              "non_striker": "AL Edgar",
              "runs": {
                "batter": 4,
                "extras": 0,
                "total": 4
              }
            },
            {
              "batter": "BL Mooney",
              "bowler": "EA Perry",
              "non_striker": "AL Edgar",
              "runs": {
                "batter": 1,
                "extras": 0,
                "total": 1
              }
            },
            {
              "batter": "AL Edgar",
              "bowler": "EA Perry",
              "non_striker": "BL Mooney",
              "runs": {
                "batter": 0,
                "extras": 0,
                "total": 0
              }
            },
            {
              "batter": "AL Edgar",
              "bowler": "EA Perry",
              "non_striker": "BL Mooney",
              "runs": {
                "batter": 1,
                "extras": 0,
                "total": 1
              }
            },
            {
              "batter": "BL Mooney",
              "bowler": "EA Perry",
              "non_striker": "AL Edgar",
              "runs": {
                "batter": 1,
                "extras": 0,
                "total": 1
              }
            },
            {
              "batter": "AL Edgar",
              "bowler": "EA Perry",
              "non_striker": "BL Mooney",
              "runs": {
                "batter": 1,
                "extras": 0,
                "total": 1
              }
            }
          ]
        },
        {
          "over": 13,
          "deliveries": [
            {
              "batter": "AL Edgar",
              "bowler": "A Gardner",
              "non_striker": "BL Mooney",
              "runs": {
                "batter": 0,
                "extras": 0,
                "total": 0
              }
            },
            {
              "batter": "AL Edgar",
              "bowler": "A Gardner",
              "non_striker": "BL Mooney",
              "runs": {
                "batter": 0,
                "extras": 0,
                "total": 0
              }
            },
            {
              "batter": "AL Edgar",
              "bowler": "A Gardner",
              "non_striker": "BL Mooney",
              "runs": {
                "batter": 0,
                "extras": 0,
                "total": 0
              }
            },
            {
              "batter": "AL Edgar",
              "bowler": "A Gardner",
              "non_striker": "BL Mooney",
              "runs": {
                "batter": 0,
                "extras": 0,
                "total": 0
              },
              "wickets": [
                {
                  "player_out": "AL Edgar",
                  "fielders": [
                    {
                      "name": "EA Perry"
                    }
                  ],
                  "kind": "caught"
                }
              ]
            },
            {
              "batter": "AE Jones",
              "bowler": "A Gardner",
              "non_striker": "BL Mooney",
              "runs": {
                "batter": 1,
                "extras": 0,
                "total": 1
              }
            },
            {
              "batter": "BL Mooney",
              "bowler": "A Gardner",
              "non_striker": "AE Jones",
              "runs": {
                "batter": 4,
                "extras": 0,
                "total": 4
              }
            }
          ]
        },
        {
          "over": 14,
          "deliveries": [
            {
              "batter": "AE Jones",
              "bowler": "L Cheatle",
              "non_striker": "BL Mooney",
              "runs": {
                "batter": 2,
                "extras": 0,
                "total": 2
              }
            },
            {
              "batter": "AE Jones",
              "bowler": "L Cheatle",
              "non_striker": "BL Mooney",
              "runs": {
                "batter": 1,
                "extras": 0,
                "total": 1
              }
            },
            {
              "batter": "BL Mooney",
              "bowler": "L Cheatle",
              "non_striker": "AE Jones",
              "runs": {
                "batter": 4,
                "extras": 0,
                "total": 4
              }
            },
            {
              "batter": "BL Mooney",
              "bowler": "L Cheatle",
              "extras": {
                "legbyes": 1
              },
              "non_striker": "AE Jones",
              "runs": {
                "batter": 0,
                "extras": 1,
                "total": 1
              }
            },
            {
              "batter": "AE Jones",
              "bowler": "L Cheatle",
              "non_striker": "BL Mooney",
              "runs": {
                "batter": 4,
                "extras": 0,
                "total": 4
              }
            },
            {
              "batter": "AE Jones",
              "bowler": "L Cheatle",
              "non_striker": "BL Mooney",
              "runs": {
                "batter": 4,
                "extras": 0,
                "total": 4
              }
            }
          ]
        },
        {
          "over": 15,
          "deliveries": [
            {
              "batter": "BL Mooney",
              "bowler": "K Peterson",
              "non_striker": "AE Jones",
              "runs": {
                "batter": 0,
                "extras": 0,
                "total": 0
              }
            },
            {
              "batter": "BL Mooney",
              "bowler": "K Peterson",
              "extras": {
                "wides": 5
              },
              "non_striker": "AE Jones",
              "runs": {
                "batter": 0,
                "extras": 5,
                "total": 5
              }
            },
            {
              "batter": "BL Mooney",
              "bowler": "K Peterson",
              "non_striker": "AE Jones",
              "runs": {
                "batter": 4,
                "extras": 0,
                "total": 4
              }
            },
            {
              "batter": "BL Mooney",
              "bowler": "K Peterson",
              "non_striker": "AE Jones",
              "runs": {
                "batter": 0,
                "extras": 0,
                "total": 0
              }
            },
            {
              "batter": "BL Mooney",
              "bowler": "K Peterson",
              "non_striker": "AE Jones",
              "runs": {
                "batter": 1,
                "extras": 0,
                "total": 1
              }
            },
            {
              "batter": "AE Jones",
              "bowler": "K Peterson",
              "non_striker": "BL Mooney",
              "runs": {
                "batter": 1,
                "extras": 0,
                "total": 1
              }
            },
            {
              "batter": "BL Mooney",
              "bowler": "K Peterson",
              "non_striker": "AE Jones",
              "runs": {
                "batter": 0,
                "extras": 0,
                "total": 0
              }
            }
          ]
        },
        {
          "over": 16,
          "deliveries": [
            {
              "batter": "AE Jones",
              "bowler": "LCN Smith",
              "non_striker": "BL Mooney",
              "runs": {
                "batter": 1,
                "extras": 0,
                "total": 1
              }
            },
            {
              "batter": "BL Mooney",
              "bowler": "LCN Smith",
              "non_striker": "AE Jones",
              "runs": {
                "batter": 1,
                "extras": 0,
                "total": 1
              }
            },
            {
              "batter": "AE Jones",
              "bowler": "LCN Smith",
              "non_striker": "BL Mooney",
              "runs": {
                "batter": 4,
                "extras": 0,
                "total": 4
              }
            },
            {
              "batter": "AE Jones",
              "bowler": "LCN Smith",
              "non_striker": "BL Mooney",
              "runs": {
                "batter": 4,
                "extras": 0,
                "total": 4
              }
            },
            {
              "batter": "AE Jones",
              "bowler": "LCN Smith",
              "non_striker": "BL Mooney",
              "runs": {
                "batter": 4,
                "extras": 0,
                "total": 4
              }
            },
            {
              "batter": "AE Jones",
              "bowler": "LCN Smith",
              "non_striker": "BL Mooney",
              "runs": {
                "batter": 1,
                "extras": 0,
                "total": 1
              }
            }
          ]
        },
        {
          "over": 17,
          "deliveries": [
            {
              "batter": "AE Jones",
              "bowler": "EA Perry",
              "non_striker": "BL Mooney",
              "runs": {
                "batter": 1,
                "extras": 0,
                "total": 1
              }
            },
            {
              "batter": "BL Mooney",
              "bowler": "EA Perry",
              "extras": {
                "legbyes": 1
              },
              "non_striker": "AE Jones",
              "runs": {
                "batter": 0,
                "extras": 1,
                "total": 1
              }
            },
            {
              "batter": "AE Jones",
              "bowler": "EA Perry",
              "non_striker": "BL Mooney",
              "runs": {
                "batter": 0,
                "extras": 0,
                "total": 0
              },
              "wickets": [
                {
                  "player_out": "AE Jones",
                  "fielders": [
                    {
                      "name": "EA Burns"
                    }
                  ],
                  "kind": "caught"
                }
              ]
            },
            {
              "batter": "A King",
              "bowler": "EA Perry",
              "non_striker": "BL Mooney",
              "runs": {
                "batter": 0,
                "extras": 0,
                "total": 0
              }
            },
            {
              "batter": "A King",
              "bowler": "EA Perry",
              "non_striker": "BL Mooney",
              "runs": {
                "batter": 4,
                "extras": 0,
                "total": 4
              }
            },
            {
              "batter": "A King",
              "bowler": "EA Perry",
              "non_striker": "BL Mooney",
              "runs": {
                "batter": 0,
                "extras": 0,
                "total": 0
              }
            }
          ]
        },
        {
          "over": 18,
          "deliveries": [
            {
              "batter": "BL Mooney",
              "bowler": "LCN Smith",
              "non_striker": "A King",
              "runs": {
                "batter": 1,
                "extras": 0,
                "total": 1
              }
            },
            {
              "batter": "A King",
              "bowler": "LCN Smith",
              "non_striker": "BL Mooney",
              "runs": {
                "batter": 1,
                "extras": 0,
                "total": 1
              }
            },
            {
              "batter": "BL Mooney",
              "bowler": "LCN Smith",
              "non_striker": "A King",
              "runs": {
                "batter": 2,
                "extras": 0,
                "total": 2
              }
            },
            {
              "batter": "BL Mooney",
              "bowler": "LCN Smith",
              "non_striker": "A King",
              "runs": {
                "batter": 1,
                "extras": 0,
                "total": 1
              }
            },
            {
              "batter": "A King",
              "bowler": "LCN Smith",
              "non_striker": "BL Mooney",
              "runs": {
                "batter": 0,
                "extras": 0,
                "total": 0
              }
            },
            {
              "batter": "A King",
              "bowler": "LCN Smith",
              "non_striker": "BL Mooney",
              "runs": {
                "batter": 0,
                "extras": 0,
                "total": 0
              }
            }
          ]
        },
        {
          "over": 19,
          "deliveries": [
            {
              "batter": "BL Mooney",
              "bowler": "A Gardner",
              "non_striker": "A King",
              "runs": {
                "batter": 2,
                "extras": 0,
                "total": 2
              }
            },
            {
              "batter": "BL Mooney",
              "bowler": "A Gardner",
              "non_striker": "A King",
              "runs": {
                "batter": 4,
                "extras": 0,
                "total": 4
              }
            },
            {
              "batter": "BL Mooney",
              "bowler": "A Gardner",
              "non_striker": "A King",
              "runs": {
                "batter": 1,
                "extras": 0,
                "total": 1
              },
              "wickets": [
                {
                  "player_out": "A King",
                  "fielders": [
                    {
                      "name": "A Gardner"
                    },
                    {
                      "name": "CL Tryon"
                    }
                  ],
                  "kind": "run out"
                }
              ]
            },
            {
              "batter": "BL Mooney",
              "bowler": "A Gardner",
              "non_striker": "P Cleary",
              "runs": {
                "batter": 2,
                "extras": 0,
                "total": 2
              }
            },
            {
              "batter": "BL Mooney",
              "bowler": "A Gardner",
              "non_striker": "P Cleary",
              "runs": {
                "batter": 1,
                "extras": 0,
                "total": 1
              }
            },
            {
              "batter": "P Cleary",
              "bowler": "A Gardner",
              "non_striker": "BL Mooney",
              "runs": {
                "batter": 2,
                "extras": 0,
                "total": 2
              }
            }
          ]
        }
      ],
      "powerplays": [
        {
          "from": 0.1,
          "to": 3.7,
          "type": "mandatory"
        },
        {
          "from": 13.1,
          "to": 14.6,
          "type": "batting"
        }
      ]
    },
    {
      "team": "Sydney Sixers",
      "overs": [
        {
          "over": 0,
          "deliveries": [
            {
              "batter": "EA Perry",
              "bowler": "T Peschel",
              "extras": {
                "wides": 1
              },
              "non_striker": "M Brown",
              "runs": {
                "batter": 0,
                "extras": 1,
                "total": 1
              }
            },
            {
              "batter": "EA Perry",
              "bowler": "T Peschel",
              "non_striker": "M Brown",
              "runs": {
                "batter": 0,
                "extras": 0,
                "total": 0
              }
            },
            {
              "batter": "EA Perry",
              "bowler": "T Peschel",
              "non_striker": "M Brown",
              "runs": {
                "batter": 0,
                "extras": 0,
                "total": 0
              }
            },
            {
              "batter": "EA Perry",
              "bowler": "T Peschel",
              "non_striker": "M Brown",
              "runs": {
                "batter": 0,
                "extras": 0,
                "total": 0
              }
            },
            {
              "batter": "EA Perry",
              "bowler": "T Peschel",
              "non_striker": "M Brown",
              "runs": {
                "batter": 1,
                "extras": 0,
                "total": 1
              }
            },
            {
              "batter": "M Brown",
              "bowler": "T Peschel",
              "non_striker": "EA Perry",
              "runs": {
                "batter": 0,
                "extras": 0,
                "total": 0
              }
            },
            {
              "batter": "M Brown",
              "bowler": "T Peschel",
              "non_striker": "EA Perry",
              "runs": {
                "batter": 1,
                "extras": 0,
                "total": 1
              }
            }
          ]
        },
        {
          "over": 1,
          "deliveries": [
            {
              "batter": "M Brown",
              "bowler": "CC Ainsworth",
              "extras": {
                "wides": 1
              },
              "non_striker": "EA Perry",
              "runs": {
                "batter": 0,
                "extras": 1,
                "total": 1
              }
            },
            {
              "batter": "M Brown",
              "bowler": "CC Ainsworth",
              "extras": {
                "legbyes": 1
              },
              "non_striker": "EA Perry",
              "runs": {
                "batter": 0,
                "extras": 1,
                "total": 1
              }
            },
            {
              "batter": "EA Perry",
              "bowler": "CC Ainsworth",
              "extras": {
                "wides": 1
              },
              "non_striker": "M Brown",
              "runs": {
                "batter": 0,
                "extras": 1,
                "total": 1
              }
            },
            {
              "batter": "EA Perry",
              "bowler": "CC Ainsworth",
              "non_striker": "M Brown",
              "runs": {
                "batter": 0,
                "extras": 0,
                "total": 0
              }
            },
            {
              "batter": "EA Perry",
              "bowler": "CC Ainsworth",
              "non_striker": "M Brown",
              "runs": {
                "batter": 0,
                "extras": 0,
                "total": 0
              }
            },
            {
              "batter": "EA Perry",
              "bowler": "CC Ainsworth",
              "non_striker": "M Brown",
              "runs": {
                "batter": 0,
                "extras": 0,
                "total": 0
              }
            },
            {
              "batter": "EA Perry",
              "bowler": "CC Ainsworth",
              "non_striker": "M Brown",
              "runs": {
                "batter": 4,
                "extras": 0,
                "total": 4
              }
            },
            {
              "batter": "EA Perry",
              "bowler": "CC Ainsworth",
              "non_striker": "M Brown",
              "runs": {
                "batter": 0,
                "extras": 0,
                "total": 0
              }
            }
          ]
        },
        {
          "over": 2,
          "deliveries": [
            {
              "batter": "M Brown",
              "bowler": "T Peschel",
              "non_striker": "EA Perry",
              "runs": {
                "batter": 4,
                "extras": 0,
                "total": 4
              }
            },
            {
              "batter": "M Brown",
              "bowler": "T Peschel",
              "non_striker": "EA Perry",
              "runs": {
                "batter": 0,
                "extras": 0,
                "total": 0
              }
            },
            {
              "batter": "M Brown",
              "bowler": "T Peschel",
              "extras": {
                "noballs": 1
              },
              "non_striker": "EA Perry",
              "runs": {
                "batter": 0,
                "extras": 1,
                "total": 1
              }
            },
            {
              "batter": "M Brown",
              "bowler": "T Peschel",
              "non_striker": "EA Perry",
              "runs": {
                "batter": 1,
                "extras": 0,
                "total": 1
              }
            },
            {
              "batter": "EA Perry",
              "bowler": "T Peschel",
              "non_striker": "M Brown",
              "runs": {
                "batter": 4,
                "extras": 0,
                "total": 4
              }
            },
            {
              "batter": "EA Perry",
              "bowler": "T Peschel",
              "non_striker": "M Brown",
              "runs": {
                "batter": 4,
                "extras": 0,
                "total": 4
              }
            },
            {
              "batter": "EA Perry",
              "bowler": "T Peschel",
              "non_striker": "M Brown",
              "runs": {
                "batter": 0,
                "extras": 0,
                "total": 0
              }
            }
          ]
        },
        {
          "over": 3,
          "deliveries": [
            {
              "batter": "M Brown",
              "bowler": "AL Edgar",
              "non_striker": "EA Perry",
              "runs": {
                "batter": 0,
                "extras": 0,
                "total": 0
              },
              "wickets": [
                {
                  "player_out": "M Brown",
                  "fielders": [
                    {
                      "name": "M Darke"
                    }
                  ],
                  "kind": "caught"
                }
              ]
            },
            {
              "batter": "A Gardner",
              "bowler": "AL Edgar",
              "non_striker": "EA Perry",
              "runs": {
                "batter": 0,
                "extras": 0,
                "total": 0
              }
            },
            {
              "batter": "A Gardner",
              "bowler": "AL Edgar",
              "non_striker": "EA Perry",
              "runs": {
                "batter": 1,
                "extras": 0,
                "total": 1
              }
            },
            {
              "batter": "EA Perry",
              "bowler": "AL Edgar",
              "non_striker": "A Gardner",
              "runs": {
                "batter": 1,
                "extras": 0,
                "total": 1
              }
            },
            {
              "batter": "A Gardner",
              "bowler": "AL Edgar",
              "non_striker": "EA Perry",
              "runs": {
                "batter": 4,
                "extras": 0,
                "total": 4
              }
            },
            {
              "batter": "A Gardner",
              "bowler": "AL Edgar",
              "non_striker": "EA Perry",
              "runs": {
                "batter": 0,
                "extras": 0,
                "total": 0
              }
            }
          ]
        },
        {
          "over": 4,
          "deliveries": [
            {
              "batter": "EA Perry",
              "bowler": "P Cleary",
              "non_striker": "A Gardner",
              "runs": {
                "batter": 1,
                "extras": 0,
                "total": 1
              }
            },
            {
              "batter": "A Gardner",
              "bowler": "P Cleary",
              "extras": {
                "wides": 1
              },
              "non_striker": "EA Perry",
              "runs": {
                "batter": 0,
                "extras": 1,
                "total": 1
              }
            },
            {
              "batter": "A Gardner",
              "bowler": "P Cleary",
              "non_striker": "EA Perry",
              "runs": {
                "batter": 1,
                "extras": 0,
                "total": 1
              }
            },
            {
              "batter": "EA Perry",
              "bowler": "P Cleary",
              "non_striker": "A Gardner",
              "runs": {
                "batter": 0,
                "extras": 0,
                "total": 0
              }
            },
            {
              "batter": "EA Perry",
              "bowler": "P Cleary",
              "non_striker": "A Gardner",
              "runs": {
                "batter": 4,
                "extras": 0,
                "total": 4
              }
            },
            {
              "batter": "EA Perry",
              "bowler": "P Cleary",
              "non_striker": "A Gardner",
              "runs": {
                "batter": 0,
                "extras": 0,
                "total": 0
              }
            },
            {
              "batter": "EA Perry",
              "bowler": "P Cleary",
              "non_striker": "A Gardner",
              "runs": {
                "batter": 1,
                "extras": 0,
                "total": 1
              }
            }
          ]
        },
        {
          "over": 5,
          "deliveries": [
            {
              "batter": "EA Perry",
              "bowler": "A King",
              "extras": {
                "wides": 1
              },
              "non_striker": "A Gardner",
              "runs": {
                "batter": 0,
                "extras": 1,
                "total": 1
              }
            },
            {
              "batter": "EA Perry",
              "bowler": "A King",
              "non_striker": "A Gardner",
              "runs": {
                "batter": 0,
                "extras": 0,
                "total": 0
              }
            },
            {
              "batter": "EA Perry",
              "bowler": "A King",
              "non_striker": "A Gardner",
              "runs": {
                "batter": 1,
                "extras": 0,
                "total": 1
              }
            },
            {
              "batter": "A Gardner",
              "bowler": "A King",
              "non_striker": "EA Perry",
              "runs": {
                "batter": 0,
                "extras": 0,
                "total": 0
              }
            },
            {
              "batter": "A Gardner",
              "bowler": "A King",
              "non_striker": "EA Perry",
              "runs": {
                "batter": 0,
                "extras": 0,
                "total": 0
              }
            },
            {
              "batter": "A Gardner",
              "bowler": "A King",
              "non_striker": "EA Perry",
              "runs": {
                "batter": 0,
                "extras": 0,
                "total": 0
              }
            },
            {
              "batter": "A Gardner",
              "bowler": "A King",
              "non_striker": "EA Perry",
              "runs": {
                "batter": 0,
                "extras": 0,
                "total": 0
              }
            }
          ]
        },
        {
          "over": 6,
          "deliveries": [
            {
              "batter": "EA Perry",
              "bowler": "CC Ainsworth",
              "non_striker": "A Gardner",
              "runs": {
                "batter": 1,
                "extras": 0,
                "total": 1
              }
            },
            {
              "batter": "A Gardner",
              "bowler": "CC Ainsworth",
              "non_striker": "EA Perry",
              "runs": {
                "batter": 0,
                "extras": 0,
                "total": 0
              }
            },
            {
              "batter": "A Gardner",
              "bowler": "CC Ainsworth",
              "non_striker": "EA Perry",
              "runs": {
                "batter": 0,
                "extras": 0,
                "total": 0
              },
              "wickets": [
                {
                  "player_out": "A Gardner",
                  "fielders": [
                    {
                      "name": "AL Edgar"
                    }
                  ],
                  "kind": "caught"
                }
              ]
            },
            {
              "batter": "EA Burns",
              "bowler": "CC Ainsworth",
              "non_striker": "EA Perry",
              "runs": {
                "batter": 0,
                "extras": 0,
                "total": 0
              }
            },
            {
              "batter": "EA Burns",
              "bowler": "CC Ainsworth",
              "non_striker": "EA Perry",
              "runs": {
                "batter": 2,
                "extras": 0,
                "total": 2
              }
            },
            {
              "batter": "EA Burns",
              "bowler": "CC Ainsworth",
              "non_striker": "EA Perry",
              "runs": {
                "batter": 1,
                "extras": 0,
                "total": 1
              }
            }
          ]
        },
        {
          "over": 7,
          "deliveries": [
            {
              "batter": "EA Burns",
              "bowler": "L Mills",
              "non_striker": "EA Perry",
              "runs": {
                "batter": 1,
                "extras": 0,
                "total": 1
              }
            },
            {
              "batter": "EA Perry",
              "bowler": "L Mills",
              "non_striker": "EA Burns",
              "runs": {
                "batter": 1,
                "extras": 0,
                "total": 1
              }
            },
            {
              "batter": "EA Burns",
              "bowler": "L Mills",
              "non_striker": "EA Perry",
              "runs": {
                "batter": 0,
                "extras": 0,
                "total": 0
              }
            },
            {
              "batter": "EA Burns",
              "bowler": "L Mills",
              "non_striker": "EA Perry",
              "runs": {
                "batter": 1,
                "extras": 0,
                "total": 1
              }
            },
            {
              "batter": "EA Perry",
              "bowler": "L Mills",
              "non_striker": "EA Burns",
              "runs": {
                "batter": 4,
                "extras": 0,
                "total": 4
              }
            },
            {
              "batter": "EA Perry",
              "bowler": "L Mills",
              "non_striker": "EA Burns",
              "runs": {
                "batter": 6,
                "extras": 0,
                "total": 6
              }
            }
          ]
        },
        {
          "over": 8,
          "deliveries": [
            {
              "batter": "EA Burns",
              "bowler": "P Cleary",
              "non_striker": "EA Perry",
              "runs": {
                "batter": 0,
                "extras": 0,
                "total": 0
              }
            },
            {
              "batter": "EA Burns",
              "bowler": "P Cleary",
              "non_striker": "EA Perry",
              "runs": {
                "batter": 0,
                "extras": 0,
                "total": 0
              }
            },
            {
              "batter": "EA Burns",
              "bowler": "P Cleary",
              "non_striker": "EA Perry",
              "runs": {
                "batter": 0,
                "extras": 0,
                "total": 0
              }
            },
            {
              "batter": "EA Burns",
              "bowler": "P Cleary",
              "non_striker": "EA Perry",
              "runs": {
                "batter": 4,
                "extras": 0,
                "total": 4
              }
            },
            {
              "batter": "EA Burns",
              "bowler": "P Cleary",
              "non_striker": "EA Perry",
              "runs": {
                "batter": 0,
                "extras": 0,
                "total": 0
              },
              "wickets": [
                {
                  "player_out": "EA Burns",
                  "fielders": [
                    {
                      "name": "AE Jones"
                    }
                  ],
                  "kind": "run out"
                }
              ]
            },
            {
              "batter": "EA Perry",
              "bowler": "P Cleary",
              "non_striker": "CL Tryon",
              "runs": {
                "batter": 0,
                "extras": 0,
                "total": 0
              }
            }
          ]
        },
        {
          "over": 9,
          "deliveries": [
            {
              "batter": "CL Tryon",
              "bowler": "A King",
              "non_striker": "EA Perry",
              "runs": {
                "batter": 0,
                "extras": 0,
                "total": 0
              }
            },
            {
              "batter": "CL Tryon",
              "bowler": "A King",
              "non_striker": "EA Perry",
              "runs": {
                "batter": 1,
                "extras": 0,
                "total": 1
              }
            },
            {
              "batter": "EA Perry",
              "bowler": "A King",
              "non_striker": "CL Tryon",
              "runs": {
                "batter": 6,
                "extras": 0,
                "total": 6
              }
            },
            {
              "batter": "EA Perry",
              "bowler": "A King",
              "non_striker": "CL Tryon",
              "runs": {
                "batter": 1,
                "extras": 0,
                "total": 1
              }
            },
            {
              "batter": "CL Tryon",
              "bowler": "A King",
              "non_striker": "EA Perry",
              "runs": {
                "batter": 0,
                "extras": 0,
                "total": 0
              }
            },
            {
              "batter": "CL Tryon",
              "bowler": "A King",
              "non_striker": "EA Perry",
              "runs": {
                "batter": 1,
                "extras": 0,
                "total": 1
              }
            }
          ]
        },
        {
          "over": 10,
          "deliveries": [
            {
              "batter": "CL Tryon",
              "bowler": "CC Ainsworth",
              "non_striker": "EA Perry",
              "runs": {
                "batter": 0,
                "extras": 0,
                "total": 0
              }
            },
            {
              "batter": "CL Tryon",
              "bowler": "CC Ainsworth",
              "non_striker": "EA Perry",
              "runs": {
                "batter": 1,
                "extras": 0,
                "total": 1
              }
            },
            {
              "batter": "EA Perry",
              "bowler": "CC Ainsworth",
              "non_striker": "CL Tryon",
              "runs": {
                "batter": 0,
                "extras": 0,
                "total": 0
              }
            },
            {
              "batter": "EA Perry",
              "bowler": "CC Ainsworth",
              "non_striker": "CL Tryon",
              "runs": {
                "batter": 0,
                "extras": 0,
                "total": 0
              },
              "wickets": [
                {
                  "player_out": "EA Perry",
                  "fielders": [
                    {
                      "name": "P Cleary"
                    }
                  ],
                  "kind": "run out"
                }
              ]
            },
            {
              "batter": "CL Tryon",
              "bowler": "CC Ainsworth",
              "non_striker": "SW Bates",
              "runs": {
                "batter": 0,
                "extras": 0,
                "total": 0
              }
            },
            {
              "batter": "CL Tryon",
              "bowler": "CC Ainsworth",
              "extras": {
                "legbyes": 1
              },
              "non_striker": "SW Bates",
              "runs": {
                "batter": 0,
                "extras": 1,
                "total": 1
              }
            }
          ]
        },
        {
          "over": 11,
          "deliveries": [
            {
              "batter": "CL Tryon",
              "bowler": "AL Edgar",
              "non_striker": "SW Bates",
              "runs": {
                "batter": 1,
                "extras": 0,
                "total": 1
              }
            },
            {
              "batter": "SW Bates",
              "bowler": "AL Edgar",
              "non_striker": "CL Tryon",
              "runs": {
                "batter": 4,
                "extras": 0,
                "total": 4
              }
            },
            {
              "batter": "SW Bates",
              "bowler": "AL Edgar",
              "non_striker": "CL Tryon",
              "runs": {
                "batter": 1,
                "extras": 0,
                "total": 1
              }
            },
            {
              "batter": "CL Tryon",
              "bowler": "AL Edgar",
              "non_striker": "SW Bates",
              "runs": {
                "batter": 4,
                "extras": 0,
                "total": 4
              }
            },
            {
              "batter": "CL Tryon",
              "bowler": "AL Edgar",
              "non_striker": "SW Bates",
              "runs": {
                "batter": 1,
                "extras": 0,
                "total": 1
              }
            },
            {
              "batter": "SW Bates",
              "bowler": "AL Edgar",
              "non_striker": "CL Tryon",
              "runs": {
                "batter": 1,
                "extras": 0,
                "total": 1
              }
            }
          ]
        },
        {
          "over": 12,
          "deliveries": [
            {
              "batter": "SW Bates",
              "bowler": "P Cleary",
              "non_striker": "CL Tryon",
              "runs": {
                "batter": 4,
                "extras": 0,
                "total": 4
              }
            },
            {
              "batter": "SW Bates",
              "bowler": "P Cleary",
              "non_striker": "CL Tryon",
              "runs": {
                "batter": 1,
                "extras": 0,
                "total": 1
              }
            },
            {
              "batter": "CL Tryon",
              "bowler": "P Cleary",
              "non_striker": "SW Bates",
              "runs": {
                "batter": 4,
                "extras": 0,
                "total": 4
              }
            },
            {
              "batter": "CL Tryon",
              "bowler": "P Cleary",
              "non_striker": "SW Bates",
              "runs": {
                "batter": 0,
                "extras": 0,
                "total": 0
              },
              "wickets": [
                {
                  "player_out": "CL Tryon",
                  "kind": "bowled"
                }
              ]
            },
            {
              "batter": "M Carmichael",
              "bowler": "P Cleary",
              "non_striker": "SW Bates",
              "runs": {
                "batter": 0,
                "extras": 0,
                "total": 0
              }
            },
            {
              "batter": "M Carmichael",
              "bowler": "P Cleary",
              "non_striker": "SW Bates",
              "runs": {
                "batter": 1,
                "extras": 0,
                "total": 1
              }
            }
          ]
        },
        {
          "over": 13,
          "deliveries": [
            {
              "batter": "M Carmichael",
              "bowler": "A King",
              "non_striker": "SW Bates",
              "runs": {
                "batter": 1,
                "extras": 0,
                "total": 1
              }
            },
            {
              "batter": "SW Bates",
              "bowler": "A King",
              "non_striker": "M Carmichael",
              "runs": {
                "batter": 0,
                "extras": 0,
                "total": 0
              },
              "wickets": [
                {
                  "player_out": "SW Bates",
                  "kind": "lbw"
                }
              ]
            },
            {
              "batter": "KM Pelle",
              "bowler": "A King",
              "non_striker": "M Carmichael",
              "runs": {
                "batter": 1,
                "extras": 0,
                "total": 1
              }
            },
            {
              "batter": "M Carmichael",
              "bowler": "A King",
              "non_striker": "KM Pelle",
              "runs": {
                "batter": 0,
                "extras": 0,
                "total": 0
              }
            },
            {
              "batter": "M Carmichael",
              "bowler": "A King",
              "non_striker": "KM Pelle",
              "runs": {
                "batter": 0,
                "extras": 0,
                "total": 0
              },
              "wickets": [
                {
                  "player_out": "M Carmichael",
                  "kind": "caught and bowled"
                }
              ]
            },
            {
              "batter": "K Peterson",
              "bowler": "A King",
              "non_striker": "KM Pelle",
              "runs": {
                "batter": 4,
                "extras": 0,
                "total": 4
              }
            }
          ]
        },
        {
          "over": 14,
          "deliveries": [
            {
              "batter": "KM Pelle",
              "bowler": "T Peschel",
              "non_striker": "K Peterson",
              "runs": {
                "batter": 0,
                "extras": 0,
                "total": 0
              },
              "wickets": [
                {
                  "player_out": "KM Pelle",
                  "kind": "bowled"
                }
              ]
            },
            {
              "batter": "LCN Smith",
              "bowler": "T Peschel",
              "non_striker": "K Peterson",
              "runs": {
                "batter": 1,
                "extras": 0,
                "total": 1
              }
            },
            {
              "batter": "K Peterson",
              "bowler": "T Peschel",
              "non_striker": "LCN Smith",
              "runs": {
                "batter": 1,
                "extras": 0,
                "total": 1
              }
            },
            {
              "batter": "LCN Smith",
              "bowler": "T Peschel",
              "non_striker": "K Peterson",
              "runs": {
                "batter": 0,
                "extras": 0,
                "total": 0
              }
            },
            {
              "batter": "LCN Smith",
              "bowler": "T Peschel",
              "non_striker": "K Peterson",
              "runs": {
                "batter": 0,
                "extras": 0,
                "total": 0
              }
            },
            {
              "batter": "LCN Smith",
              "bowler": "T Peschel",
              "non_striker": "K Peterson",
              "runs": {
                "batter": 1,
                "extras": 0,
                "total": 1
              }
            }
          ]
        },
        {
          "over": 15,
          "deliveries": [
            {
              "batter": "LCN Smith",
              "bowler": "AL Edgar",
              "non_striker": "K Peterson",
              "runs": {
                "batter": 1,
                "extras": 0,
                "total": 1
              }
            },
            {
              "batter": "K Peterson",
              "bowler": "AL Edgar",
              "non_striker": "LCN Smith",
              "runs": {
                "batter": 1,
                "extras": 0,
                "total": 1
              }
            },
            {
              "batter": "LCN Smith",
              "bowler": "AL Edgar",
              "non_striker": "K Peterson",
              "runs": {
                "batter": 0,
                "extras": 0,
                "total": 0
              }
            },
            {
              "batter": "LCN Smith",
              "bowler": "AL Edgar",
              "non_striker": "K Peterson",
              "runs": {
                "batter": 1,
                "extras": 0,
                "total": 1
              }
            },
            {
              "batter": "K Peterson",
              "bowler": "AL Edgar",
              "non_striker": "LCN Smith",
              "runs": {
                "batter": 0,
                "extras": 0,
                "total": 0
              }
            },
            {
              "batter": "K Peterson",
              "bowler": "AL Edgar",
              "non_striker": "LCN Smith",
              "runs": {
                "batter": 0,
                "extras": 0,
                "total": 0
              }
            }
          ]
        },
        {
          "over": 16,
          "deliveries": [
            {
              "batter": "LCN Smith",
              "bowler": "CC Ainsworth",
              "non_striker": "K Peterson",
              "runs": {
                "batter": 0,
                "extras": 0,
                "total": 0
              }
            },
            {
              "batter": "LCN Smith",
              "bowler": "CC Ainsworth",
              "non_striker": "K Peterson",
              "runs": {
                "batter": 0,
                "extras": 0,
                "total": 0
              }
            },
            {
              "batter": "LCN Smith",
              "bowler": "CC Ainsworth",
              "non_striker": "K Peterson",
              "runs": {
                "batter": 1,
                "extras": 0,
                "total": 1
              }
            },
            {
              "batter": "K Peterson",
              "bowler": "CC Ainsworth",
              "extras": {
                "legbyes": 1
              },
              "non_striker": "LCN Smith",
              "runs": {
                "batter": 0,
                "extras": 1,
                "total": 1
              }
            },
            {
              "batter": "LCN Smith",
              "bowler": "CC Ainsworth",
              "non_striker": "K Peterson",
              "runs": {
                "batter": 0,
                "extras": 0,
                "total": 0
              },
              "wickets": [
                {
                  "player_out": "LCN Smith",
                  "kind": "bowled"
                }
              ]
            },
            {
              "batter": "L Cheatle",
              "bowler": "CC Ainsworth",
              "non_striker": "K Peterson",
              "runs": {
                "batter": 0,
                "extras": 0,
                "total": 0
              }
            }
          ]
        },
        {
          "over": 17,
          "deliveries": [
            {
              "batter": "K Peterson",
              "bowler": "L Mills",
              "non_striker": "L Cheatle",
              "runs": {
                "batter": 1,
                "extras": 0,
                "total": 1
              }
            },
            {
              "batter": "L Cheatle",
              "bowler": "L Mills",
              "non_striker": "K Peterson",
              "runs": {
                "batter": 0,
                "extras": 0,
                "total": 0
              }
            },
            {
              "batter": "L Cheatle",
              "bowler": "L Mills",
              "extras": {
                "byes": 4
              },
              "non_striker": "K Peterson",
              "runs": {
                "batter": 0,
                "extras": 4,
                "total": 4
              }
            },
            {
              "batter": "L Cheatle",
              "bowler": "L Mills",
              "non_striker": "K Peterson",
              "runs": {
                "batter": 1,
                "extras": 0,
                "total": 1
              }
            },
            {
              "batter": "K Peterson",
              "bowler": "L Mills",
              "non_striker": "L Cheatle",
              "runs": {
                "batter": 0,
                "extras": 0,
                "total": 0
              }
            },
            {
              "batter": "K Peterson",
              "bowler": "L Mills",
              "non_striker": "L Cheatle",
              "runs": {
                "batter": 1,
                "extras": 0,
                "total": 1
              }
            }
          ]
        },
        {
          "over": 18,
          "deliveries": [
            {
              "batter": "K Peterson",
              "bowler": "A King",
              "extras": {
                "legbyes": 1
              },
              "non_striker": "L Cheatle",
              "runs": {
                "batter": 0,
                "extras": 1,
                "total": 1
              }
            },
            {
              "batter": "L Cheatle",
              "bowler": "A King",
              "non_striker": "K Peterson",
              "runs": {
                "batter": 1,
                "extras": 0,
                "total": 1
              }
            },
            {
              "batter": "K Peterson",
              "bowler": "A King",
              "non_striker": "L Cheatle",
              "runs": {
                "batter": 1,
                "extras": 0,
                "total": 1
              }
            },
            {
              "batter": "L Cheatle",
              "bowler": "A King",
              "non_striker": "K Peterson",
              "runs": {
                "batter": 4,
                "extras": 0,
                "total": 4
              }
            },
            {
              "batter": "L Cheatle",
              "bowler": "A King",
              "non_striker": "K Peterson",
              "runs": {
                "batter": 0,
                "extras": 0,
                "total": 0
              }
            },
            {
              "batter": "L Cheatle",
              "bowler": "A King",
              "non_striker": "K Peterson",
              "runs": {
                "batter": 4,
                "extras": 0,
                "total": 4
              }
            }
          ]
        },
        {
          "over": 19,
          "deliveries": [
            {
              "batter": "K Peterson",
              "bowler": "AL Edgar",
              "non_striker": "L Cheatle",
              "runs": {
                "batter": 1,
                "extras": 0,
                "total": 1
              }
            },
            {
              "batter": "L Cheatle",
              "bowler": "AL Edgar",
              "non_striker": "K Peterson",
              "runs": {
                "batter": 1,
                "extras": 0,
                "total": 1
              }
            },
            {
              "batter": "K Peterson",
              "bowler": "AL Edgar",
              "non_striker": "L Cheatle",
              "runs": {
                "batter": 0,
                "extras": 0,
                "total": 0
              },
              "wickets": [
                {
                  "player_out": "K Peterson",
                  "fielders": [
                    {
                      "name": "BL Mooney"
                    }
                  ],
                  "kind": "caught"
                }
              ]
            }
          ]
        }
      ],
      "powerplays": [
        {
          "from": 0.1,
          "to": 3.6,
          "type": "mandatory"
        },
        {
          "from": 14.1,
          "to": 15.6,
          "type": "batting"
        }
      ],
      "target": {
        "overs": 20,
        "runs": 190
      }
    }
  ]
}