{
  "meta": {
    "data_version": "1.1.0",
    "created": "2023-11-11",
    "revision": 1
  },
  "info": {
    "balls_per_over": 6,
    "city": "Mackay",
    "dates": [
      "2023-11-11"
    ],
    "event": {
      "name": "Women's Big Bash League",
      "match_number": 35
    },
    "gender": "female",
    "match_type": "T20",
    "officials": {
      "match_referees": [
        "Kepler Wessels"
      ],
      "umpires": [
        "N James",
        "T Logan"
      ]
    },
    "outcome": {
      "winner": "Brisbane Heat",
      "by": {
        "wickets": 4
      }
    },
    "overs": 20,
    "player_of_match": [
      "M du Preez"
    ],
    "players": {
      "Adelaide Strikers": [
        "KM Mack",
        "L Wolvaardt",
        "TM McGrath",
        "BE Patterson",
        "M Penna",
        "DR Gibson",
        "GL Adams",
        "A Wellington",
        "JL Barsby",
        "ML Schutt",
        "AC Mushangwe"
      ],
      "Brisbane Heat": [
        "GM Harris",
        "G Redmayne",
        "AC Kerr",
        "M du Preez",
        "CR Knott",
        "JL Jonassen",
        "G Voll",
        "BAM Heath",
        "M Hinkley",
        "NM Hancock",
        "CG Sippel"
      ]
    },
    "registry": {
      "people": {
        "A Wellington": "9b3bcca4",
        "AC Kerr": "7673c908",
        "AC Mushangwe": "db873292",
        "BAM Heath": "3b5a9438",
        "BE Patterson": "7dfbcfff",
        "CG Sippel": "c2ac0db5",
        "CR Knott": "d7ff1adc",
        "DR Gibson": "d2763568",
        "G Redmayne": "324b9eee",
        "G Voll": "5c30d455",
        "GL Adams": "7b1f2542",
        "GM Harris": "72166006",
        "JL Barsby": "47bcaf7a",
        "JL Jonassen": "0475a86b",
        "KM Mack": "ef13bd20",
        "Kepler Wessels": "3bedaff0",
        "L Wolvaardt": "e60f81c9",
        "M Hinkley": "3812165d",
        "M Penna": "36453b99",
        "M du Preez": "e219f17a",
        "ML Schutt": "17608a6f",
        "N James": "3de4511d",
        "NM Hancock": "af8c3a85",
        "T Logan": "6c7d4820",
        "TM McGrath": "ca5acfa4"
      }
    },
    "season": "2023/24",
    "team_type": "club",
    "teams": [
      "Adelaide Strikers",
      "Brisbane Heat"
    ],
    "toss": {
      "decision": "bat",
      "winner": "Adelaide Strikers"
    },
    "venue": "Great Barrier Reef Arena, Mackay"
  },
  "innings": [
    {
      "team": "Adelaide Strikers",
      "overs": [
        {
          "over": 0,
          "deliveries": [
            {
              "batter": "KM Mack",
              "bowler": "CG Sippel",
              "extras": {
                "wides": 1
              },
              "non_striker": "L Wolvaardt",
              "runs": {
                "batter": 0,
                "extras": 1,
                "total": 1
              }
            },
            {
              "batter": "KM Mack",
              "bowler": "CG Sippel",
              "extras": {
                "wides": 1
              },
              "non_striker": "L Wolvaardt",
              "runs": {
                "batter": 0,
                "extras": 1,
                "total": 1
              }
            },
            {
              "batter": "KM Mack",
              "bowler": "CG Sippel",
              "non_striker": "L Wolvaardt",
              "runs": {
                "batter": 0,
                "extras": 0,
                "total": 0
              }
            },
            {
              "batter": "KM Mack",
              "bowler": "CG Sippel",
              "non_striker": "L Wolvaardt",
              "runs": {
                "batter": 1,
                "extras": 0,
                "total": 1
              }
            },
            {
              "batter": "L Wolvaardt",
              "bowler": "CG Sippel",
              "non_striker": "KM Mack",
              "runs": {
                "batter": 0,
                "extras": 0,
                "total": 0
              }
            },
            {
              "batter": "L Wolvaardt",
              "bowler": "CG Sippel",
              "non_striker": "KM Mack",
              "runs": {
                "batter": 0,
                "extras": 0,
                "total": 0
              }
            },
            {
              "batter": "L Wolvaardt",
              "bowler": "CG Sippel",
              "extras": {
                "wides": 1
              },
              "non_striker": "KM Mack",
              "runs": {
                "batter": 0,
                "extras": 1,
                "total": 1
              }
            },
            {
              "batter": "L Wolvaardt",
              "bowler": "CG Sippel",
              "non_striker": "KM Mack",
              "runs": {
                "batter": 0,
                "extras": 0,
                "total": 0
              }
            },
            {
              "batter": "L Wolvaardt",
              "bowler": "CG Sippel",
              "non_striker": "KM Mack",
              "runs": {
                "batter": 0,
                "extras": 0,
                "total": 0
              }
            }
          ]
        },
        {
          "over": 1,
          "deliveries": [
            {
              "batter": "KM Mack",
              "bowler": "NM Hancock",
              "non_striker": "L Wolvaardt",
              "runs": {
                "batter": 0,
                "extras": 0,
                "total": 0
              }
            },
            {
              "batter": "KM Mack",
              "bowler": "NM Hancock",
              "non_striker": "L Wolvaardt",
              "runs": {
                "batter": 0,
                "extras": 0,
                "total": 0
              }
            },
            {
              "batter": "KM Mack",
              "bowler": "NM Hancock",
              "non_striker": "L Wolvaardt",
              "runs": {
                "batter": 1,
                "extras": 0,
                "total": 1
              }
            },
            {
              "batter": "L Wolvaardt",
              "bowler": "NM Hancock",
              "non_striker": "KM Mack",
              "runs": {
                "batter": 0,
                "extras": 0,
                "total": 0
              }
            },
            {
              "batter": "L Wolvaardt",
              "bowler": "NM Hancock",
              "non_striker": "KM Mack",
              "runs": {
                "batter": 0,
                "extras": 0,
                "total": 0
              }
            },
            {
              "batter": "L Wolvaardt",
              "bowler": "NM Hancock",
              "non_striker": "KM Mack",
              "runs": {
                "batter": 0,
                "extras": 0,
                "total": 0
              }
            }
          ]
        },
        {
          "over": 2,
          "deliveries": [
            {
              "batter": "KM Mack",
              "bowler": "CG Sippel",
              "non_striker": "L Wolvaardt",
              "runs": {
                "batter": 0,
                "extras": 0,
                "total": 0
              }
            },
            {
              "batter": "KM Mack",
              "bowler": "CG Sippel",
              "non_striker": "L Wolvaardt",
              "runs": {
                "batter": 1,
                "extras": 0,
                "total": 1
              }
            },
            {
              "batter": "L Wolvaardt",
              "bowler": "CG Sippel",
              "non_striker": "KM Mack",
              "runs": {
                "batter": 1,
                "extras": 0,
                "total": 1
              }
            },
            {
              "batter": "KM Mack",
              "bowler": "CG Sippel",
              "non_striker": "L Wolvaardt",
              "runs": {
                "batter": 4,
                "extras": 0,
                "total": 4
              }
            },
            {
              "batter": "KM Mack",
              "bowler": "CG Sippel",
              "non_striker": "L Wolvaardt",
              "runs": {
                "batter": 0,
                "extras": 0,
                "total": 0
              }
            },
            {
              "batter": "KM Mack",
              "bowler": "CG Sippel",
              "non_striker": "L Wolvaardt",
              "runs": {
                "batter": 1,
                "extras": 0,
                "total": 1
              }
            }
          ]
        },
        {
          "over": 3,
          "deliveries": [
            {
              "batter": "KM Mack",
              "bowler": "NM Hancock",
              "extras": {
                "legbyes": 1
              },
              "non_striker": "L Wolvaardt",
              "runs": {
                "batter": 0,
                "extras": 1,
                "total": 1
              }
            },
            {
              "batter": "L Wolvaardt",
              "bowler": "NM Hancock",
              "non_striker": "KM Mack",
              "runs": {
                "batter": 0,
                "extras": 0,
                "total": 0
              }
            },
            {
              "batter": "L Wolvaardt",
              "bowler": "NM Hancock",
              "non_striker": "KM Mack",
              "runs": {
                "batter": 1,
                "extras": 0,
                "total": 1
              }
            },
            {
              "batter": "KM Mack",
              "bowler": "NM Hancock",
              "non_striker": "L Wolvaardt",
              "runs": {
                "batter": 3,
                "extras": 0,
                "total": 3
              }
            },
            {
              "batter": "L Wolvaardt",
              "bowler": "NM Hancock",
              "non_striker": "KM Mack",
              "runs": {
                "batter": 4,
                "extras": 0,
                "total": 4
              }
            },
            {
              "batter": "L Wolvaardt",
              "bowler": "NM Hancock",
              "non_striker": "KM Mack",
              "runs": {
                "batter": 1,
                "extras": 0,
                "total": 1
              }
            }
          ]
        },
        {
          "over": 4,
          "deliveries": [
            {
              "batter": "L Wolvaardt",
              "bowler": "JL Jonassen",
              "non_striker": "KM Mack",
              "runs": {
                "batter": 1,
                "extras": 0,
                "total": 1
              }
            },
            {
              "batter": "KM Mack",
              "bowler": "JL Jonassen",
              "non_striker": "L Wolvaardt",
              "runs": {
                "batter": 1,
                "extras": 0,
                "total": 1
              }
            },
            {
              "batter": "L Wolvaardt",
              "bowler": "JL Jonassen",
              "non_striker": "KM Mack",
              "runs": {
                "batter": 1,
                "extras": 0,
                "total": 1
              }
            },
            {
              "batter": "KM Mack",
              "bowler": "JL Jonassen",
              "non_striker": "L Wolvaardt",
              "runs": {
                "batter": 0,
                "extras": 0,
                "total": 0
              }
            },
            {
              "batter": "KM Mack",
              "bowler": "JL Jonassen",
              "non_striker": "L Wolvaardt",
              "runs": {
                "batter": 1,
                "extras": 0,
                "total": 1
              }
            },
            {
              "batter": "L Wolvaardt",
              "bowler": "JL Jonassen",
              "non_striker": "KM Mack",
              "runs": {
                "batter": 2,
                "extras": 0,
                "total": 2
              }
            }
          ]
        },
        {
          "over": 5,
          "deliveries": [
            {
              "batter": "KM Mack",
              "bowler": "CR Knott",
              "non_striker": "L Wolvaardt",
              "runs": {
                "batter": 1,
                "extras": 0,
                "total": 1
              }
            },
            {
              "batter": "L Wolvaardt",
              "bowler": "CR Knott",
              "non_striker": "KM Mack",
              "runs": {
                "batter": 0,
                "extras": 0,
                "total": 0
              }
            },
            {
              "batter": "L Wolvaardt",
              "bowler": "CR Knott",
              "non_striker": "KM Mack",
              "runs": {
                "batter": 0,
                "extras": 0,
                "total": 0
              }
            },
            {
              "batter": "L Wolvaardt",
              "bowler": "CR Knott",
              "non_striker": "KM Mack",
              "runs": {
                "batter": 1,
                "extras": 0,
                "total": 1
              }
            },
            {
              "batter": "KM Mack",
              "bowler": "CR Knott",
              "non_striker": "L Wolvaardt",
              "runs": {
                "batter": 0,
                "extras": 0,
                "total": 0
              }
            },
            {
              "batter": "KM Mack",
              "bowler": "CR Knott",
              "non_striker": "L Wolvaardt",
              "runs": {
                "batter": 0,
                "extras": 0,
                "total": 0
              },
              "wickets": [
                {
                  "player_out": "KM Mack",
                  "kind": "lbw"
                }
              ]
            }
          ]
        },
        {
          "over": 6,
          "deliveries": [
            {
              "batter": "L Wolvaardt",
              "bowler": "AC Kerr",
              "non_striker": "TM McGrath",
              "runs": {
                "batter": 0,
                "extras": 0,
                "total": 0
              }
            },
            {
              "batter": "L Wolvaardt",
              "bowler": "AC Kerr",
              "non_striker": "TM McGrath",
              "runs": {
                "batter": 0,
                "extras": 0,
                "total": 0
              }
            },
            {
              "batter": "L Wolvaardt",
              "bowler": "AC Kerr",
              "non_striker": "TM McGrath",
              "runs": {
                "batter": 0,
                "extras": 0,
                "total": 0
              },
              "wickets": [
                {
                  "player_out": "L Wolvaardt",
                  "fielders": [
                    {
                      "name": "GM Harris"
                    }
                  ],
                  "kind": "caught"
                }
              ]
            },
            {
              "batter": "BE Patterson",
              "bowler": "AC Kerr",
              "non_striker": "TM McGrath",
              "runs": {
                "batter": 1,
                "extras": 0,
                "total": 1
              }
            },
            {
              "batter": "TM McGrath",
              "bowler": "AC Kerr",
              "non_striker": "BE Patterson",
              "runs": {
                "batter": 0,
                "extras": 0,
                "total": 0
              }
            },
            {
              "batter": "TM McGrath",
              "bowler": "AC Kerr",
              "non_striker": "BE Patterson",
              "runs": {
                "batter": 0,
                "extras": 0,
                "total": 0
              },
              "wickets": [
                {
                  "player_out": "TM McGrath",
                  "kind": "caught and bowled"
                }
              ]
            }
          ]
        },
        {
          "over": 7,
          "deliveries": [
            {
              "batter": "BE Patterson",
              "bowler": "G Voll",
              "non_striker": "M Penna",
              "runs": {
                "batter": 0,
                "extras": 0,
                "total": 0
              }
            },
            {
              "batter": "BE Patterson",
              "bowler": "G Voll",
              "non_striker": "M Penna",
              "runs": {
                "batter": 1,
                "extras": 0,
                "total": 1
              }
            },
            {
              "batter": "M Penna",
              "bowler": "G Voll",
              "extras": {
                "wides": 1
              },
              "non_striker": "BE Patterson",
              "runs": {
                "batter": 0,
                "extras": 1,
                "total": 1
              }
            },
            {
              "batter": "M Penna",
              "bowler": "G Voll",
              "non_striker": "BE Patterson",
              "runs": {
                "batter": 4,
                "extras": 0,
                "total": 4
              }
            },
            {
              "batter": "M Penna",
              "bowler": "G Voll",
              "non_striker": "BE Patterson",
              "runs": {
                "batter": 0,
                "extras": 0,
                "total": 0
              }
            },
            {
              "batter": "M Penna",
              "bowler": "G Voll",
              "non_striker": "BE Patterson",
              "runs": {
                "batter": 0,
                "extras": 0,
                "total": 0
              }
            },
            {
              "batter": "M Penna",
              "bowler": "G Voll",
              "non_striker": "BE Patterson",
              "runs": {
                "batter": 1,
                "extras": 0,
                "total": 1
              }
            }
          ]
        },
        {
          "over": 8,
          "deliveries": [
            {
              "batter": "M Penna",
              "bowler": "AC Kerr",
              "non_striker": "BE Patterson",
              "runs": {
                "batter": 4,
                "extras": 0,
                "total": 4
              }
            },
            {
              "batter": "M Penna",
              "bowler": "AC Kerr",
              "non_striker": "BE Patterson",
              "runs": {
                "batter": 1,
                "extras": 0,
                "total": 1
              }
            },
            {
              "batter": "BE Patterson",
              "bowler": "AC Kerr",
              "non_striker": "M Penna",
              "runs": {
                "batter": 0,
                "extras": 0,
                "total": 0
              }
            },
            {
              "batter": "BE Patterson",
              "bowler": "AC Kerr",
              "non_striker": "M Penna",
              "runs": {
                "batter": 1,
                "extras": 0,
                "total": 1
              }
            },
            {
              "batter": "M Penna",
              "bowler": "AC Kerr",
              "non_striker": "BE Patterson",
              "runs": {
                "batter": 0,
                "extras": 0,
                "total": 0
              }
            },
            {
              "batter": "M Penna",
              "bowler": "AC Kerr",
              "non_striker": "BE Patterson",
              "runs": {
                "batter": 2,
                "extras": 0,
                "total": 2
              }
            }
          ]
        },
        {
          "over": 9,
          "deliveries": [
            {
              "batter": "BE Patterson",
              "bowler": "JL Jonassen",
              "non_striker": "M Penna",
              "runs": {
                "batter": 0,
                "extras": 0,
                "total": 0
              }
            },
            {
              "batter": "BE Patterson",
              "bowler": "JL Jonassen",
              "non_striker": "M Penna",
              "runs": {
                "batter": 1,
                "extras": 0,
                "total": 1
              }
            },
            {
              "batter": "M Penna",
              "bowler": "JL Jonassen",
              "non_striker": "BE Patterson",
              "runs": {
                "batter": 0,
                "extras": 0,
                "total": 0
              }
            },
            {
              "batter": "M Penna",
              "bowler": "JL Jonassen",
              "non_striker": "BE Patterson",
              "runs": {
                "batter": 0,
                "extras": 0,
                "total": 0
              }
            },
            {
              "batter": "M Penna",
              "bowler": "JL Jonassen",
              "non_striker": "BE Patterson",
              "runs": {
                "batter": 0,
                "extras": 0,
                "total": 0
              }
            },
            {
              "batter": "M Penna",
              "bowler": "JL Jonassen",
              "non_striker": "BE Patterson",
              "runs": {
                "batter": 0,
                "extras": 0,
                "total": 0
              }
            }
          ]
        },
        {
          "over": 10,
          "deliveries": [
            {
              "batter": "BE Patterson",
              "bowler": "AC Kerr",
              "non_striker": "M Penna",
              "runs": {
                "batter": 1,
                "extras": 0,
                "total": 1
              }
            },
            {
              "batter": "M Penna",
              "bowler": "AC Kerr",
              "non_striker": "BE Patterson",
              "runs": {
                "batter": 0,
                "extras": 0,
                "total": 0
              }
            },
            {
              "batter": "M Penna",
              "bowler": "AC Kerr",
              "non_striker": "BE Patterson",
              "runs": {
                "batter": 0,
                "extras": 0,
                "total": 0
              }
            },
            {
              "batter": "M Penna",
              "bowler": "AC Kerr",
              "non_striker": "BE Patterson",
              "runs": {
                "batter": 4,
                "extras": 0,
                "total": 4
              }
            },
            {
              "batter": "M Penna",
              "bowler": "AC Kerr",
              "non_striker": "BE Patterson",
              "runs": {
                "batter": 1,
                "extras": 0,
                "total": 1
              }
            },
            {
              "batter": "BE Patterson",
              "bowler": "AC Kerr",
              "non_striker": "M Penna",
              "runs": {
                "batter": 0,
                "extras": 0,
                "total": 0
              }
            }
          ]
        },
        {
          "over": 11,
          "deliveries": [
            {
              "batter": "M Penna",
              "bowler": "CR Knott",
              "non_striker": "BE Patterson",
              "runs": {
                "batter": 1,
                "extras": 0,
                "total": 1
              }
            },
            {
              "batter": "BE Patterson",
              "bowler": "CR Knott",
              "non_striker": "M Penna",
              "runs": {
                "batter": 0,
                "extras": 0,
                "total": 0
              }
            },
            {
              "batter": "BE Patterson",
              "bowler": "CR Knott",
              "non_striker": "M Penna",
              "runs": {
                "batter": 0,
                "extras": 0,
                "total": 0
              }
            },
            {
              "batter": "BE Patterson",
              "bowler": "CR Knott",
              "non_striker": "M Penna",
              "runs": {
                "batter": 1,
                "extras": 0,
                "total": 1
              }
            },
            {
              "batter": "M Penna",
              "bowler": "CR Knott",
              "non_striker": "BE Patterson",
              "runs": {
                "batter": 1,
                "extras": 0,
                "total": 1
              }
            },
            {
              "batter": "BE Patterson",
              "bowler": "CR Knott",
              "non_striker": "M Penna",
              "runs": {
                "batter": 4,
                "extras": 0,
                "total": 4
              }
            }
          ]
        },
        {
          "over": 12,
          "deliveries": [
            {
              "batter": "M Penna",
              "bowler": "CG Sippel",
              "non_striker": "BE Patterson",
              "runs": {
                "batter": 4,
                "extras": 0,
                "total": 4
              }
            },
            {
              "batter": "M Penna",
              "bowler": "CG Sippel",
              "non_striker": "BE Patterson",
              "runs": {
                "batter": 1,
                "extras": 0,
                "total": 1
              }
            },
            {
              "batter": "BE Patterson",
              "bowler": "CG Sippel",
              "non_striker": "M Penna",
              "runs": {
                "batter": 1,
                "extras": 0,
                "total": 1
              }
            },
            {
              "batter": "M Penna",
              "bowler": "CG Sippel",
              "extras": {
                "wides": 1
              },
              "non_striker": "BE Patterson",
              "runs": {
                "batter": 0,
                "extras": 1,
                "total": 1
              }
            },
            {
              "batter": "M Penna",
              "bowler": "CG Sippel",
              "non_striker": "BE Patterson",
              "runs": {
                "batter": 1,
                "extras": 0,
                "total": 1
              }
            },
            {
              "batter": "BE Patterson",
              "bowler": "CG Sippel",
              "non_striker": "M Penna",
              "runs": {
                "batter": 1,
                "extras": 0,
                "total": 1
              }
            },
            {
              "batter": "M Penna",
              "bowler": "CG Sippel",
              "non_striker": "BE Patterson",
              "runs": {
                "batter": 1,
                "extras": 0,
                "total": 1
              }
            }
          ]
        },
        {
          "over": 13,
          "deliveries": [
            {
              "batter": "M Penna",
              "bowler": "CR Knott",
              "non_striker": "BE Patterson",
              "runs": {
                "batter": 1,
                "extras": 0,
                "total": 1
              }
            },
            {
              "batter": "BE Patterson",
              "bowler": "CR Knott",
              "non_striker": "M Penna",
              "runs": {
                "batter": 0,
                "extras": 0,
                "total": 0
              },
              "wickets": [
                {
                  "player_out": "BE Patterson",
                  "kind": "bowled"
                }
              ]
            },
            {
              "batter": "DR Gibson",
              "bowler": "CR Knott",
              "non_striker": "M Penna",
              "runs": {
                "batter": 0,
                "extras": 0,
                "total": 0
              }
            },
            {
              "batter": "DR Gibson",
              "bowler": "CR Knott",
              "non_striker": "M Penna",
              "runs": {
                "batter": 0,
                "extras": 0,
                "total": 0
              }
            },
            {
              "batter": "DR Gibson",
              "bowler": "CR Knott",
              "non_striker": "M Penna",
              "runs": {
                "batter": 1,
                "extras": 0,
                "total": 1
              }
            },
            {
              "batter": "M Penna",
              "bowler": "CR Knott",
              "non_striker": "DR Gibson",
              "runs": {
                "batter": 4,
                "extras": 0,
                "total": 4
              }
            }
          ]
        },
        {
          "over": 14,
          "deliveries": [
            {
              "batter": "DR Gibson",
              "bowler": "NM Hancock",
              "non_striker": "M Penna",
              "runs": {
                "batter": 1,
                "extras": 0,
                "total": 1
              }
            },
            {
              "batter": "M Penna",
              "bowler": "NM Hancock",
              "non_striker": "DR Gibson",
              "runs": {
                "batter": 4,
                "extras": 0,
                "total": 4
              }
            },
            {
              "batter": "M Penna",
              "bowler": "NM Hancock",
              "non_striker": "DR Gibson",
              "runs": {
                "batter": 1,
                "extras": 0,
                "total": 1
              }
            },
            {
              "batter": "DR Gibson",
              "bowler": "NM Hancock",
              "non_striker": "M Penna",
              "runs": {
                "batter": 1,
                "extras": 0,
                "total": 1
              }
            },
            {
              "batter": "M Penna",
              "bowler": "NM Hancock",
              "extras": {
                "wides": 1
              },
              "non_striker": "DR Gibson",
              "runs": {
                "batter": 0,
                "extras": 1,
                "total": 1
              }
            },
            {
              "batter": "M Penna",
              "bowler": "NM Hancock",
              "non_striker": "DR Gibson",
              "runs": {
                "batter": 0,
                "extras": 0,
                "total": 0
              }
            },
            {
              "batter": "M Penna",
              "bowler": "NM Hancock",
              "non_striker": "DR Gibson",
              "runs": {
                "batter": 1,
                "extras": 0,
                "total": 1
              }
            }
          ]
        },
        {
          "over": 15,
          "deliveries": [
            {
              "batter": "M Penna",
              "bowler": "JL Jonassen",
              "non_striker": "DR Gibson",
              "runs": {
                "batter": 0,
                "extras": 0,
                "total": 0
              }
            },
            {
              "batter": "M Penna",
              "bowler": "JL Jonassen",
              "non_striker": "DR Gibson",
              "runs": {
                "batter": 0,
                "extras": 0,
                "total": 0
              }
            },
            {
              "batter": "M Penna",
              "bowler": "JL Jonassen",
              "non_striker": "DR Gibson",
              "runs": {
                "batter": 4,
                "extras": 0,
                "total": 4
              }
            },
            {
              "batter": "M Penna",
              "bowler": "JL Jonassen",
              "non_striker": "DR Gibson",
              "runs": {
                "batter": 0,
                "extras": 0,
                "total": 0
              }
            },
            {
              "batter": "M Penna",
              "bowler": "JL Jonassen",
              "non_striker": "DR Gibson",
              "runs": {
                "batter": 0,
                "extras": 0,
                "total": 0
              }
            },
            {
              "batter": "M Penna",
              "bowler": "JL Jonassen",
              "non_striker": "DR Gibson",
              "runs": {
                "batter": 1,
                "extras": 0,
                "total": 1
              }
            }
          ]
        },
        {
          "over": 16,
          "deliveries": [
            {
              "batter": "M Penna",
              "bowler": "NM Hancock",
              "non_striker": "DR Gibson",
              "runs": {
                "batter": 1,
                "extras": 0,
                "total": 1
              }
            },
            {
              "batter": "DR Gibson",
              "bowler": "NM Hancock",
              "non_striker": "M Penna",
              "runs": {
                "batter": 0,
                "extras": 0,
                "total": 0
              }
            },
            {
              "batter": "DR Gibson",
              "bowler": "NM Hancock",
              "non_striker": "M Penna",
              "runs": {
                "batter": 4,
                "extras": 0,
                "total": 4
              }
            },
            {
              "batter": "DR Gibson",
              "bowler": "NM Hancock",
              "non_striker": "M Penna",
              "runs": {
                "batter": 6,
                "extras": 0,
                "total": 6
              }
            },
            {
              "batter": "DR Gibson",
              "bowler": "NM Hancock",
              "extras": {
                "wides": 1
              },
              "non_striker": "M Penna",
              "runs": {
                "batter": 0,
                "extras": 1,
                "total": 1
              }
            },
            {
              "batter": "DR Gibson",
              "bowler": "NM Hancock",
              "non_striker": "M Penna",
              "runs": {
                "batter": 2,
                "extras": 0,
                "total": 2
              }
            },
            {
              "batter": "DR Gibson",
              "bowler": "NM Hancock",
              "non_striker": "M Penna",
              "runs": {
                "batter": 4,
                "extras": 0,
                "total": 4
              }
            }
          ]
        },
        {
          "over": 17,
          "deliveries": [
            {
              "batter": "M Penna",
              "bowler": "CG Sippel",
              "non_striker": "DR Gibson",
              "runs": {
                "batter": 4,
                "extras": 0,
                "total": 4
              }
            },
            {
              "batter": "M Penna",
              "bowler": "CG Sippel",
              "non_striker": "DR Gibson",
              "runs": {
                "batter": 1,
                "extras": 0,
                "total": 1
              }
            },
            {
              "batter": "DR Gibson",
              "bowler": "CG Sippel",
              "non_striker": "M Penna",
              "runs": {
                "batter": 1,
                "extras": 0,
                "total": 1
              }
            },
            {
              "batter": "M Penna",
              "bowler": "CG Sippel",
              "non_striker": "DR Gibson",
              "runs": {
                "batter": 0,
                "extras": 0,
                "total": 0
              }
            },
            {
              "batter": "M Penna",
              "bowler": "CG Sippel",
              "non_striker": "DR Gibson",
              "runs": {
                "batter": 0,
                "extras": 0,
                "total": 0
              }
            },
            {
              "batter": "M Penna",
              "bowler": "CG Sippel",
              "non_striker": "DR Gibson",
              "runs": {
                "batter": 2,
                "extras": 0,
                "total": 2
              }
            }
          ]
        },
        {
          "over": 18,
          "deliveries": [
            {
              "batter": "DR Gibson",
              "bowler": "AC Kerr",
              "non_striker": "M Penna",
              "runs": {
                "batter": 4,
                "extras": 0,
                "total": 4
              }
            },
            {
              "batter": "DR Gibson",
              "bowler": "AC Kerr",
              "non_striker": "M Penna",
              "runs": {
                "batter": 1,
                "extras": 0,
                "total": 1
              }
            },
            {
              "batter": "M Penna",
              "bowler": "AC Kerr",
              "non_striker": "DR Gibson",
              "runs": {
                "batter": 0,
                "extras": 0,
                "total": 0
              }
            },
            {
              "batter": "M Penna",
              "bowler": "AC Kerr",
              "non_striker": "DR Gibson",
              "runs": {
                "batter": 0,
                "extras": 0,
                "total": 0
              }
            },
            {
              "batter": "M Penna",
              "bowler": "AC Kerr",
              "non_striker": "DR Gibson",
              "runs": {
                "batter": 1,
                "extras": 0,
                "total": 1
              }
            },
            {
              "batter": "DR Gibson",
              "bowler": "AC Kerr",
              "non_striker": "M Penna",
              "runs": {
                "batter": 1,
                "extras": 0,
                "total": 1
              }
            }
          ]
        },
        {
          "over": 19,
          "deliveries": [
            {
              "batter": "DR Gibson",
              "bowler": "JL Jonassen",
              "non_striker": "M Penna",
              "runs": {
                "batter": 1,
                "extras": 0,
                "total": 1
              }
            },
            {
              "batter": "M Penna",
              "bowler": "JL Jonassen",
              "non_striker": "DR Gibson",
              "runs": {
                "batter": 4,
                "extras": 0,
                "total": 4
              }
            },
            {
              "batter": "M Penna",
              "bowler": "JL Jonassen",
              "non_striker": "DR Gibson",
              "runs": {
                "batter": 1,
                "extras": 0,
                "total": 1
              }
            },
            {
              "batter": "DR Gibson",
              "bowler": "JL Jonassen",
              "non_striker": "M Penna",
              "runs": {
                "batter": 1,
                "extras": 0,
                "total": 1
              }
            },
            {
              "batter": "M Penna",
              "bowler": "JL Jonassen",
              "non_striker": "DR Gibson",
              "runs": {
                "batter": 1,
                "extras": 0,
                "total": 1
              }
            },
            {
              "batter": "DR Gibson",
              "bowler": "JL Jonassen",
              "non_striker": "M Penna",
              "runs": {
                "batter": 6,
                "extras": 0,
                "total": 6
              }
            }
          ]
        }
      ],
      "powerplays": [
        {
          "from": 0.1,
          "to": 3.6,
          "type": "mandatory"
        },
        {
          "from": 15.1,
          "to": 16.7,
          "type": "batting"
        }
      ]
    },
    {
      "team": "Brisbane Heat",
      "overs": [
        {
          "over": 0,
          "deliveries": [
            {
              "batter": "GM Harris",
              "bowler": "ML Schutt",
              "non_striker": "G Redmayne",
              "runs": {
                "batter": 0,
                "extras": 0,
                "total": 0
              }
            },
            {
              "batter": "GM Harris",
              "bowler": "ML Schutt",
              "non_striker": "G Redmayne",
              "runs": {
                "batter": 0,
                "extras": 0,
                "total": 0
              }
            },
            {
              "batter": "GM Harris",
              "bowler": "ML Schutt",
              "non_striker": "G Redmayne",
              "runs": {
                "batter": 0,
                "extras": 0,
                "total": 0
              }
            },
            {
              "batter": "GM Harris",
              "bowler": "ML Schutt",
              "non_striker": "G Redmayne",
              "runs": {
                "batter": 4,
                "extras": 0,
                "total": 4
              }
            },
            {
              "batter": "GM Harris",
              "bowler": "ML Schutt",
              "non_striker": "G Redmayne",
              "runs": {
                "batter": 4,
                "extras": 0,
                "total": 4
              }
            },
            {
              "batter": "GM Harris",
              "bowler": "ML Schutt",
              "extras": {
                "legbyes": 4
              },
              "non_striker": "G Redmayne",
              "runs": {
                "batter": 0,
                "extras": 4,
                "total": 4
              }
            }
          ]
        },
        {
          "over": 1,
          "deliveries": [
            {
              "batter": "G Redmayne",
              "bowler": "AC Mushangwe",
              "non_striker": "GM Harris",
              "runs": {
                "batter": 0,
                "extras": 0,
                "total": 0
              }
            },
            {
              "batter": "G Redmayne",
              "bowler": "AC Mushangwe",
              "non_striker": "GM Harris",
              "runs": {
                "batter": 2,
                "extras": 0,
                "total": 2
              }
            },
            {
              "batter": "G Redmayne",
              "bowler": "AC Mushangwe",
              "non_striker": "GM Harris",
              "runs": {
                "batter": 1,
                "extras": 0,
                "total": 1
              }
            },
            {
              "batter": "GM Harris",
              "bowler": "AC Mushangwe",
              "non_striker": "G Redmayne",
              "runs": {
                "batter": 0,
                "extras": 0,
                "total": 0
              }
            },
            {
              "batter": "GM Harris",
              "bowler": "AC Mushangwe",
              "non_striker": "G Redmayne",
              "runs": {
                "batter": 1,
                "extras": 0,
                "total": 1
              }
            },
            {
              "batter": "G Redmayne",
              "bowler": "AC Mushangwe",
              "non_striker": "GM Harris",
              "runs": {
                "batter": 2,
                "extras": 0,
                "total": 2
              }
            }
          ]
        },
        {
          "over": 2,
          "deliveries": [
            {
              "batter": "GM Harris",
              "bowler": "DR Gibson",
              "non_striker": "G Redmayne",
              "runs": {
                "batter": 1,
                "extras": 0,
                "total": 1
              }
            },
            {
              "batter": "G Redmayne",
              "bowler": "DR Gibson",
              "non_striker": "GM Harris",
              "runs": {
                "batter": 0,
                "extras": 0,
                "total": 0
              }
            },
            {
              "batter": "G Redmayne",
              "bowler": "DR Gibson",
              "non_striker": "GM Harris",
              "runs": {
                "batter": 4,
                "extras": 0,
                "total": 4
              }
            },
            {
              "batter": "G Redmayne",
              "bowler": "DR Gibson",
              "extras": {
                "noballs": 1
              },
              "non_striker": "GM Harris",
              "runs": {
                "batter": 0,
                "extras": 1,
                "total": 1
              }
            },
            {
              "batter": "G Redmayne",
              "bowler": "DR Gibson",
              "non_striker": "GM Harris",
              "runs": {
                "batter": 0,
                "extras": 0,
                "total": 0
              },
              "wickets": [
                {
                  "player_out": "G Redmayne",
                  "fielders": [
                    {
                      "name": "BE Patterson"
                    },
                    {
                      "name": "M Penna"
                    }
                  ],
                  "kind": "run out"
                }
              ]
            },
            {
              "batter": "AC Kerr",
              "bowler": "DR Gibson",
              "non_striker": "GM Harris",
              "runs": {
                "batter": 0,
                "extras": 0,
                "total": 0
              }
            },
            {
              "batter": "AC Kerr",
              "bowler": "DR Gibson",
              "non_striker": "GM Harris",
              "runs": {
                "batter": 0,
                "extras": 0,
                "total": 0
              }
            }
          ]
        },
        {
          "over": 3,
          "deliveries": [
            {
              "batter": "GM Harris",
              "bowler": "ML Schutt",
              "non_striker": "AC Kerr",
              "runs": {
                "batter": 0,
                "extras": 0,
                "total": 0
              }
            },
            {
              "batter": "GM Harris",
              "bowler": "ML Schutt",
              "non_striker": "AC Kerr",
              "runs": {
                "batter": 0,
                "extras": 0,
                "total": 0
              },
              "wickets": [
                {
                  "player_out": "GM Harris",
                  "fielders": [
                    {
                      "name": "GL Adams"
                    }
                  ],
                  "kind": "caught"
                }
              ]
            },
            {
              "batter": "M du Preez",
              "bowler": "ML Schutt",
              "non_striker": "AC Kerr",
              "runs": {
                "batter": 0,
                "extras": 0,
                "total": 0
              }
            },
            {
              "batter": "M du Preez",
              "bowler": "ML Schutt",
              "non_striker": "AC Kerr",
              "runs": {
                "batter": 2,
                "extras": 0,
                "total": 2
              }
            },
            {
              "batter": "M du Preez",
              "bowler": "ML Schutt",
              "non_striker": "AC Kerr",
              "runs": {
                "batter": 0,
                "extras": 0,
                "total": 0
              }
            },
            {
              "batter": "M du Preez",
              "bowler": "ML Schutt",
              "non_striker": "AC Kerr",
              "runs": {
                "batter": 4,
                "extras": 0,
                "total": 4
              }
            }
          ]
        },
        {
          "over": 4,
          "deliveries": [
            {
              "batter": "AC Kerr",
              "bowler": "A Wellington",
              "non_striker": "M du Preez",
              "runs": {
                "batter": 0,
                "extras": 0,
                "total": 0
              }
            },
            {
              "batter": "AC Kerr",
              "bowler": "A Wellington",
              "non_striker": "M du Preez",
              "runs": {
                "batter": 1,
                "extras": 0,
                "total": 1
              }
            },
            {
              "batter": "M du Preez",
              "bowler": "A Wellington",
              "non_striker": "AC Kerr",
              "runs": {
                "batter": 2,
                "extras": 0,
                "total": 2
              }
            },
            {
              "batter": "M du Preez",
              "bowler": "A Wellington",
              "non_striker": "AC Kerr",
              "runs": {
                "batter": 2,
                "extras": 0,
                "total": 2
              }
            },
            {
              "batter": "M du Preez",
              "bowler": "A Wellington",
              "non_striker": "AC Kerr",
              "runs": {
                "batter": 4,
                "extras": 0,
                "total": 4
              }
            },
            {
              "batter": "M du Preez",
              "bowler": "A Wellington",
              "non_striker": "AC Kerr",
              "runs": {
                "batter": 0,
                "extras": 0,
                "total": 0
              }
            }
          ]
        },
        {
          "over": 5,
          "deliveries": [
            {
              "batter": "AC Kerr",
              "bowler": "JL Barsby",
              "non_striker": "M du Preez",
              "runs": {
                "batter": 0,
                "extras": 0,
                "total": 0
              }
            },
            {
              "batter": "AC Kerr",
              "bowler": "JL Barsby",
              "non_striker": "M du Preez",
              "runs": {
                "batter": 1,
                "extras": 0,
                "total": 1
              }
            },
            {
              "batter": "M du Preez",
              "bowler": "JL Barsby",
              "non_striker": "AC Kerr",
              "runs": {
                "batter": 1,
                "extras": 0,
                "total": 1
              }
            },
            {
              "batter": "AC Kerr",
              "bowler": "JL Barsby",
              "extras": {
                "legbyes": 1
              },
              "non_striker": "M du Preez",
              "runs": {
                "batter": 0,
                "extras": 1,
                "total": 1
              }
            },
            {
              "batter": "M du Preez",
              "bowler": "JL Barsby",
              "non_striker": "AC Kerr",
              "runs": {
                "batter": 2,
                "extras": 0,
                "total": 2
              }
            },
            {
              "batter": "M du Preez",
              "bowler": "JL Barsby",
              "non_striker": "AC Kerr",
              "runs": {
                "batter": 1,
                "extras": 0,
                "total": 1
              }
            }
          ]
        },
        {
          "over": 6,
          "deliveries": [
            {
              "batter": "M du Preez",
              "bowler": "TM McGrath",
              "non_striker": "AC Kerr",
              "runs": {
                "batter": 2,
                "extras": 0,
                "total": 2
              }
            },
            {
              "batter": "M du Preez",
              "bowler": "TM McGrath",
              "non_striker": "AC Kerr",
              "runs": {
                "batter": 1,
                "extras": 0,
                "total": 1
              }
            },
            {
              "batter": "AC Kerr",
              "bowler": "TM McGrath",
              "non_striker": "M du Preez",
              "runs": {
                "batter": 1,
                "extras": 0,
                "total": 1
              }
            },
            {
              "batter": "M du Preez",
              "bowler": "TM McGrath",
              "non_striker": "AC Kerr",
              "runs": {
                "batter": 0,
                "extras": 0,
                "total": 0
              }
            },
            {
              "batter": "M du Preez",
              "bowler": "TM McGrath",
              "non_striker": "AC Kerr",
              "runs": {
                "batter": 1,
                "extras": 0,
                "total": 1
              }
            },
            {
              "batter": "AC Kerr",
              "bowler": "TM McGrath",
              "non_striker": "M du Preez",
              "runs": {
                "batter": 0,
                "extras": 0,
                "total": 0
              },
              "wickets": [
                {
                  "player_out": "AC Kerr",
                  "fielders": [
                    {
                      "name": "L Wolvaardt"
                    }
                  ],
                  "kind": "caught"
                }
              ]
            }
          ]
        },
        {
          "over": 7,
          "deliveries": [
            {
              "batter": "M du Preez",
              "bowler": "AC Mushangwe",
              "non_striker": "CR Knott",
              "runs": {
                "batter": 0,
                "extras": 0,
                "total": 0
              }
            },
            {
              "batter": "M du Preez",
              "bowler": "AC Mushangwe",
              "non_striker": "CR Knott",
              "runs": {
                "batter": 1,
                "extras": 0,
                "total": 1
              }
            },
            {
              "batter": "CR Knott",
              "bowler": "AC Mushangwe",
              "non_striker": "M du Preez",
              "runs": {
                "batter": 1,
                "extras": 0,
                "total": 1
              }
            },
            {
              "batter": "M du Preez",
              "bowler": "AC Mushangwe",
              "non_striker": "CR Knott",
              "runs": {
                "batter": 0,
                "extras": 0,
                "total": 0
              }
            },
            {
              "batter": "M du Preez",
              "bowler": "AC Mushangwe",
              "non_striker": "CR Knott",
              "runs": {
                "batter": 0,
                "extras": 0,
                "total": 0
              }
            },
            {
              "batter": "M du Preez",
              "bowler": "AC Mushangwe",
              "non_striker": "CR Knott",
              "runs": {
                "batter": 1,
                "extras": 0,
                "total": 1
              }
            }
          ]
        },
        {
          "over": 8,
          "deliveries": [
            {
              "batter": "M du Preez",
              "bowler": "TM McGrath",
              "non_striker": "CR Knott",
              "runs": {
                "batter": 0,
                "extras": 0,
                "total": 0
              }
            },
            {
              "batter": "M du Preez",
              "bowler": "TM McGrath",
              "non_striker": "CR Knott",
              "runs": {
                "batter": 1,
                "extras": 0,
                "total": 1
              }
            },
            {
              "batter": "CR Knott",
              "bowler": "TM McGrath",
              "non_striker": "M du Preez",
              "runs": {
                "batter": 2,
                "extras": 0,
                "total": 2
              }
            },
            {
              "batter": "CR Knott",
              "bowler": "TM McGrath",
              "non_striker": "M du Preez",
              "runs": {
                "batter": 0,
                "extras": 0,
                "total": 0
              }
            },
            {
              "batter": "CR Knott",
              "bowler": "TM McGrath",
              "non_striker": "M du Preez",
              "runs": {
                "batter": 2,
                "extras": 0,
                "total": 2
              }
            },
            {
              "batter": "CR Knott",
              "bowler": "TM McGrath",
              "non_striker": "M du Preez",
              "runs": {
                "batter": 0,
                "extras": 0,
                "total": 0
              }
            }
          ]
        },
        {
          "over": 9,
          "deliveries": [
            {
              "batter": "M du Preez",
              "bowler": "JL Barsby",
              "non_striker": "CR Knott",
              "runs": {
                "batter": 4,
                "extras": 0,
                "total": 4
              }
            },
            {
              "batter": "M du Preez",
              "bowler": "JL Barsby",
              "non_striker": "CR Knott",
              "runs": {
                "batter": 1,
                "extras": 0,
                "total": 1
              }
            },
            {
              "batter": "CR Knott",
              "bowler": "JL Barsby",
              "non_striker": "M du Preez",
              "runs": {
                "batter": 0,
                "extras": 0,
                "total": 0
              }
            },
            {
              "batter": "CR Knott",
              "bowler": "JL Barsby",
              "non_striker": "M du Preez",
              "runs": {
                "batter": 1,
                "extras": 0,
                "total": 1
              }
            },
            {
              "batter": "M du Preez",
              "bowler": "JL Barsby",
              "non_striker": "CR Knott",
              "runs": {
                "batter": 1,
                "extras": 0,
                "total": 1
              }
            },
            {
              "batter": "CR Knott",
              "bowler": "JL Barsby",
              "non_striker": "M du Preez",
              "runs": {
                "batter": 1,
                "extras": 0,
                "total": 1
              }
            }
          ]
        },
        {
          "over": 10,
          "deliveries": [
            {
              "batter": "CR Knott",
              "bowler": "DR Gibson",
              "non_striker": "M du Preez",
              "runs": {
                "batter": 1,
                "extras": 0,
                "total": 1
              }
            },
            {
              "batter": "M du Preez",
              "bowler": "DR Gibson",
              "non_striker": "CR Knott",
              "runs": {
                "batter": 0,
                "extras": 0,
                "total": 0
              }
            },
            {
              "batter": "M du Preez",
              "bowler": "DR Gibson",
              "non_striker": "CR Knott",
              "runs": {
                "batter": 0,
                "extras": 0,
                "total": 0
              }
            },
            {
              "batter": "M du Preez",
              "bowler": "DR Gibson",
              "non_striker": "CR Knott",
              "runs": {
                "batter": 1,
                "extras": 0,
                "total": 1
              }
            },
            {
              "batter": "CR Knott",
              "bowler": "DR Gibson",
              "non_striker": "M du Preez",
              "runs": {
                "batter": 1,
                "extras": 0,
                "total": 1
              }
            },
            {
              "batter": "M du Preez",
              "bowler": "DR Gibson",
              "non_striker": "CR Knott",
              "runs": {
                "batter": 0,
                "extras": 0,
                "total": 0
              }
            }
          ]
        },
        {
          "over": 11,
          "deliveries": [
            {
              "batter": "CR Knott",
              "bowler": "A Wellington",
              "non_striker": "M du Preez",
              "runs": {
                "batter": 1,
                "extras": 0,
                "total": 1
              }
            },
            {
              "batter": "M du Preez",
              "bowler": "A Wellington",
              "non_striker": "CR Knott",
              "runs": {
                "batter": 1,
                "extras": 0,
                "total": 1
              }
            },
            {
              "batter": "CR Knott",
              "bowler": "A Wellington",
              "non_striker": "M du Preez",
              "runs": {
                "batter": 0,
                "extras": 0,
                "total": 0
              }
            },
            {
              "batter": "CR Knott",
              "bowler": "A Wellington",
              "non_striker": "M du Preez",
              "runs": {
                "batter": 3,
                "extras": 0,
                "total": 3
              }
            },
            {
              "batter": "M du Preez",
              "bowler": "A Wellington",
              "non_striker": "CR Knott",
              "runs": {
                "batter": 4,
                "extras": 0,
                "total": 4
              }
            },
            {
              "batter": "M du Preez",
              "bowler": "A Wellington",
              "non_striker": "CR Knott",
              "runs": {
                "batter": 0,
                "extras": 0,
                "total": 0
              }
            }
          ]
        },
        {
          "over": 12,
          "deliveries": [
            {
              "batter": "CR Knott",
              "bowler": "TM McGrath",
              "non_striker": "M du Preez",
              "runs": {
                "batter": 4,
                "extras": 0,
                "total": 4
              }
            },
            {
              "batter": "CR Knott",
              "bowler": "TM McGrath",
              "non_striker": "M du Preez",
              "runs": {
                "batter": 2,
                "extras": 0,
                "total": 2
              }
            },
            {
              "batter": "CR Knott",
              "bowler": "TM McGrath",
              "non_striker": "M du Preez",
              "runs": {
                "batter": 1,
                "extras": 0,
                "total": 1
              }
            },
            {
              "batter": "M du Preez",
              "bowler": "TM McGrath",
              "non_striker": "CR Knott",
              "runs": {
                "batter": 0,
                "extras": 0,
                "total": 0
              }
            },
            {
              "batter": "M du Preez",
              "bowler": "TM McGrath",
              "non_striker": "CR Knott",
              "runs": {
                "batter": 4,
                "extras": 0,
                "total": 4
              }
            },
            {
              "batter": "M du Preez",
              "bowler": "TM McGrath",
              "non_striker": "CR Knott",
              "runs": {
                "batter": 1,
                "extras": 0,
                "total": 1
              }
            }
          ]
        },
        {
          "over": 13,
          "deliveries": [
            {
              "batter": "M du Preez",
              "bowler": "ML Schutt",
              "non_striker": "CR Knott",
              "runs": {
                "batter": 0,
                "extras": 0,
                "total": 0
              }
            },
            {
              "batter": "M du Preez",
              "bowler": "ML Schutt",
              "non_striker": "CR Knott",
              "runs": {
                "batter": 1,
                "extras": 0,
                "total": 1
              }
            },
            {
              "batter": "CR Knott",
              "bowler": "ML Schutt",
              "non_striker": "M du Preez",
              "runs": {
                "batter": 1,
                "extras": 0,
                "total": 1
              }
            },
            {
              "batter": "M du Preez",
              "bowler": "ML Schutt",
              "non_striker": "CR Knott",
              "runs": {
                "batter": 0,
                "extras": 0,
                "total": 0
              }
            },
            {
              "batter": "M du Preez",
              "bowler": "ML Schutt",
              "non_striker": "CR Knott",
              "runs": {
                "batter": 2,
                "extras": 0,
                "total": 2
              }
            },
            {
              "batter": "M du Preez",
              "bowler": "ML Schutt",
              "non_striker": "CR Knott",
              "runs": {
                "batter": 4,
                "extras": 0,
                "total": 4
              }
            }
          ]
        },
        {
          "over": 14,
          "deliveries": [
            {
              "batter": "CR Knott",
              "bowler": "AC Mushangwe",
              "non_striker": "M du Preez",
              "runs": {
                "batter": 0,
                "extras": 0,
                "total": 0
              },
              "wickets": [
                {
                  "player_out": "CR Knott",
                  "fielders": [
                    {
                      "name": "BE Patterson"
                    }
                  ],
                  "kind": "caught"
                }
              ]
            },
            {
              "batter": "JL Jonassen",
              "bowler": "AC Mushangwe",
              "non_striker": "M du Preez",
              "runs": {
                "batter": 1,
                "extras": 0,
                "total": 1
              }
            },
            {
              "batter": "M du Preez",
              "bowler": "AC Mushangwe",
              "non_striker": "JL Jonassen",
              "runs": {
                "batter": 0,
                "extras": 0,
                "total": 0
              }
            },
            {
              "batter": "M du Preez",
              "bowler": "AC Mushangwe",
              "non_striker": "JL Jonassen",
              "runs": {
                "batter": 0,
                "extras": 0,
                "total": 0
              }
            },
            {
              "batter": "M du Preez",
              "bowler": "AC Mushangwe",
              "non_striker": "JL Jonassen",
              "runs": {
                "batter": 1,
                "extras": 0,
                "total": 1
              }
            },
            {
              "batter": "JL Jonassen",
              "bowler": "AC Mushangwe",
              "non_striker": "M du Preez",
              "runs": {
                "batter": 1,
                "extras": 0,
                "total": 1
              }
            }
          ]
        },
        {
          "over": 15,
          "deliveries": [
            {
              "batter": "JL Jonassen",
              "bowler": "DR Gibson",
              "non_striker": "M du Preez",
              "runs": {
                "batter": 1,
                "extras": 0,
                "total": 1
              }
            },
            {
              "batter": "M du Preez",
              "bowler": "DR Gibson",
              "non_striker": "JL Jonassen",
              "runs": {
                "batter": 2,
                "extras": 0,
                "total": 2
              }
            },
            {
              "batter": "M du Preez",
              "bowler": "DR Gibson",
              "non_striker": "JL Jonassen",
              "runs": {
                "batter": 2,
                "extras": 0,
                "total": 2
              }
            },
            {
              "batter": "M du Preez",
              "bowler": "DR Gibson",
              "non_striker": "JL Jonassen",
              "runs": {
                "batter": 4,
                "extras": 0,
                "total": 4
              }
            },
            {
              "batter": "M du Preez",
              "bowler": "DR Gibson",
              "non_striker": "JL Jonassen",
              "runs": {
                "batter": 1,
                "extras": 0,
                "total": 1
              }
            },
            {
              "batter": "JL Jonassen",
              "bowler": "DR Gibson",
              "non_striker": "M du Preez",
              "runs": {
                "batter": 4,
                "extras": 0,
                "total": 4
              }
            }
          ]
        },
        {
          "over": 16,
          "deliveries": [
            {
              "batter": "M du Preez",
              "bowler": "A Wellington",
              "non_striker": "JL Jonassen",
              "runs": {
                "batter": 1,
                "extras": 0,
                "total": 1
              }
            },
            {
              "batter": "JL Jonassen",
              "bowler": "A Wellington",
              "non_striker": "M du Preez",
              "runs": {
                "batter": 4,
                "extras": 0,
                "total": 4
              }
            },
            {
              "batter": "JL Jonassen",
              "bowler": "A Wellington",
              "non_striker": "M du Preez",
              "runs": {
                "batter": 1,
                "extras": 0,
                "total": 1
              }
            },
            {
              "batter": "M du Preez",
              "bowler": "A Wellington",
              "non_striker": "JL Jonassen",
              "runs": {
                "batter": 0,
                "extras": 0,
                "total": 0
              },
              "wickets": [
                {
                  "player_out": "M du Preez",
                  "kind": "caught and bowled"
                }
              ]
            },
            {
              "batter": "G Voll",
              "bowler": "A Wellington",
              "non_striker": "JL Jonassen",
              "runs": {
                "batter": 0,
                "extras": 0,
                "total": 0
              }
            },
            {
              "batter": "G Voll",
              "bowler": "A Wellington",
              "non_striker": "JL Jonassen",
              "runs": {
                "batter": 1,
                "extras": 0,
                "total": 1
              }
            }
          ]
        },
        {
          "over": 17,
          "deliveries": [
            {
              "batter": "G Voll",
              "bowler": "AC Mushangwe",
              "non_striker": "JL Jonassen",
              "runs": {
                "batter": 1,
                "extras": 0,
                "total": 1
              }
            },
            {
              "batter": "JL Jonassen",
              "bowler": "AC Mushangwe",
              "non_striker": "G Voll",
              "runs": {
                "batter": 0,
                "extras": 0,
                "total": 0
              }
            },
            {
              "batter": "JL Jonassen",
              "bowler": "AC Mushangwe",
              "non_striker": "G Voll",
              "runs": {
                "batter": 1,
                "extras": 0,
                "total": 1
              }
            },
            {
              "batter": "G Voll",
              "bowler": "AC Mushangwe",
              "non_striker": "JL Jonassen",
              "runs": {
                "batter": 1,
                "extras": 0,
                "total": 1
              }
            },
            {
              "batter": "JL Jonassen",
              "bowler": "AC Mushangwe",
              "non_striker": "G Voll",
              "runs": {
                "batter": 1,
                "extras": 0,
                "total": 1
              }
            },
            {
              "batter": "G Voll",
              "bowler": "AC Mushangwe",
              "non_striker": "JL Jonassen",
              "runs": {
                "batter": 1,
                "extras": 0,
                "total": 1
              }
            }
          ]
        },
        {
          "over": 18,
          "deliveries": [
            {
              "batter": "G Voll",
              "bowler": "ML Schutt",
              "non_striker": "JL Jonassen",
              "runs": {
                "batter": 1,
                "extras": 0,
                "total": 1
              }
            },
            {
              "batter": "JL Jonassen",
              "bowler": "ML Schutt",
              "non_striker": "G Voll",
              "runs": {
                "batter": 1,
                "extras": 0,
                "total": 1
              }
            },
            {
              "batter": "G Voll",
              "bowler": "ML Schutt",
              "non_striker": "JL Jonassen",
              "runs": {
                "batter": 1,
                "extras": 0,
                "total": 1
              }
            },
            {
              "batter": "JL Jonassen",
              "bowler": "ML Schutt",
              "non_striker": "G Voll",
              "runs": {
                "batter": 0,
                "extras": 0,
                "total": 0
              },
              "wickets": [
                {
                  "player_out": "JL Jonassen",
                  "fielders": [
                    {
                      "name": "JL Barsby"
                    }
                  ],
                  "kind": "caught"
                }
              ]
            },
            {
              "batter": "BAM Heath",
              "bowler": "ML Schutt",
              "non_striker": "G Voll",
              "runs": {
                "batter": 4,
                "extras": 0,
                "total": 4
              }
            },
            {
              "batter": "BAM Heath",
              "bowler": "ML Schutt",
              "non_striker": "G Voll",
              "runs": {
                "batter": 0,
                "extras": 0,
                "total": 0
              }
            }
          ]
        },
        {
          "over": 19,
          "deliveries": [
            {
              "batter": "G Voll",
              "bowler": "DR Gibson",
              "non_striker": "BAM Heath",
              "runs": {
                "batter": 1,
                "extras": 0,
                "total": 1
              }
            },
            {
              "batter": "BAM Heath",
              "bowler": "DR Gibson",
              "non_striker": "G Voll",
              "runs": {
                "batter": 0,
                "extras": 0,
                "total": 0
              }
            },
            {
              "batter": "BAM Heath",
              "bowler": "DR Gibson",
              "non_striker": "G Voll",
              "runs": {
                "batter": 0,
                "extras": 0,
                "total": 0
              }
            },
            {
              "batter": "BAM Heath",
              "bowler": "DR Gibson",
              "non_striker": "G Voll",
              "runs": {
                "batter": 0,
                "extras": 0,
                "total": 0
              }
            },
            {
              "batter": "BAM Heath",
              "bowler": "DR Gibson",
              "non_striker": "G Voll",
              "runs": {
                "batter": 4,
                "extras": 0,
                "total": 4
              }
            }
          ]
        }
      ],
      "powerplays": [
        {
          "from": 0.1,
          "to": 3.6,
          "type": "mandatory"
        },
        {
          "from": 13.1,
          "to": 14.6,
          "type": "batting"
        }
      ],
      "target": {
        "overs": 20,
        "runs": 138
      }
    }
  ]
}