{
  "meta": {
    "data_version": "1.1.0",
    "created": "2023-11-17",
    "revision": 1
  },
  "info": {
    "balls_per_over": 6,
    "city": "Brisbane",
    "dates": [
      "2023-11-17"
    ],
    "event": {
      "name": "Women's Big Bash League",
      "match_number": 43
    },
    "gender": "female",
    "match_type": "T20",
    "officials": {
      "match_referees": [
        "Kepler Wessels"
      ],
      "tv_umpires": [
        "SE Dionysius"
      ],
      "umpires": [
        "D Taylor",
        "J Adie"
      ]
    },
    "outcome": {
      "winner": "Melbourne Renegades",
      "by": {
        "runs": 2
      }
    },
    "overs": 20,
    "player_of_match": [
      "HK Matthews"
    ],
    "players": {
      "Melbourne Renegades": [
        "E de Broughe",
        "TT Beaumont",
        "H Kaur",
        "HK Matthews",
        "G Wareham",
        "C Webb",
        "JE Duffin",
        "SJ Coyte",
        "JE Dooley",
        "G Prestwidge",
        "Sara Kennedy"
      ],
      "Brisbane Heat": [
        "GM Harris",
        "G Redmayne",
        "BAM Heath",
        "AC Kerr",
        "M du Preez",
        "CR Knott",
        "G Voll",
        "JL Jonassen",
        "NM Hancock",
        "CG Sippel",
        "LK Hamilton"
      ]
    },
    "registry": {
      "people": {
        "AC Kerr": "7673c908",
        "BAM Heath": "3b5a9438",
        "C Webb": "1f4a8a2a",
        "CG Sippel": "c2ac0db5",
        "CR Knott": "d7ff1adc",
        "D Taylor": "b940a2b2",
        "E de Broughe": "5b8826e0",
        "G Prestwidge": "c218e4e7",
        "G Redmayne": "324b9eee",
        "G Voll": "5c30d455",
        "G Wareham": "f0b4e47d",
        "GM Harris": "72166006",
        "H Kaur": "53cd8da6",
        "HK Matthews": "d32cf49a",
        "J Adie": "259c0030",
        "JE Dooley": "6f7e30d6",
        "JE Duffin": "5ebc3941",
        "JL Jonassen": "0475a86b",
        "Kepler Wessels": "3bedaff0",
        "LK Hamilton": "c347ffe6",
        "M du Preez": "e219f17a",
        "NM Hancock": "af8c3a85",
        "SE Dionysius": "ac886e6f",
        "SJ Coyte": "a5f488bc",
        "Sara Kennedy": "73d09f44",
        "TT Beaumont": "b2664905"
      }
    },
    "season": "2023/24",
    "team_type": "club",
    "teams": [
      "Melbourne Renegades",
      "Brisbane Heat"
    ],
    "toss": {
      "decision": "field",
      "winner": "Brisbane Heat"
    },
    "venue": "Allan Border Field, Brisbane"
  },
  "innings": [
    {
      "team": "Melbourne Renegades",
      "overs": [
        {
          "over": 0,
          "deliveries": [
            {
              "batter": "E de Broughe",
              "bowler": "LK Hamilton",
              "non_striker": "TT Beaumont",
              "runs": {
                "batter": 0,
                "extras": 0,
                "total": 0
              }
            },
            {
              "batter": "E de Broughe",
              "bowler": "LK Hamilton",
              "extras": {
                "wides": 1
              },
              "non_striker": "TT Beaumont",
              "runs": {
                "batter": 0,
                "extras": 1,
                "total": 1
              }
            },
            {
              "batter": "E de Broughe",
              "bowler": "LK Hamilton",
              "non_striker": "TT Beaumont",
              "runs": {
                "batter": 1,
                "extras": 0,
                "total": 1
              }
            },
            {
              "batter": "TT Beaumont",
              "bowler": "LK Hamilton",
              "extras": {
                "wides": 1
              },
              "non_striker": "E de Broughe",
              "runs": {
                "batter": 0,
                "extras": 1,
                "total": 1
              }
            },
            {
              "batter": "TT Beaumont",
              "bowler": "LK Hamilton",
              "non_striker": "E de Broughe",
              "runs": {
                "batter": 4,
                "extras": 0,
                "total": 4
              }
            },
            {
              "batter": "TT Beaumont",
              "bowler": "LK Hamilton",
              "non_striker": "E de Broughe",
              "runs": {
                "batter": 0,
                "extras": 0,
                "total": 0
              }
            },
            {
              "batter": "TT Beaumont",
              "bowler": "LK Hamilton",
              "non_striker": "E de Broughe",
              "runs": {
                "batter": 1,
                "extras": 0,
                "total": 1
              }
            },
            {
              "batter": "E de Broughe",
              "bowler": "LK Hamilton",
              "non_striker": "TT Beaumont",
              "runs": {
                "batter": 0,
                "extras": 0,
                "total": 0
              }
            }
          ]
        },
        {
          "over": 1,
          "deliveries": [
            {
              "batter": "TT Beaumont",
              "bowler": "CR Knott",
              "non_striker": "E de Broughe",
              "runs": {
                "batter": 0,
                "extras": 0,
                "total": 0
              }
            },
            {
              "batter": "TT Beaumont",
              "bowler": "CR Knott",
              "non_striker": "E de Broughe",
              "runs": {
                "batter": 4,
                "extras": 0,
                "total": 4
              }
            },
            {
              "batter": "TT Beaumont",
              "bowler": "CR Knott",
              "non_striker": "E de Broughe",
              "runs": {
                "batter": 0,
                "extras": 0,
                "total": 0
              }
            },
            {
              "batter": "TT Beaumont",
              "bowler": "CR Knott",
              "non_striker": "E de Broughe",
              "runs": {
                "batter": 0,
                "extras": 0,
                "total": 0
              }
            },
            {
              "batter": "TT Beaumont",
              "bowler": "CR Knott",
              "non_striker": "E de Broughe",
              "runs": {
                "batter": 0,
                "extras": 0,
                "total": 0
              }
            },
            {
              "batter": "TT Beaumont",
              "bowler": "CR Knott",
              "non_striker": "E de Broughe",
              "runs": {
                "batter": 1,
                "extras": 0,
                "total": 1
              }
            }
          ]
        },
        {
          "over": 2,
          "deliveries": [
            {
              "batter": "TT Beaumont",
              "bowler": "JL Jonassen",
              "non_striker": "E de Broughe",
              "runs": {
                "batter": 0,
                "extras": 0,
                "total": 0
              }
            },
            {
              "batter": "TT Beaumont",
              "bowler": "JL Jonassen",
              "extras": {
                "wides": 1
              },
              "non_striker": "E de Broughe",
              "runs": {
                "batter": 0,
                "extras": 1,
                "total": 1
              }
            },
            {
              "batter": "TT Beaumont",
              "bowler": "JL Jonassen",
              "non_striker": "E de Broughe",
              "runs": {
                "batter": 6,
                "extras": 0,
                "total": 6
              }
            },
            {
              "batter": "TT Beaumont",
              "bowler": "JL Jonassen",
              "extras": {
                "wides": 1
              },
              "non_striker": "E de Broughe",
              "runs": {
                "batter": 0,
                "extras": 1,
                "total": 1
              }
            },
            {
              "batter": "TT Beaumont",
              "bowler": "JL Jonassen",
              "non_striker": "E de Broughe",
              "runs": {
                "batter": 1,
                "extras": 0,
                "total": 1
              }
            },
            {
              "batter": "E de Broughe",
              "bowler": "JL Jonassen",
              "non_striker": "TT Beaumont",
              "runs": {
                "batter": 1,
                "extras": 0,
                "total": 1
              }
            },
            {
              "batter": "TT Beaumont",
              "bowler": "JL Jonassen",
              "non_striker": "E de Broughe",
              "runs": {
                "batter": 2,
                "extras": 0,
                "total": 2
              }
            },
            {
              "batter": "TT Beaumont",
              "bowler": "JL Jonassen",
              "non_striker": "E de Broughe",
              "runs": {
                "batter": 1,
                "extras": 0,
                "total": 1
              }
            }
          ]
        },
        {
          "over": 3,
          "deliveries": [
            {
              "batter": "TT Beaumont",
              "bowler": "NM Hancock",
              "non_striker": "E de Broughe",
              "runs": {
                "batter": 0,
                "extras": 0,
                "total": 0
              }
            },
            {
              "batter": "TT Beaumont",
              "bowler": "NM Hancock",
              "non_striker": "E de Broughe",
              "runs": {
                "batter": 0,
                "extras": 0,
                "total": 0
              }
            },
            {
              "batter": "TT Beaumont",
              "bowler": "NM Hancock",
              "non_striker": "E de Broughe",
              "runs": {
                "batter": 0,
                "extras": 0,
                "total": 0
              },
              "wickets": [
                {
                  "player_out": "TT Beaumont",
                  "kind": "bowled"
                }
              ]
            },
            {
              "batter": "H Kaur",
              "bowler": "NM Hancock",
              "non_striker": "E de Broughe",
              "runs": {
                "batter": 0,
                "extras": 0,
                "total": 0
              }
            },
            {
              "batter": "H Kaur",
              "bowler": "NM Hancock",
              "non_striker": "E de Broughe",
              "runs": {
                "batter": 0,
                "extras": 0,
                "total": 0
              }
            },
            {
              "batter": "H Kaur",
              "bowler": "NM Hancock",
              "extras": {
                "wides": 1
              },
              "non_striker": "E de Broughe",
              "runs": {
                "batter": 0,
                "extras": 1,
                "total": 1
              }
            },
            {
              "batter": "H Kaur",
              "bowler": "NM Hancock",
              "non_striker": "E de Broughe",
              "runs": {
                "batter": 0,
                "extras": 0,
                "total": 0
              }
            }
          ]
        },
        {
          "over": 4,
          "deliveries": [
            {
              "batter": "E de Broughe",
              "bowler": "LK Hamilton",
              "non_striker": "H Kaur",
              "runs": {
                "batter": 1,
                "extras": 0,
                "total": 1
              }
            },
            {
              "batter": "H Kaur",
              "bowler": "LK Hamilton",
              "non_striker": "E de Broughe",
              "runs": {
                "batter": 4,
                "extras": 0,
                "total": 4
              }
            },
            {
              "batter": "H Kaur",
              "bowler": "LK Hamilton",
              "extras": {
                "wides": 1
              },
              "non_striker": "E de Broughe",
              "runs": {
                "batter": 0,
                "extras": 1,
                "total": 1
              }
            },
            {
              "batter": "H Kaur",
              "bowler": "LK Hamilton",
              "non_striker": "E de Broughe",
              "runs": {
                "batter": 0,
                "extras": 0,
                "total": 0
              }
            },
            {
              "batter": "H Kaur",
              "bowler": "LK Hamilton",
              "non_striker": "E de Broughe",
              "runs": {
                "batter": 1,
                "extras": 0,
                "total": 1
              }
            },
            {
              "batter": "E de Broughe",
              "bowler": "LK Hamilton",
              "non_striker": "H Kaur",
              "runs": {
                "batter": 1,
                "extras": 0,
                "total": 1
              }
            },
            {
              "batter": "H Kaur",
              "bowler": "LK Hamilton",
              "non_striker": "E de Broughe",
              "runs": {
                "batter": 4,
                "extras": 0,
                "total": 4
              }
            }
          ]
        },
        {
          "over": 5,
          "deliveries": [
            {
              "batter": "E de Broughe",
              "bowler": "AC Kerr",
              "non_striker": "H Kaur",
              "runs": {
                "batter": 1,
                "extras": 0,
                "total": 1
              }
            },
            {
              "batter": "H Kaur",
              "bowler": "AC Kerr",
              "non_striker": "E de Broughe",
              "runs": {
                "batter": 4,
                "extras": 0,
                "total": 4
              }
            },
            {
              "batter": "H Kaur",
              "bowler": "AC Kerr",
              "non_striker": "E de Broughe",
              "runs": {
                "batter": 1,
                "extras": 0,
                "total": 1
              }
            },
            {
              "batter": "E de Broughe",
              "bowler": "AC Kerr",
              "non_striker": "H Kaur",
              "runs": {
                "batter": 1,
                "extras": 0,
                "total": 1
              }
            },
            {
              "batter": "H Kaur",
              "bowler": "AC Kerr",
              "non_striker": "E de Broughe",
              "runs": {
                "batter": 0,
                "extras": 0,
                "total": 0
              }
            },
            {
              "batter": "H Kaur",
              "bowler": "AC Kerr",
              "non_striker": "E de Broughe",
              "runs": {
                "batter": 0,
                "extras": 0,
                "total": 0
              }
            }
          ]
        },
        {
          "over": 6,
          "deliveries": [
            {
              "batter": "E de Broughe",
              "bowler": "JL Jonassen",
              "non_striker": "H Kaur",
              "runs": {
                "batter": 0,
                "extras": 0,
                "total": 0
              }
            },
            {
              "batter": "E de Broughe",
              "bowler": "JL Jonassen",
              "non_striker": "H Kaur",
              "runs": {
                "batter": 4,
                "extras": 0,
                "total": 4
              }
            },
            {
              "batter": "E de Broughe",
              "bowler": "JL Jonassen",
              "non_striker": "H Kaur",
              "runs": {
                "batter": 1,
                "extras": 0,
                "total": 1
              }
            },
            {
              "batter": "H Kaur",
              "bowler": "JL Jonassen",
              "non_striker": "E de Broughe",
              "runs": {
                "batter": 1,
                "extras": 0,
                "total": 1
              }
            },
            {
              "batter": "E de Broughe",
              "bowler": "JL Jonassen",
              "non_striker": "H Kaur",
              "runs": {
                "batter": 4,
                "extras": 0,
                "total": 4
              }
            },
            {
              "batter": "E de Broughe",
              "bowler": "JL Jonassen",
              "non_striker": "H Kaur",
              "runs": {
                "batter": 1,
                "extras": 0,
                "total": 1
              }
            }
          ]
        },
        {
          "over": 7,
          "deliveries": [
            {
              "batter": "E de Broughe",
              "bowler": "NM Hancock",
              "non_striker": "H Kaur",
              "runs": {
                "batter": 0,
                "extras": 0,
                "total": 0
              }
            },
            {
              "batter": "E de Broughe",
              "bowler": "NM Hancock",
              "non_striker": "H Kaur",
              "runs": {
                "batter": 2,
                "extras": 0,
                "total": 2
              }
            },
            {
              "batter": "E de Broughe",
              "bowler": "NM Hancock",
              "non_striker": "H Kaur",
              "runs": {
                "batter": 0,
                "extras": 0,
                "total": 0
              }
            },
            {
              "batter": "E de Broughe",
              "bowler": "NM Hancock",
              "non_striker": "H Kaur",
              "runs": {
                "batter": 0,
                "extras": 0,
                "total": 0
              }
            },
            {
              "batter": "E de Broughe",
              "bowler": "NM Hancock",
              "non_striker": "H Kaur",
              "runs": {
                "batter": 1,
                "extras": 0,
                "total": 1
              }
            },
            {
              "batter": "H Kaur",
              "bowler": "NM Hancock",
              "non_striker": "E de Broughe",
              "runs": {
                "batter": 1,
                "extras": 0,
                "total": 1
              }
            }
          ]
        },
        {
          "over": 8,
          "deliveries": [
            {
              "batter": "H Kaur",
              "bowler": "CG Sippel",
              "non_striker": "E de Broughe",
              "runs": {
                "batter": 0,
                "extras": 0,
                "total": 0
              }
            },
            {
              "batter": "H Kaur",
              "bowler": "CG Sippel",
              "non_striker": "E de Broughe",
              "runs": {
                "batter": 0,
                "extras": 0,
                "total": 0
              }
            },
            {
              "batter": "H Kaur",
              "bowler": "CG Sippel",
              "non_striker": "E de Broughe",
              "runs": {
                "batter": 1,
                "extras": 0,
                "total": 1
              }
            },
            {
              "batter": "E de Broughe",
              "bowler": "CG Sippel",
              "non_striker": "H Kaur",
              "runs": {
                "batter": 1,
                "extras": 0,
                "total": 1
              }
            },
            {
              "batter": "H Kaur",
              "bowler": "CG Sippel",
              "non_striker": "E de Broughe",
              "runs": {
                "batter": 4,
                "extras": 0,
                "total": 4
              }
            },
            {
              "batter": "H Kaur",
              "bowler": "CG Sippel",
              "non_striker": "E de Broughe",
              "runs": {
                "batter": 1,
                "extras": 0,
                "total": 1
              }
            }
          ]
        },
        {
          "over": 9,
          "deliveries": [
            {
              "batter": "H Kaur",
              "bowler": "AC Kerr",
              "non_striker": "E de Broughe",
              "runs": {
                "batter": 0,
                "extras": 0,
                "total": 0
              },
              "wickets": [
                {
                  "player_out": "H Kaur",
                  "fielders": [
                    {
                      "name": "G Redmayne"
                    }
                  ],
                  "kind": "stumped"
                }
              ]
            },
            {
              "batter": "HK Matthews",
              "bowler": "AC Kerr",
              "non_striker": "E de Broughe",
              "runs": {
                "batter": 0,
                "extras": 0,
                "total": 0
              }
            },
            {
              "batter": "HK Matthews",
              "bowler": "AC Kerr",
              "non_striker": "E de Broughe",
              "runs": {
                "batter": 0,
                "extras": 0,
                "total": 0
              }
            },
            {
              "batter": "HK Matthews",
              "bowler": "AC Kerr",
              "non_striker": "E de Broughe",
              "runs": {
                "batter": 0,
                "extras": 0,
                "total": 0
              }
            },
            {
              "batter": "HK Matthews",
              "bowler": "AC Kerr",
              "non_striker": "E de Broughe",
              "runs": {
                "batter": 0,
                "extras": 0,
                "total": 0
              }
            },
            {
              "batter": "HK Matthews",
              "bowler": "AC Kerr",
              "non_striker": "E de Broughe",
              "runs": {
                "batter": 0,
                "extras": 0,
                "total": 0
              }
            }
          ]
        },
        {
          "over": 10,
          "deliveries": [
            {
              "batter": "E de Broughe",
              "bowler": "CG Sippel",
              "non_striker": "HK Matthews",
              "runs": {
                "batter": 0,
                "extras": 0,
                "total": 0
              }
            },
            {
              "batter": "E de Broughe",
              "bowler": "CG Sippel",
              "non_striker": "HK Matthews",
              "runs": {
                "batter": 4,
                "extras": 0,
                "total": 4
              }
            },
            {
              "batter": "E de Broughe",
              "bowler": "CG Sippel",
              "non_striker": "HK Matthews",
              "runs": {
                "batter": 1,
                "extras": 0,
                "total": 1
              }
            },
            {
              "batter": "HK Matthews",
              "bowler": "CG Sippel",
              "non_striker": "E de Broughe",
              "runs": {
                "batter": 4,
                "extras": 0,
                "total": 4
              }
            },
            {
              "batter": "HK Matthews",
              "bowler": "CG Sippel",
              "extras": {
                "wides": 1
              },
              "non_striker": "E de Broughe",
              "runs": {
                "batter": 0,
                "extras": 1,
                "total": 1
              }
            },
            {
              "batter": "HK Matthews",
              "bowler": "CG Sippel",
              "non_striker": "E de Broughe",
              "runs": {
                "batter": 0,
                "extras": 0,
                "total": 0
              }
            },
            {
              "batter": "HK Matthews",
              "bowler": "CG Sippel",
              "non_striker": "E de Broughe",
              "runs": {
                "batter": 2,
                "extras": 0,
                "total": 2
              }
            }
          ]
        },
        {
          "over": 11,
          "deliveries": [
            {
              "batter": "E de Broughe",
              "bowler": "CR Knott",
              "non_striker": "HK Matthews",
              "runs": {
                "batter": 1,
                "extras": 0,
                "total": 1
              }
            },
            {
              "batter": "HK Matthews",
              "bowler": "CR Knott",
              "non_striker": "E de Broughe",
              "runs": {
                "batter": 4,
                "extras": 0,
                "total": 4
              }
            },
            {
              "batter": "HK Matthews",
              "bowler": "CR Knott",
              "non_striker": "E de Broughe",
              "runs": {
                "batter": 4,
                "extras": 0,
                "total": 4
              }
            },
            {
              "batter": "HK Matthews",
              "bowler": "CR Knott",
              "non_striker": "E de Broughe",
              "runs": {
                "batter": 4,
                "extras": 0,
                "total": 4
              }
            },
            {
              "batter": "HK Matthews",
              "bowler": "CR Knott",
              "non_striker": "E de Broughe",
              "runs": {
                "batter": 1,
                "extras": 0,
                "total": 1
              }
            },
            {
              "batter": "E de Broughe",
              "bowler": "CR Knott",
              "non_striker": "HK Matthews",
              "runs": {
                "batter": 1,
                "extras": 0,
                "total": 1
              }
            }
          ]
        },
        {
          "over": 12,
          "deliveries": [
            {
              "batter": "E de Broughe",
              "bowler": "JL Jonassen",
              "non_striker": "HK Matthews",
              "runs": {
                "batter": 6,
                "extras": 0,
                "total": 6
              }
            },
            {
              "batter": "E de Broughe",
              "bowler": "JL Jonassen",
              "non_striker": "HK Matthews",
              "runs": {
                "batter": 1,
                "extras": 0,
                "total": 1
              }
            },
            {
              "batter": "HK Matthews",
              "bowler": "JL Jonassen",
              "non_striker": "E de Broughe",
              "runs": {
                "batter": 2,
                "extras": 0,
                "total": 2
              }
            },
            {
              "batter": "HK Matthews",
              "bowler": "JL Jonassen",
              "non_striker": "E de Broughe",
              "runs": {
                "batter": 0,
                "extras": 0,
                "total": 0
              }
            },
            {
              "batter": "HK Matthews",
              "bowler": "JL Jonassen",
              "non_striker": "E de Broughe",
              "runs": {
                "batter": 1,
                "extras": 0,
                "total": 1
              }
            },
            {
              "batter": "E de Broughe",
              "bowler": "JL Jonassen",
              "non_striker": "HK Matthews",
              "runs": {
                "batter": 1,
                "extras": 0,
                "total": 1
              }
            }
          ]
        },
        {
          "over": 13,
          "deliveries": [
            {
              "batter": "E de Broughe",
              "bowler": "AC Kerr",
              "non_striker": "HK Matthews",
              "runs": {
                "batter": 1,
                "extras": 0,
                "total": 1
              }
            },
            {
              "batter": "HK Matthews",
              "bowler": "AC Kerr",
              "non_striker": "E de Broughe",
              "runs": {
                "batter": 6,
                "extras": 0,
                "total": 6
              }
            },
            {
              "batter": "HK Matthews",
              "bowler": "AC Kerr",
              "non_striker": "E de Broughe",
              "runs": {
                "batter": 4,
                "extras": 0,
                "total": 4
              }
            },
            {
              "batter": "HK Matthews",
              "bowler": "AC Kerr",
              "non_striker": "E de Broughe",
              "runs": {
                "batter": 1,
                "extras": 0,
                "total": 1
              }
            },
            {
              "batter": "E de Broughe",
              "bowler": "AC Kerr",
              "non_striker": "HK Matthews",
              "runs": {
                "batter": 1,
                "extras": 0,
                "total": 1
              }
            },
            {
              "batter": "HK Matthews",
              "bowler": "AC Kerr",
              "non_striker": "E de Broughe",
              "runs": {
                "batter": 0,
                "extras": 0,
                "total": 0
              }
            }
          ]
        },
        {
          "over": 14,
          "deliveries": [
            {
              "batter": "E de Broughe",
              "bowler": "CG Sippel",
              "non_striker": "HK Matthews",
              "runs": {
                "batter": 3,
                "extras": 0,
                "total": 3
              }
            },
            {
              "batter": "HK Matthews",
              "bowler": "CG Sippel",
              "non_striker": "E de Broughe",
              "runs": {
                "batter": 4,
                "extras": 0,
                "total": 4
              }
            },
            {
              "batter": "HK Matthews",
              "bowler": "CG Sippel",
              "non_striker": "E de Broughe",
              "runs": {
                "batter": 4,
                "extras": 0,
                "total": 4
              }
            },
            {
              "batter": "HK Matthews",
              "bowler": "CG Sippel",
              "non_striker": "E de Broughe",
              "review": {
                "by": "Melbourne Renegades",
                "umpire": "J Adie",
                "batter": "HK Matthews",
                "decision": "upheld",
                "type": "wicket"
              },
              "runs": {
                "batter": 0,
                "extras": 0,
                "total": 0
              }
            },
            {
              "batter": "HK Matthews",
              "bowler": "CG Sippel",
              "non_striker": "E de Broughe",
              "runs": {
                "batter": 1,
                "extras": 0,
                "total": 1
              }
            },
            {
              "batter": "E de Broughe",
              "bowler": "CG Sippel",
              "non_striker": "HK Matthews",
              "runs": {
                "batter": 1,
                "extras": 0,
                "total": 1
              }
            }
          ]
        },
        {
          "over": 15,
          "deliveries": [
            {
              "batter": "E de Broughe",
              "bowler": "GM Harris",
              "non_striker": "HK Matthews",
              "runs": {
                "batter": 1,
                "extras": 0,
                "total": 1
              }
            },
            {
              "batter": "HK Matthews",
              "bowler": "GM Harris",
              "non_striker": "E de Broughe",
              "runs": {
                "batter": 1,
                "extras": 0,
                "total": 1
              }
            },
            {
              "batter": "E de Broughe",
              "bowler": "GM Harris",
              "non_striker": "HK Matthews",
              "runs": {
                "batter": 0,
                "extras": 0,
                "total": 0
              }
            },
            {
              "batter": "E de Broughe",
              "bowler": "GM Harris",
              "non_striker": "HK Matthews",
              "runs": {
                "batter": 0,
                "extras": 0,
                "total": 0
              }
            },
            {
              "batter": "E de Broughe",
              "bowler": "GM Harris",
              "non_striker": "HK Matthews",
              "runs": {
                "batter": 0,
                "extras": 0,
                "total": 0
              },
              "wickets": [
                {
                  "player_out": "E de Broughe",
                  "fielders": [
                    {
                      "name": "NM Hancock"
                    }
                  ],
                  "kind": "caught"
                }
              ]
            },
            {
              "batter": "G Wareham",
              "bowler": "GM Harris",
              "non_striker": "HK Matthews",
              "runs": {
                "batter": 1,
                "extras": 0,
                "total": 1
              }
            }
          ]
        },
        {
          "over": 16,
          "deliveries": [
            {
              "batter": "G Wareham",
              "bowler": "AC Kerr",
              "non_striker": "HK Matthews",
              "runs": {
                "batter": 1,
                "extras": 0,
                "total": 1
              }
            },
            {
              "batter": "HK Matthews",
              "bowler": "AC Kerr",
              "non_striker": "G Wareham",
              "runs": {
                "batter": 1,
                "extras": 0,
                "total": 1
              }
            },
            {
              "batter": "G Wareham",
              "bowler": "AC Kerr",
              "non_striker": "HK Matthews",
              "runs": {
                "batter": 1,
                "extras": 0,
                "total": 1
              }
            },
            {
              "batter": "HK Matthews",
              "bowler": "AC Kerr",
              "non_striker": "G Wareham",
              "runs": {
                "batter": 1,
                "extras": 0,
                "total": 1
              }
            },
            {
              "batter": "G Wareham",
              "bowler": "AC Kerr",
              "non_striker": "HK Matthews",
              "runs": {
                "batter": 1,
                "extras": 0,
                "total": 1
              }
            },
            {
              "batter": "HK Matthews",
              "bowler": "AC Kerr",
              "non_striker": "G Wareham",
              "runs": {
                "batter": 1,
                "extras": 0,
                "total": 1
              }
            }
          ]
        },
        {
          "over": 17,
          "deliveries": [
            {
              "batter": "HK Matthews",
              "bowler": "NM Hancock",
              "non_striker": "G Wareham",
              "runs": {
                "batter": 0,
                "extras": 0,
                "total": 0
              },
              "wickets": [
                {
                  "player_out": "HK Matthews",
                  "kind": "bowled"
                }
              ]
            },
            {
              "batter": "C Webb",
              "bowler": "NM Hancock",
              "non_striker": "G Wareham",
              "runs": {
                "batter": 0,
                "extras": 0,
                "total": 0
              },
              "wickets": [
                {
                  "player_out": "C Webb",
                  "kind": "bowled"
                }
              ]
            },
            {
              "batter": "JE Duffin",
              "bowler": "NM Hancock",
              "extras": {
                "wides": 1
              },
              "non_striker": "G Wareham",
              "runs": {
                "batter": 0,
                "extras": 1,
                "total": 1
              }
            },
            {
              "batter": "JE Duffin",
              "bowler": "NM Hancock",
              "non_striker": "G Wareham",
              "runs": {
                "batter": 1,
                "extras": 0,
                "total": 1
              }
            },
            {
              "batter": "G Wareham",
              "bowler": "NM Hancock",
              "non_striker": "JE Duffin",
              "runs": {
                "batter": 2,
                "extras": 0,
                "total": 2
              }
            },
            {
              "batter": "G Wareham",
              "bowler": "NM Hancock",
              "non_striker": "JE Duffin",
              "runs": {
                "batter": 1,
                "extras": 0,
                "total": 1
              }
            },
            {
              "batter": "JE Duffin",
              "bowler": "NM Hancock",
              "non_striker": "G Wareham",
              "runs": {
                "batter": 1,
                "extras": 0,
                "total": 1
              }
            }
          ]
        },
        {
          "over": 18,
          "deliveries": [
            {
              "batter": "JE Duffin",
              "bowler": "GM Harris",
              "non_striker": "G Wareham",
              "runs": {
                "batter": 2,
                "extras": 0,
                "total": 2
              }
            },
            {
              "batter": "JE Duffin",
              "bowler": "GM Harris",
              "non_striker": "G Wareham",
              "runs": {
                "batter": 6,
                "extras": 0,
                "total": 6
              }
            },
            {
              "batter": "JE Duffin",
              "bowler": "GM Harris",
              "non_striker": "G Wareham",
              "runs": {
                "batter": 1,
                "extras": 0,
                "total": 1
              }
            },
            {
              "batter": "G Wareham",
              "bowler": "GM Harris",
              "non_striker": "JE Duffin",
              "runs": {
                "batter": 2,
                "extras": 0,
                "total": 2
              }
            },
            {
              "batter": "G Wareham",
              "bowler": "GM Harris",
              "non_striker": "JE Duffin",
              "runs": {
                "batter": 0,
                "extras": 0,
                "total": 0
              },
              "wickets": [
                {
                  "player_out": "G Wareham",
                  "fielders": [
                    {
                      "name": "G Redmayne"
                    }
                  ],
                  "kind": "caught"
                }
              ]
            },
            {
              "batter": "SJ Coyte",
              "bowler": "GM Harris",
              "non_striker": "JE Duffin",
              "runs": {
                "batter": 2,
                "extras": 0,
                "total": 2
              }
            }
          ]
        },
        {
          "over": 19,
          "deliveries": [
            {
              "batter": "JE Duffin",
              "bowler": "NM Hancock",
              "non_striker": "SJ Coyte",
              "runs": {
                "batter": 0,
                "extras": 0,
                "total": 0
              }
            },
            {
              "batter": "JE Duffin",
              "bowler": "NM Hancock",
              "non_striker": "SJ Coyte",
              "runs": {
                "batter": 0,
                "extras": 0,
                "total": 0
              },
              "wickets": [
                {
                  "player_out": "JE Duffin",
                  "fielders": [
                    {
                      "name": "G Redmayne"
                    }
                  ],
                  "kind": "caught"
                }
              ]
            },
            {
              "batter": "JE Dooley",
              "bowler": "NM Hancock",
              "extras": {
                "wides": 1
              },
              "non_striker": "SJ Coyte",
              "runs": {
                "batter": 0,
                "extras": 1,
                "total": 1
              }
            },
            {
              "batter": "JE Dooley",
              "bowler": "NM Hancock",
              "non_striker": "SJ Coyte",
              "runs": {
                "batter": 4,
                "extras": 0,
                "total": 4
              }
            },
            {
              "batter": "JE Dooley",
              "bowler": "NM Hancock",
              "non_striker": "SJ Coyte",
              "runs": {
                "batter": 1,
                "extras": 0,
                "total": 1
              }
            },
            {
              "batter": "SJ Coyte",
              "bowler": "NM Hancock",
              "non_striker": "JE Dooley",
              "runs": {
                "batter": 2,
                "extras": 0,
                "total": 2
              }
            },
            {
              "batter": "SJ Coyte",
              "bowler": "NM Hancock",
              "non_striker": "JE Dooley",
              "runs": {
                "batter": 1,
                "extras": 0,
                "total": 1
              }
            }
          ]
        }
      ],
      "powerplays": [
        {
          "from": 0.1,
          "to": 3.7,
          "type": "mandatory"
        },
        {
          "from": 17.1,
          "to": 18.6,
          "type": "batting"
        }
      ]
    },
    {
      "team": "Brisbane Heat",
      "overs": [
        {
          "over": 0,
          "deliveries": [
            {
              "batter": "GM Harris",
              "bowler": "Sara Kennedy",
              "non_striker": "G Redmayne",
              "runs": {
                "batter": 0,
                "extras": 0,
                "total": 0
              }
            },
            {
              "batter": "GM Harris",
              "bowler": "Sara Kennedy",
              "non_striker": "G Redmayne",
              "runs": {
                "batter": 1,
                "extras": 0,
                "total": 1
              }
            },
            {
              "batter": "G Redmayne",
              "bowler": "Sara Kennedy",
              "extras": {
                "wides": 1
              },
              "non_striker": "GM Harris",
              "runs": {
                "batter": 0,
                "extras": 1,
                "total": 1
              }
            },
            {
              "batter": "G Redmayne",
              "bowler": "Sara Kennedy",
              "extras": {
                "wides": 1
              },
              "non_striker": "GM Harris",
              "runs": {
                "batter": 0,
                "extras": 1,
                "total": 1
              }
            },
            {
              "batter": "G Redmayne",
              "bowler": "Sara Kennedy",
              "extras": {
                "wides": 1
              },
              "non_striker": "GM Harris",
              "runs": {
                "batter": 0,
                "extras": 1,
                "total": 1
              }
            },
            {
              "batter": "G Redmayne",
              "bowler": "Sara Kennedy",
              "non_striker": "GM Harris",
              "runs": {
                "batter": 1,
                "extras": 0,
                "total": 1
              }
            },
            {
              "batter": "GM Harris",
              "bowler": "Sara Kennedy",
              "non_striker": "G Redmayne",
              "runs": {
                "batter": 4,
                "extras": 0,
                "total": 4
              }
            },
            {
              "batter": "GM Harris",
              "bowler": "Sara Kennedy",
              "non_striker": "G Redmayne",
              "runs": {
                "batter": 1,
                "extras": 0,
                "total": 1
              }
            },
            {
              "batter": "G Redmayne",
              "bowler": "Sara Kennedy",
              "non_striker": "GM Harris",
              "runs": {
                "batter": 0,
                "extras": 0,
                "total": 0
              }
            }
          ]
        },
        {
          "over": 1,
          "deliveries": [
            {
              "batter": "GM Harris",
              "bowler": "HK Matthews",
              "non_striker": "G Redmayne",
              "runs": {
                "batter": 0,
                "extras": 0,
                "total": 0
              }
            },
            {
              "batter": "GM Harris",
              "bowler": "HK Matthews",
              "non_striker": "G Redmayne",
              "runs": {
                "batter": 1,
                "extras": 0,
                "total": 1
              }
            },
            {
              "batter": "G Redmayne",
              "bowler": "HK Matthews",
              "non_striker": "GM Harris",
              "runs": {
                "batter": 1,
                "extras": 0,
                "total": 1
              }
            },
            {
              "batter": "GM Harris",
              "bowler": "HK Matthews",
              "non_striker": "G Redmayne",
              "runs": {
                "batter": 1,
                "extras": 0,
                "total": 1
              }
            },
            {
              "batter": "G Redmayne",
              "bowler": "HK Matthews",
              "non_striker": "GM Harris",
              "runs": {
                "batter": 0,
                "extras": 0,
                "total": 0
              },
              "wickets": [
                {
                  "player_out": "G Redmayne",
                  "fielders": [
                    {
                      "name": "JE Duffin"
                    }
                  ],
                  "kind": "caught"
                }
              ]
            },
            {
              "batter": "BAM Heath",
              "bowler": "HK Matthews",
              "non_striker": "GM Harris",
              "runs": {
                "batter": 0,
                "extras": 0,
                "total": 0
              }
            }
          ]
        },
        {
          "over": 2,
          "deliveries": [
            {
              "batter": "GM Harris",
              "bowler": "G Prestwidge",
              "non_striker": "BAM Heath",
              "runs": {
                "batter": 0,
                "extras": 0,
                "total": 0
              }
            },
            {
              "batter": "GM Harris",
              "bowler": "G Prestwidge",
              "non_striker": "BAM Heath",
              "runs": {
                "batter": 4,
                "extras": 0,
                "total": 4
              }
            },
            {
              "batter": "GM Harris",
              "bowler": "G Prestwidge",
              "non_striker": "BAM Heath",
              "runs": {
                "batter": 4,
                "extras": 0,
                "total": 4
              }
            },
            {
              "batter": "GM Harris",
              "bowler": "G Prestwidge",
              "non_striker": "BAM Heath",
              "runs": {
                "batter": 4,
                "extras": 0,
                "total": 4
              }
            },
            {
              "batter": "GM Harris",
              "bowler": "G Prestwidge",
              "non_striker": "BAM Heath",
              "runs": {
                "batter": 1,
                "extras": 0,
                "total": 1
              }
            },
            {
              "batter": "BAM Heath",
              "bowler": "G Prestwidge",
              "non_striker": "GM Harris",
              "runs": {
                "batter": 4,
                "extras": 0,
                "total": 4
              }
            }
          ]
        },
        {
          "over": 3,
          "deliveries": [
            {
              "batter": "GM Harris",
              "bowler": "HK Matthews",
              "non_striker": "BAM Heath",
              "runs": {
                "batter": 1,
                "extras": 0,
                "total": 1
              }
            },
            {
              "batter": "BAM Heath",
              "bowler": "HK Matthews",
              "non_striker": "GM Harris",
              "runs": {
                "batter": 4,
                "extras": 0,
                "total": 4
              }
            },
            {
              "batter": "BAM Heath",
              "bowler": "HK Matthews",
              "non_striker": "GM Harris",
              "runs": {
                "batter": 1,
                "extras": 0,
                "total": 1
              }
            },
            {
              "batter": "GM Harris",
              "bowler": "HK Matthews",
              "non_striker": "BAM Heath",
              "runs": {
                "batter": 0,
                "extras": 0,
                "total": 0
              }
            },
            {
              "batter": "GM Harris",
              "bowler": "HK Matthews",
              "non_striker": "BAM Heath",
              "runs": {
                "batter": 6,
                "extras": 0,
                "total": 6
              }
            },
            {
              "batter": "GM Harris",
              "bowler": "HK Matthews",
              "non_striker": "BAM Heath",
              "runs": {
                "batter": 2,
                "extras": 0,
                "total": 2
              }
            }
          ]
        },
        {
          "over": 4,
          "deliveries": [
            {
              "batter": "BAM Heath",
              "bowler": "G Wareham",
              "non_striker": "GM Harris",
              "runs": {
                "batter": 0,
                "extras": 0,
                "total": 0
              }
            },
            {
              "batter": "BAM Heath",
              "bowler": "G Wareham",
              "non_striker": "GM Harris",
              "runs": {
                "batter": 0,
                "extras": 0,
                "total": 0
              }
            },
            {
              "batter": "BAM Heath",
              "bowler": "G Wareham",
              "non_striker": "GM Harris",
              "runs": {
                "batter": 4,
                "extras": 0,
                "total": 4
              }
            },
            {
              "batter": "BAM Heath",
              "bowler": "G Wareham",
              "non_striker": "GM Harris",
              "runs": {
                "batter": 0,
                "extras": 0,
                "total": 0
              },
              "wickets": [
                {
                  "player_out": "BAM Heath",
                  "fielders": [
                    {
                      "name": "SJ Coyte"
                    }
                  ],
                  "kind": "caught"
                }
              ]
            },
            {
              "batter": "AC Kerr",
              "bowler": "G Wareham",
              "non_striker": "GM Harris",
              "runs": {
                "batter": 0,
                "extras": 0,
                "total": 0
              }
            },
            {
              "batter": "AC Kerr",
              "bowler": "G Wareham",
              "non_striker": "GM Harris",
              "runs": {
                "batter": 0,
                "extras": 0,
                "total": 0
              }
            }
          ]
        },
        {
          "over": 5,
          "deliveries": [
            {
              "batter": "GM Harris",
              "bowler": "SJ Coyte",
              "non_striker": "AC Kerr",
              "runs": {
                "batter": 1,
                "extras": 0,
                "total": 1
              }
            },
            {
              "batter": "AC Kerr",
              "bowler": "SJ Coyte",
              "non_striker": "GM Harris",
              "runs": {
                "batter": 0,
                "extras": 0,
                "total": 0
              }
            },
            {
              "batter": "AC Kerr",
              "bowler": "SJ Coyte",
              "non_striker": "GM Harris",
              "runs": {
                "batter": 1,
                "extras": 0,
                "total": 1
              }
            },
            {
              "batter": "GM Harris",
              "bowler": "SJ Coyte",
              "non_striker": "AC Kerr",
              "runs": {
                "batter": 1,
                "extras": 0,
                "total": 1
              }
            },
            {
              "batter": "AC Kerr",
              "bowler": "SJ Coyte",
              "non_striker": "GM Harris",
              "runs": {
                "batter": 0,
                "extras": 0,
                "total": 0
              }
            },
            {
              "batter": "AC Kerr",
              "bowler": "SJ Coyte",
              "non_striker": "GM Harris",
              "runs": {
                "batter": 1,
                "extras": 0,
                "total": 1
              }
            }
          ]
        },
        {
          "over": 6,
          "deliveries": [
            {
              "batter": "AC Kerr",
              "bowler": "G Wareham",
              "non_striker": "GM Harris",
              "runs": {
                "batter": 2,
                "extras": 0,
                "total": 2
              }
            },
            {
              "batter": "AC Kerr",
              "bowler": "G Wareham",
              "non_striker": "GM Harris",
              "runs": {
                "batter": 2,
                "extras": 0,
                "total": 2
              }
            },
            {
              "batter": "AC Kerr",
              "bowler": "G Wareham",
              "non_striker": "GM Harris",
              "runs": {
                "batter": 1,
                "extras": 0,
                "total": 1
              }
            },
            {
              "batter": "GM Harris",
              "bowler": "G Wareham",
              "non_striker": "AC Kerr",
              "runs": {
                "batter": 4,
                "extras": 0,
                "total": 4
              }
            },
            {
              "batter": "GM Harris",
              "bowler": "G Wareham",
              "non_striker": "AC Kerr",
              "runs": {
                "batter": 1,
                "extras": 0,
                "total": 1
              }
            },
            {
              "batter": "AC Kerr",
              "bowler": "G Wareham",
              "non_striker": "GM Harris",
              "runs": {
                "batter": 1,
                "extras": 0,
                "total": 1
              }
            }
          ]
        },
        {
          "over": 7,
          "deliveries": [
            {
              "batter": "AC Kerr",
              "bowler": "SJ Coyte",
              "non_striker": "GM Harris",
              "runs": {
                "batter": 0,
                "extras": 0,
                "total": 0
              },
              "wickets": [
                {
                  "player_out": "AC Kerr",
                  "fielders": [
                    {
                      "name": "HK Matthews"
                    }
                  ],
                  "kind": "caught"
                }
              ]
            },
            {
              "batter": "M du Preez",
              "bowler": "SJ Coyte",
              "non_striker": "GM Harris",
              "runs": {
                "batter": 1,
                "extras": 0,
                "total": 1
              }
            },
            {
              "batter": "GM Harris",
              "bowler": "SJ Coyte",
              "non_striker": "M du Preez",
              "runs": {
                "batter": 1,
                "extras": 0,
                "total": 1
              }
            },
            {
              "batter": "M du Preez",
              "bowler": "SJ Coyte",
              "extras": {
                "legbyes": 1
              },
              "non_striker": "GM Harris",
              "runs": {
                "batter": 0,
                "extras": 1,
                "total": 1
              }
            },
            {
              "batter": "GM Harris",
              "bowler": "SJ Coyte",
              "non_striker": "M du Preez",
              "runs": {
                "batter": 1,
                "extras": 0,
                "total": 1
              }
            },
            {
              "batter": "M du Preez",
              "bowler": "SJ Coyte",
              "non_striker": "GM Harris",
              "runs": {
                "batter": 1,
                "extras": 0,
                "total": 1
              }
            }
          ]
        },
        {
          "over": 8,
          "deliveries": [
            {
              "batter": "M du Preez",
              "bowler": "Sara Kennedy",
              "non_striker": "GM Harris",
              "runs": {
                "batter": 0,
                "extras": 0,
                "total": 0
              }
            },
            {
              "batter": "M du Preez",
              "bowler": "Sara Kennedy",
              "non_striker": "GM Harris",
              "runs": {
                "batter": 2,
                "extras": 0,
                "total": 2
              }
            },
            {
              "batter": "M du Preez",
              "bowler": "Sara Kennedy",
              "non_striker": "GM Harris",
              "runs": {
                "batter": 1,
                "extras": 0,
                "total": 1
              }
            },
            {
              "batter": "GM Harris",
              "bowler": "Sara Kennedy",
              "extras": {
                "legbyes": 1
              },
              "non_striker": "M du Preez",
              "runs": {
                "batter": 0,
                "extras": 1,
                "total": 1
              }
            },
            {
              "batter": "M du Preez",
              "bowler": "Sara Kennedy",
              "non_striker": "GM Harris",
              "runs": {
                "batter": 4,
                "extras": 0,
                "total": 4
              }
            },
            {
              "batter": "M du Preez",
              "bowler": "Sara Kennedy",
              "non_striker": "GM Harris",
              "runs": {
                "batter": 0,
                "extras": 0,
                "total": 0
              }
            }
          ]
        },
        {
          "over": 9,
          "deliveries": [
            {
              "batter": "GM Harris",
              "bowler": "G Prestwidge",
              "non_striker": "M du Preez",
              "runs": {
                "batter": 2,
                "extras": 0,
                "total": 2
              }
            },
            {
              "batter": "GM Harris",
              "bowler": "G Prestwidge",
              "non_striker": "M du Preez",
              "runs": {
                "batter": 4,
                "extras": 0,
                "total": 4
              }
            },
            {
              "batter": "GM Harris",
              "bowler": "G Prestwidge",
              "non_striker": "M du Preez",
              "runs": {
                "batter": 1,
                "extras": 0,
                "total": 1
              }
            },
            {
              "batter": "M du Preez",
              "bowler": "G Prestwidge",
              "non_striker": "GM Harris",
              "runs": {
                "batter": 4,
                "extras": 0,
                "total": 4
              }
            },
            {
              "batter": "M du Preez",
              "bowler": "G Prestwidge",
              "non_striker": "GM Harris",
              "runs": {
                "batter": 0,
                "extras": 0,
                "total": 0
              }
            },
            {
              "batter": "M du Preez",
              "bowler": "G Prestwidge",
              "non_striker": "GM Harris",
              "runs": {
                "batter": 0,
                "extras": 0,
                "total": 0
              },
              "wickets": [
                {
                  "player_out": "M du Preez",
                  "fielders": [
                    {
                      "name": "G Wareham"
                    }
                  ],
                  "kind": "caught"
                }
              ]
            }
          ]
        },
        {
          "over": 10,
          "deliveries": [
            {
              "batter": "GM Harris",
              "bowler": "G Wareham",
              "non_striker": "CR Knott",
              "runs": {
                "batter": 4,
                "extras": 0,
                "total": 4
              }
            },
            {
              "batter": "GM Harris",
              "bowler": "G Wareham",
              "non_striker": "CR Knott",
              "runs": {
                "batter": 1,
                "extras": 0,
                "total": 1
              }
            },
            {
              "batter": "CR Knott",
              "bowler": "G Wareham",
              "non_striker": "GM Harris",
              "runs": {
                "batter": 1,
                "extras": 0,
                "total": 1
              }
            },
            {
              "batter": "GM Harris",
              "bowler": "G Wareham",
              "non_striker": "CR Knott",
              "runs": {
                "batter": 1,
                "extras": 0,
                "total": 1
              }
            },
            {
              "batter": "CR Knott",
              "bowler": "G Wareham",
              "non_striker": "GM Harris",
              "runs": {
                "batter": 1,
                "extras": 0,
                "total": 1
              }
            },
            {
              "batter": "GM Harris",
              "bowler": "G Wareham",
              "non_striker": "CR Knott",
              "runs": {
                "batter": 1,
                "extras": 0,
                "total": 1
              }
            }
          ]
        },
        {
          "over": 11,
          "deliveries": [
            {
              "batter": "GM Harris",
              "bowler": "HK Matthews",
              "non_striker": "CR Knott",
              "runs": {
                "batter": 6,
                "extras": 0,
                "total": 6
              }
            },
            {
              "batter": "GM Harris",
              "bowler": "HK Matthews",
              "non_striker": "CR Knott",
              "runs": {
                "batter": 0,
                "extras": 0,
                "total": 0
              }
            },
            {
              "batter": "GM Harris",
              "bowler": "HK Matthews",
              "non_striker": "CR Knott",
              "runs": {
                "batter": 1,
                "extras": 0,
                "total": 1
              }
            },
            {
              "batter": "CR Knott",
              "bowler": "HK Matthews",
              "non_striker": "GM Harris",
              "runs": {
                "batter": 1,
                "extras": 0,
                "total": 1
              }
            },
            {
              "batter": "GM Harris",
              "bowler": "HK Matthews",
              "non_striker": "CR Knott",
              "runs": {
                "batter": 1,
                "extras": 0,
                "total": 1
              }
            },
            {
              "batter": "CR Knott",
              "bowler": "HK Matthews",
              "non_striker": "GM Harris",
              "runs": {
                "batter": 0,
                "extras": 0,
                "total": 0
              }
            }
          ]
        },
        {
          "over": 12,
          "deliveries": [
            {
              "batter": "GM Harris",
              "bowler": "SJ Coyte",
              "non_striker": "CR Knott",
              "runs": {
                "batter": 4,
                "extras": 0,
                "total": 4
              }
            },
            {
              "batter": "GM Harris",
              "bowler": "SJ Coyte",
              "non_striker": "CR Knott",
              "runs": {
                "batter": 0,
                "extras": 0,
                "total": 0
              },
              "wickets": [
                {
                  "player_out": "GM Harris",
                  "kind": "bowled"
                }
              ]
            },
            {
              "batter": "G Voll",
              "bowler": "SJ Coyte",
              "non_striker": "CR Knott",
              "runs": {
                "batter": 0,
                "extras": 0,
                "total": 0
              }
            },
            {
              "batter": "G Voll",
              "bowler": "SJ Coyte",
              "non_striker": "CR Knott",
              "runs": {
                "batter": 0,
                "extras": 0,
                "total": 0
              }
            },
            {
              "batter": "G Voll",
              "bowler": "SJ Coyte",
              "non_striker": "CR Knott",
              "runs": {
                "batter": 2,
                "extras": 0,
                "total": 2
              }
            },
            {
              "batter": "G Voll",
              "bowler": "SJ Coyte",
              "non_striker": "CR Knott",
              "runs": {
                "batter": 0,
                "extras": 0,
                "total": 0
              }
            }
          ]
        },
        {
          "over": 13,
          "deliveries": [
            {
              "batter": "CR Knott",
              "bowler": "G Prestwidge",
              "non_striker": "G Voll",
              "runs": {
                "batter": 1,
                "extras": 0,
                "total": 1
              }
            },
            {
              "batter": "G Voll",
              "bowler": "G Prestwidge",
              "extras": {
                "wides": 1
              },
              "non_striker": "CR Knott",
              "runs": {
                "batter": 0,
                "extras": 1,
                "total": 1
              }
            },
            {
              "batter": "G Voll",
              "bowler": "G Prestwidge",
              "non_striker": "CR Knott",
              "runs": {
                "batter": 0,
                "extras": 0,
                "total": 0
              }
            },
            {
              "batter": "G Voll",
              "bowler": "G Prestwidge",
              "non_striker": "CR Knott",
              "runs": {
                "batter": 0,
                "extras": 0,
                "total": 0
              }
            },
            {
              "batter": "G Voll",
              "bowler": "G Prestwidge",
              "extras": {
                "wides": 1
              },
              "non_striker": "CR Knott",
              "runs": {
                "batter": 0,
                "extras": 1,
                "total": 1
              }
            },
            {
              "batter": "G Voll",
              "bowler": "G Prestwidge",
              "non_striker": "CR Knott",
              "runs": {
                "batter": 1,
                "extras": 0,
                "total": 1
              }
            },
            {
              "batter": "CR Knott",
              "bowler": "G Prestwidge",
              "non_striker": "G Voll",
              "runs": {
                "batter": 1,
                "extras": 0,
                "total": 1
              }
            },
            {
              "batter": "G Voll",
              "bowler": "G Prestwidge",
              "non_striker": "CR Knott",
              "runs": {
                "batter": 1,
                "extras": 0,
                "total": 1
              }
            }
          ]
        },
        {
          "over": 14,
          "deliveries": [
            {
              "batter": "G Voll",
              "bowler": "G Wareham",
              "non_striker": "CR Knott",
              "runs": {
                "batter": 1,
                "extras": 0,
                "total": 1
              }
            },
            {
              "batter": "CR Knott",
              "bowler": "G Wareham",
              "non_striker": "G Voll",
              "runs": {
                "batter": 1,
                "extras": 0,
                "total": 1
              }
            },
            {
              "batter": "G Voll",
              "bowler": "G Wareham",
              "non_striker": "CR Knott",
              "runs": {
                "batter": 0,
                "extras": 0,
                "total": 0
              }
            },
            {
              "batter": "G Voll",
              "bowler": "G Wareham",
              "non_striker": "CR Knott",
              "runs": {
                "batter": 2,
                "extras": 0,
                "total": 2
              }
            },
            {
              "batter": "G Voll",
              "bowler": "G Wareham",
              "non_striker": "CR Knott",
              "runs": {
                "batter": 0,
                "extras": 0,
                "total": 0
              }
            },
            {
              "batter": "G Voll",
              "bowler": "G Wareham",
              "non_striker": "CR Knott",
              "runs": {
                "batter": 0,
                "extras": 0,
                "total": 0
              }
            }
          ]
        },
        {
          "over": 15,
          "deliveries": [
            {
              "batter": "CR Knott",
              "bowler": "H Kaur",
              "non_striker": "G Voll",
              "runs": {
                "batter": 1,
                "extras": 0,
                "total": 1
              }
            },
            {
              "batter": "G Voll",
              "bowler": "H Kaur",
              "non_striker": "CR Knott",
              "runs": {
                "batter": 0,
                "extras": 0,
                "total": 0
              },
              "wickets": [
                {
                  "player_out": "G Voll",
                  "fielders": [
                    {
                      "name": "E de Broughe"
                    }
                  ],
                  "kind": "caught"
                }
              ]
            },
            {
              "batter": "JL Jonassen",
              "bowler": "H Kaur",
              "non_striker": "CR Knott",
              "runs": {
                "batter": 1,
                "extras": 0,
                "total": 1
              }
            },
            {
              "batter": "CR Knott",
              "bowler": "H Kaur",
              "non_striker": "JL Jonassen",
              "runs": {
                "batter": 2,
                "extras": 0,
                "total": 2
              }
            },
            {
              "batter": "CR Knott",
              "bowler": "H Kaur",
              "non_striker": "JL Jonassen",
              "runs": {
                "batter": 0,
                "extras": 0,
                "total": 0
              }
            },
            {
              "batter": "CR Knott",
              "bowler": "H Kaur",
              "non_striker": "JL Jonassen",
              "runs": {
                "batter": 1,
                "extras": 0,
                "total": 1
              }
            }
          ]
        },
        {
          "over": 16,
          "deliveries": [
            {
              "batter": "CR Knott",
              "bowler": "G Prestwidge",
              "non_striker": "JL Jonassen",
              "runs": {
                "batter": 0,
                "extras": 0,
                "total": 0
              }
            },
            {
              "batter": "CR Knott",
              "bowler": "G Prestwidge",
              "non_striker": "JL Jonassen",
              "runs": {
                "batter": 1,
                "extras": 0,
                "total": 1
              }
            },
            {
              "batter": "JL Jonassen",
              "bowler": "G Prestwidge",
              "extras": {
                "wides": 1
              },
              "non_striker": "CR Knott",
              "runs": {
                "batter": 0,
                "extras": 1,
                "total": 1
              }
            },
            {
              "batter": "JL Jonassen",
              "bowler": "G Prestwidge",
              "non_striker": "CR Knott",
              "runs": {
                "batter": 2,
                "extras": 0,
                "total": 2
              }
            },
            {
              "batter": "JL Jonassen",
              "bowler": "G Prestwidge",
              "non_striker": "CR Knott",
              "runs": {
                "batter": 1,
                "extras": 0,
                "total": 1
              }
            },
            {
              "batter": "CR Knott",
              "bowler": "G Prestwidge",
              "non_striker": "JL Jonassen",
              "runs": {
                "batter": 0,
                "extras": 0,
                "total": 0
              },
              "wickets": [
                {
                  "player_out": "CR Knott",
                  "fielders": [
                    {
                      "name": "HK Matthews"
                    }
                  ],
                  "kind": "caught"
                }
              ]
            },
            {
              "batter": "NM Hancock",
              "bowler": "G Prestwidge",
              "non_striker": "JL Jonassen",
              "runs": {
                "batter": 4,
                "extras": 0,
                "total": 4
              }
            }
          ]
        },
        {
          "over": 17,
          "deliveries": [
            {
              "batter": "JL Jonassen",
              "bowler": "H Kaur",
              "non_striker": "NM Hancock",
              "runs": {
                "batter": 1,
                "extras": 0,
                "total": 1
              }
            },
            {
              "batter": "NM Hancock",
              "bowler": "H Kaur",
              "extras": {
                "wides": 1
              },
              "non_striker": "JL Jonassen",
              "runs": {
                "batter": 0,
                "extras": 1,
                "total": 1
              }
            },
            {
              "batter": "NM Hancock",
              "bowler": "H Kaur",
              "non_striker": "JL Jonassen",
              "runs": {
                "batter": 0,
                "extras": 0,
                "total": 0
              }
            },
            {
              "batter": "NM Hancock",
              "bowler": "H Kaur",
              "extras": {
                "wides": 1
              },
              "non_striker": "JL Jonassen",
              "runs": {
                "batter": 0,
                "extras": 1,
                "total": 1
              }
            },
            {
              "batter": "NM Hancock",
              "bowler": "H Kaur",
              "non_striker": "JL Jonassen",
              "runs": {
                "batter": 1,
                "extras": 0,
                "total": 1
              }
            },
            {
              "batter": "JL Jonassen",
              "bowler": "H Kaur",
              "non_striker": "NM Hancock",
              "runs": {
                "batter": 4,
                "extras": 0,
                "total": 4
              }
            },
            {
              "batter": "JL Jonassen",
              "bowler": "H Kaur",
              "non_striker": "NM Hancock",
              "runs": {
                "batter": 4,
                "extras": 0,
                "total": 4
              }
            },
            {
              "batter": "JL Jonassen",
              "bowler": "H Kaur",
              "extras": {
                "wides": 1
              },
              "non_striker": "NM Hancock",
              "runs": {
                "batter": 0,
                "extras": 1,
                "total": 1
              }
            },
            {
              "batter": "JL Jonassen",
              "bowler": "H Kaur",
              "non_striker": "NM Hancock",
              "runs": {
                "batter": 4,
                "extras": 0,
                "total": 4
              }
            }
          ]
        },
        {
          "over": 18,
          "deliveries": [
            {
              "batter": "NM Hancock",
              "bowler": "SJ Coyte",
              "non_striker": "JL Jonassen",
              "runs": {
                "batter": 1,
                "extras": 0,
                "total": 1
              }
            },
            {
              "batter": "JL Jonassen",
              "bowler": "SJ Coyte",
              "non_striker": "NM Hancock",
              "runs": {
                "batter": 0,
                "extras": 0,
                "total": 0
              },
              "wickets": [
                {
                  "player_out": "JL Jonassen",
                  "fielders": [
                    {
                      "name": "H Kaur"
                    }
                  ],
                  "kind": "caught"
                }
              ]
            },
            {
              "batter": "CG Sippel",
              "bowler": "SJ Coyte",
              "non_striker": "NM Hancock",
              "runs": {
                "batter": 0,
                "extras": 0,
                "total": 0
              }
            },
            {
              "batter": "CG Sippel",
              "bowler": "SJ Coyte",
              "non_striker": "NM Hancock",
              "runs": {
                "batter": 1,
                "extras": 0,
                "total": 1
              }
            },
            {
              "batter": "NM Hancock",
              "bowler": "SJ Coyte",
              "non_striker": "CG Sippel",
              "runs": {
                "batter": 6,
                "extras": 0,
                "total": 6
              }
            },
            {
              "batter": "NM Hancock",
              "bowler": "SJ Coyte",
              "non_striker": "CG Sippel",
              "runs": {
                "batter": 4,
                "extras": 0,
                "total": 4
              }
            }
          ]
        },
        {
          "over": 19,
          "deliveries": [
            {
              "batter": "CG Sippel",
              "bowler": "HK Matthews",
              "non_striker": "NM Hancock",
              "runs": {
                "batter": 1,
                "extras": 0,
                "total": 1
              }
            },
            {
              "batter": "NM Hancock",
              "bowler": "HK Matthews",
              "non_striker": "CG Sippel",
              "runs": {
                "batter": 1,
                "extras": 0,
                "total": 1
              }
            },
            {
              "batter": "CG Sippel",
              "bowler": "HK Matthews",
              "non_striker": "NM Hancock",
              "runs": {
                "batter": 0,
                "extras": 0,
                "total": 0
              }
            },
            {
              "batter": "CG Sippel",
              "bowler": "HK Matthews",
              "non_striker": "NM Hancock",
              "runs": {
                "batter": 1,
                "extras": 0,
                "total": 1
              }
            },
            {
              "batter": "NM Hancock",
              "bowler": "HK Matthews",
              "non_striker": "CG Sippel",
              "runs": {
                "batter": 0,
                "extras": 0,
                "total": 0
              }
            },
            {
              "batter": "NM Hancock",
              "bowler": "HK Matthews",
              "non_striker": "CG Sippel",
              "runs": {
                "batter": 0,
                "extras": 0,
                "total": 0
              },
              "wickets": [
                {
                  "player_out": "CG Sippel",
                  "fielders": [
                    {
                      "name": "JE Dooley"
                    },
                    {
                      "name": "HK Matthews"
                    }
                  ],
                  "kind": "run out"
                }
              ]
            }
          ]
        }
      ],
      "powerplays": [
        {
          "from": 0.1,
          "to": 3.6,
          "type": "mandatory"
        },
        {
          "from": 11.1,
          "to": 12.6,
          "type": "batting"
        }
      ],
      "target": {
        "overs": 20,
        "runs": 170
      }
    }
  ]
}